"quote_id","category_id","category_zh_hant","psychological_need_zh_hant","quote_direction_zh_hant","original_language","quote_original","quote_en","quote_zh_hant","author_en","author_zh_hant","speaker","source_title","source_location","source_url","source_text_url","original_publication_period","author_death","rights_jurisdiction","copyright_status","copyright_basis_zh","copyright_rule_url","author_or_text_evidence_url","translation_note","content_tags","editorial_notes","checked_date"
"HCQ0141","C01","好攰，想抖吓","容許休息、照顧身體、接受分擔","承認疲累，留白與休息不必靠表現換取；不催促繼續撐下去。","English（公版英譯來源；古代經文原語非英語）","Come away into a deserted place, and rest awhile.","Come away into a deserted place, and rest awhile.","到一個安靜無人的地方，休息一會吧。","Mark (traditional attribution)","馬可（傳統歸屬）","耶穌（福音書所記）","The Holy Bible — Mark／《聖經·馬可福音》（World English Bible, engwebp）","Mark 6:31／馬可福音 6:31（節錄）","https://ebible.org/engwebp/MRK06.htm#V31","https://ebible.org/engwebp/MRK06.htm#V31","古代經文；World English Bible 2020 stable text edition（engwebp；2026-09-21核對）","古代作者；現代英譯依出版方公版聲明，不以譯者死亡年限判斷","Hong Kong","Public domain dedication — publisher statement; Hong Kong use assessment","古代聖經文本；所用World English Bible英譯由出版方明確獻予公有領域，並允許複製、分發、出售及引用；不是依賴現代譯者死亡年限。繁體中文為本次由此英譯新譯，並非WEB官方中文版。","https://ebible.org/engwebp/copyright.htm","https://ebible.org/engwebp/copyright.htm","原文及英文欄為World English Bible英譯，並非古代原語；繁體中文為2026-09-21獨立新譯，非WEB官方中文版。","護老者; 文學陪伴; C01; 好攰，想抖吓; 基督宗教; faith:christian","原文已與source_text_url所列文本核對，忽略排版空白及標點差異；保留摘句邊界。護老者情境配對屬編輯判斷，並非原作者的臨床建議。 宗教來源已標籤，宜依使用者意願顯示；不把信仰教導當成必須遵守的要求。","2026-09-21"
"HCQ0072","C01","好攰，想抖吓","容許休息、照顧身體、接受分擔","承認疲累，留白與休息不必靠表現換取；不催促繼續撐下去。","English","I love a broad margin to my life.","I love a broad margin to my life.","我喜歡在生活裏，留下一片寬闊的空白。","Henry David Thoreau","亨利・大衛・梭羅","亨利・大衛・梭羅","Walden／《湖濱散記》","Walden — Sounds","https://www.gutenberg.org/ebooks/205","https://www.gutenberg.org/cache/epub/205/pg205.txt","1854","1862","Hong Kong","Public domain original — research assessment","原作者卒於1862年，已超過香港文學作品一般作者身後50年的保護期；只取歷史原文，不含現代譯文、編者註解或版面。","https://www.ip.gov.hk/en/types-of-ip/copyright/duration-of-copyright/index.html","https://www.gutenberg.org/ebooks/205","英文保留來源摘句；繁體中文為2026-09-21獨立新譯，以香港讀者易讀的白話表達，未把護老者情境加進引文本身。","護老者; 文學陪伴; C01; 好攰，想抖吓; 文學／哲思","原文已與source_text_url所列文本核對，忽略排版空白及標點差異；保留摘句邊界。護老者情境配對屬編輯判斷，並非原作者的臨床建議。","2026-09-21"
"HCQ0054","C01","好攰，想抖吓","容許休息、照顧身體、接受分擔","承認疲累，留白與休息不必靠表現換取；不催促繼續撐下去。","English","Why should we live with such hurry and waste of life?","Why should we live with such hurry and waste of life?","我們為甚麼要如此匆忙，反而把生命耗掉？","Henry David Thoreau","亨利・大衛・梭羅","亨利・大衛・梭羅","Walden／《湖濱散記》","Walden — Where I Lived, and What I Lived For","https://www.gutenberg.org/ebooks/205","https://www.gutenberg.org/cache/epub/205/pg205.txt","1854","1862","Hong Kong","Public domain original — research assessment","原作者卒於1862年，已超過香港文學作品一般作者身後50年的保護期；只取歷史原文，不含現代譯文、編者註解或版面。","https://www.ip.gov.hk/en/types-of-ip/copyright/duration-of-copyright/index.html","https://www.gutenberg.org/ebooks/205","英文保留來源摘句；繁體中文為2026-09-21獨立新譯，以香港讀者易讀的白話表達，未把護老者情境加進引文本身。","護老者; 文學陪伴; C01; 好攰，想抖吓; 文學／哲思","原文已與source_text_url所列文本核對，忽略排版空白及標點差異；保留摘句邊界。護老者情境配對屬編輯判斷，並非原作者的臨床建議。","2026-09-21"
"HCQ0104","C01","好攰，想抖吓","容許休息、照顧身體、接受分擔","承認疲累，留白與休息不必靠表現換取；不催促繼續撐下去。","English","Why should we be in such desperate haste to succeed, and in such desperate enterprises?","Why should we be in such desperate haste to succeed, and in such desperate enterprises?","我們為甚麼非要如此焦急地追求成功，投入如此拼命的奔忙？","Henry David Thoreau","亨利・大衛・梭羅","亨利・大衛・梭羅","Walden／《湖濱散記》","Walden — Conclusion","https://www.gutenberg.org/ebooks/205","https://www.gutenberg.org/cache/epub/205/pg205.txt","1854","1862","Hong Kong","Public domain original — research assessment","原作者卒於1862年，已超過香港文學作品一般作者身後50年的保護期；只取歷史原文，不含現代譯文、編者註解或版面。","https://www.ip.gov.hk/en/types-of-ip/copyright/duration-of-copyright/index.html","https://www.gutenberg.org/ebooks/205","英文保留來源摘句；繁體中文為2026-09-21獨立新譯，以香港讀者易讀的白話表達，未把護老者情境加進引文本身。","護老者; 文學陪伴; C01; 好攰，想抖吓; 文學／哲思","原文已與source_text_url所列文本核對，忽略排版空白及標點差異；保留摘句邊界。護老者情境配對屬編輯判斷，並非原作者的臨床建議。","2026-09-21"
"HCQ0088","C01","好攰，想抖吓","容許休息、照顧身體、接受分擔","承認疲累，留白與休息不必靠表現換取；不催促繼續撐下去。","文言中文","持而盈之，不如其已；揣而銳之，不可長保。","Rather than keep filling what is already full, stop; an edge sharpened too keenly cannot be preserved for long.","握住已滿的杯還要再添，不如及時停下；把鋒刃磨得太尖，也難以長久保持。","Laozi (traditional attribution)","老子（傳統歸屬）","老子（傳統歸屬）","《道德經》","第9章","https://ctext.org/dao-de-jing","https://ctext.org/dao-de-jing","先秦古籍","古代；生卒年未確定","Hong Kong","Public domain original — research assessment","先秦／漢代傳世古籍原文，歷史作者及文本年代已遠超一般版權期限；只取古文，不含網站現代譯注或版面。","https://www.ip.gov.hk/en/types-of-ip/copyright/duration-of-copyright/index.html","https://ctext.org/dao-de-jing","古文保留來源文字；繁體中文白話及英文均為2026-09-21獨立新譯。","護老者; 文學陪伴; C01; 好攰，想抖吓; 中國古典哲學","原文已與source_text_url所列文本核對，忽略排版空白及標點差異；保留摘句邊界。護老者情境配對屬編輯判斷，並非原作者的臨床建議。","2026-09-21"
"HCQ0017","C01","好攰，想抖吓","容許休息、照顧身體、接受分擔","承認疲累，留白與休息不必靠表現換取；不催促繼續撐下去。","文言中文","知止所以不殆。","Knowing when to stop is how one avoids danger.","懂得何時停下，才能免於危險。","Laozi (traditional attribution)","老子（傳統歸屬）","老子（傳統歸屬）","《道德經》","第32章","https://ctext.org/dao-de-jing","https://ctext.org/dao-de-jing","先秦古籍","古代；生卒年未確定","Hong Kong","Public domain original — research assessment","先秦／漢代傳世古籍原文，歷史作者及文本年代已遠超一般版權期限；只取古文，不含網站現代譯注或版面。","https://www.ip.gov.hk/en/types-of-ip/copyright/duration-of-copyright/index.html","https://ctext.org/dao-de-jing","古文保留來源文字；繁體中文白話及英文均為2026-09-21獨立新譯。","護老者; 文學陪伴; C01; 好攰，想抖吓; 中國古典哲學","原文已與source_text_url所列文本核對，忽略排版空白及標點差異；保留摘句邊界。護老者情境配對屬編輯判斷，並非原作者的臨床建議。","2026-09-21"
"HCQ0103","C01","好攰，想抖吓","容許休息、照顧身體、接受分擔","承認疲累，留白與休息不必靠表現換取；不催促繼續撐下去。","文言中文","知足不辱，知止不殆，可以長久。","Knowing enough avoids humiliation; knowing when to stop avoids danger. In this way one can last.","懂得知足，便少受屈辱；知道適可而止，便少陷危險，才能走得長久。","Laozi (traditional attribution)","老子（傳統歸屬）","老子（傳統歸屬）","《道德經》","第44章","https://ctext.org/dao-de-jing","https://ctext.org/dao-de-jing","先秦古籍","古代；生卒年未確定","Hong Kong","Public domain original — research assessment","先秦／漢代傳世古籍原文，歷史作者及文本年代已遠超一般版權期限；只取古文，不含網站現代譯注或版面。","https://www.ip.gov.hk/en/types-of-ip/copyright/duration-of-copyright/index.html","https://ctext.org/dao-de-jing","古文保留來源文字；繁體中文白話及英文均為2026-09-21獨立新譯。","護老者; 文學陪伴; C01; 好攰，想抖吓; 中國古典哲學","原文已與source_text_url所列文本核對，忽略排版空白及標點差異；保留摘句邊界。護老者情境配對屬編輯判斷，並非原作者的臨床建議。 知足並不等於放棄合理需要或經濟支援。","2026-09-21"
"HCQ0098","C01","好攰，想抖吓","容許休息、照顧身體、接受分擔","承認疲累，留白與休息不必靠表現換取；不催促繼續撐下去。","文言中文","企者不立；跨者不行。","One who stands on tiptoe cannot stand firmly; one who overstrides cannot walk well.","踮着腳難以站穩，步子跨得過大，也難以走遠。","Laozi (traditional attribution)","老子（傳統歸屬）","老子（傳統歸屬）","《道德經》","第24章","https://ctext.org/dao-de-jing","https://ctext.org/dao-de-jing","先秦古籍","古代；生卒年未確定","Hong Kong","Public domain original — research assessment","先秦／漢代傳世古籍原文，歷史作者及文本年代已遠超一般版權期限；只取古文，不含網站現代譯注或版面。","https://www.ip.gov.hk/en/types-of-ip/copyright/duration-of-copyright/index.html","https://ctext.org/dao-de-jing","古文保留來源文字；繁體中文白話及英文均為2026-09-21獨立新譯。","護老者; 文學陪伴; C01; 好攰，想抖吓; 中國古典哲學","原文已與source_text_url所列文本核對，忽略排版空白及標點差異；保留摘句邊界。護老者情境配對屬編輯判斷，並非原作者的臨床建議。","2026-09-21"
"HCQ0111","C01","好攰，想抖吓","容許休息、照顧身體、接受分擔","承認疲累，留白與休息不必靠表現換取；不催促繼續撐下去。","English","Even your body knows its heritage and its rightful need and will not be deceived.","Even your body knows its heritage and its rightful need and will not be deceived.","連你的身體，也知道它承接的一切與應有的需要，不會被蒙騙。","Kahlil Gibran","紀伯倫","Almustafa／阿爾穆斯塔法（作品人物）","The Prophet／《先知》","On Pleasure","https://www.gutenberg.org/ebooks/58585","https://www.gutenberg.org/cache/epub/58585/pg58585.txt","1923","1931","Hong Kong","Public domain original — research assessment","原作者卒於1931年，已超過香港文學作品一般作者身後50年的保護期；只取歷史原文，不含現代譯文、編者註解或版面。","https://www.ip.gov.hk/en/types-of-ip/copyright/duration-of-copyright/index.html","https://www.gutenberg.org/ebooks/58585","英文保留來源摘句；繁體中文為2026-09-21獨立新譯，以香港讀者易讀的白話表達，未把護老者情境加進引文本身。","護老者; 文學陪伴; C01; 好攰，想抖吓; 寓言散文詩; 靈性文學","原文已與source_text_url所列文本核對，忽略排版空白及標點差異；保留摘句邊界。護老者情境配對屬編輯判斷，並非原作者的臨床建議。 說話者為作品人物Almustafa，並非作者訪談。","2026-09-21"
"HCQ0159","C01","好攰，想抖吓","容許休息、照顧身體、接受分擔","承認疲累，留白與休息不必靠表現換取；不催促繼續撐下去。","English","If you tire, give me both burdens, and rest the chuff of your hand on my hip, And in due time you shall repay the same service to me,","If you tire, give me both burdens, and rest the chuff of your hand on my hip, And in due time you shall repay the same service to me,","你若累了，就把兩份行李都交給我，將手掌靠在我的腰旁歇一歇；到了合適的時候，你也可以這樣幫助我。","Walt Whitman","華特・惠特曼","詩中抒情者","Leaves of Grass／《草葉集》","Song of Myself, 46","https://www.gutenberg.org/ebooks/1322","https://www.gutenberg.org/cache/epub/1322/pg1322.txt","1855–1892（多次增訂）","1892","Hong Kong","Public domain original — research assessment","原作者卒於1892年，已超過香港文學作品一般作者身後50年的保護期；只取歷史原文，不含現代譯文、編者註解或版面。","https://www.ip.gov.hk/en/types-of-ip/copyright/duration-of-copyright/index.html","https://www.gutenberg.org/ebooks/1322","英文保留來源摘句；繁體中文為2026-09-21獨立新譯，以香港讀者易讀的白話表達，未把護老者情境加進引文本身。","護老者; 文學陪伴; C01; 好攰，想抖吓; 文學／哲思","原文已與source_text_url所列文本核對，忽略排版空白及標點差異；保留摘句邊界。護老者情境配對屬編輯判斷，並非原作者的臨床建議。 互助的文學描寫；求助不以日後有能力回報為前提。","2026-09-21"
"HCQ0021","C01","好攰，想抖吓","容許休息、照顧身體、接受分擔","承認疲累，留白與休息不必靠表現換取；不催促繼續撐下去。","English","For to the fruit giving is a need, as receiving is a need to the root.","For to the fruit giving is a need, as receiving is a need to the root.","果實需要給予，正如樹根需要接收。","Kahlil Gibran","紀伯倫","Almustafa／阿爾穆斯塔法（作品人物）","The Prophet／《先知》","On Good and Evil","https://www.gutenberg.org/ebooks/58585","https://www.gutenberg.org/cache/epub/58585/pg58585.txt","1923","1931","Hong Kong","Public domain original — research assessment","原作者卒於1931年，已超過香港文學作品一般作者身後50年的保護期；只取歷史原文，不含現代譯文、編者註解或版面。","https://www.ip.gov.hk/en/types-of-ip/copyright/duration-of-copyright/index.html","https://www.gutenberg.org/ebooks/58585","英文保留來源摘句；繁體中文為2026-09-21獨立新譯，以香港讀者易讀的白話表達，未把護老者情境加進引文本身。","護老者; 文學陪伴; C01; 好攰，想抖吓; 寓言散文詩; 靈性文學","原文已與source_text_url所列文本核對，忽略排版空白及標點差異；保留摘句邊界。護老者情境配對屬編輯判斷，並非原作者的臨床建議。 說話者為作品人物Almustafa，並非作者訪談。","2026-09-21"
"HCQ0074","C01","好攰，想抖吓","容許休息、照顧身體、接受分擔","承認疲累，留白與休息不必靠表現換取；不催促繼續撐下去。","English","And what desert greater shall there be, than that which lies in the courage and the confidence, nay the charity, of receiving?","And what desert greater shall there be, than that which lies in the courage and the confidence, nay the charity, of receiving?","還有甚麼比願意接受時的勇氣、信任，甚至善意，更值得被珍惜？","Kahlil Gibran","紀伯倫","Almustafa／阿爾穆斯塔法（作品人物）","The Prophet／《先知》","On Giving","https://www.gutenberg.org/ebooks/58585","https://www.gutenberg.org/cache/epub/58585/pg58585.txt","1923","1931","Hong Kong","Public domain original — research assessment","原作者卒於1931年，已超過香港文學作品一般作者身後50年的保護期；只取歷史原文，不含現代譯文、編者註解或版面。","https://www.ip.gov.hk/en/types-of-ip/copyright/duration-of-copyright/index.html","https://www.gutenberg.org/ebooks/58585","英文保留來源摘句；繁體中文為2026-09-21獨立新譯，以香港讀者易讀的白話表達，未把護老者情境加進引文本身。","護老者; 文學陪伴; C01; 好攰，想抖吓; 寓言散文詩; 靈性文學","原文已與source_text_url所列文本核對，忽略排版空白及標點差異；保留摘句邊界。護老者情境配對屬編輯判斷，並非原作者的臨床建議。 說話者為作品人物Almustafa，並非作者訪談。","2026-09-21"
"HCQ0068","C01","好攰，想抖吓","容許休息、照顧身體、接受分擔","承認疲累，留白與休息不必靠表現換取；不催促繼續撐下去。","English","But let there be spaces in your togetherness, And let the winds of the heavens dance between you.","But let there be spaces in your togetherness, And let the winds of the heavens dance between you.","即使相伴，也為彼此留些空間，讓風能在你們之間起舞。","Kahlil Gibran","紀伯倫","Almustafa／阿爾穆斯塔法（作品人物）","The Prophet／《先知》","On Marriage","https://www.gutenberg.org/ebooks/58585","https://www.gutenberg.org/cache/epub/58585/pg58585.txt","1923","1931","Hong Kong","Public domain original — research assessment","原作者卒於1931年，已超過香港文學作品一般作者身後50年的保護期；只取歷史原文，不含現代譯文、編者註解或版面。","https://www.ip.gov.hk/en/types-of-ip/copyright/duration-of-copyright/index.html","https://www.gutenberg.org/ebooks/58585","英文保留來源摘句；繁體中文為2026-09-21獨立新譯，以香港讀者易讀的白話表達，未把護老者情境加進引文本身。","護老者; 文學陪伴; C01; 好攰，想抖吓; 寓言散文詩; 靈性文學","原文已與source_text_url所列文本核對，忽略排版空白及標點差異；保留摘句邊界。護老者情境配對屬編輯判斷，並非原作者的臨床建議。 說話者為作品人物Almustafa，並非作者訪談。 原作談友誼、婚姻或親子等人際關係；此處借作界線與尊重的思考。","2026-09-21"
"HCQ0031","C01","好攰，想抖吓","容許休息、照顧身體、接受分擔","承認疲累，留白與休息不必靠表現換取；不催促繼續撐下去。","English","And stand together yet not too near together: For the pillars of the temple stand apart, And the oak tree and the cypress grow not in each other’s shadow.","And stand together yet not too near together: For the pillars of the temple stand apart, And the oak tree and the cypress grow not in each other’s shadow.","站在一起，也留一點距離：殿堂的柱子各自站立，橡樹與柏樹也不在彼此的陰影裏生長。","Kahlil Gibran","紀伯倫","Almustafa／阿爾穆斯塔法（作品人物）","The Prophet／《先知》","On Marriage","https://www.gutenberg.org/ebooks/58585","https://www.gutenberg.org/cache/epub/58585/pg58585.txt","1923","1931","Hong Kong","Public domain original — research assessment","原作者卒於1931年，已超過香港文學作品一般作者身後50年的保護期；只取歷史原文，不含現代譯文、編者註解或版面。","https://www.ip.gov.hk/en/types-of-ip/copyright/duration-of-copyright/index.html","https://www.gutenberg.org/ebooks/58585","英文保留來源摘句；繁體中文為2026-09-21獨立新譯，以香港讀者易讀的白話表達，未把護老者情境加進引文本身。","護老者; 文學陪伴; C01; 好攰，想抖吓; 寓言散文詩; 靈性文學","原文已與source_text_url所列文本核對，忽略排版空白及標點差異；保留摘句邊界。護老者情境配對屬編輯判斷，並非原作者的臨床建議。 說話者為作品人物Almustafa，並非作者訪談。 原作談友誼、婚姻或親子等人際關係；此處借作界線與尊重的思考。","2026-09-21"
"HCQ0026","C01","好攰，想抖吓","容許休息、照顧身體、接受分擔","承認疲累，留白與休息不必靠表現換取；不催促繼續撐下去。","English","We must be our own before we can be another's.","We must be our own before we can be another's.","我們先要屬於自己，才能屬於另一個人。","Ralph Waldo Emerson","拉爾夫・沃爾多・愛默生","拉爾夫・沃爾多・愛默生","Essays／《論文集》","Friendship","https://www.gutenberg.org/ebooks/16643","https://www.gutenberg.org/cache/epub/16643/pg16643.txt","1841（所選文章）","1882","Hong Kong","Public domain original — research assessment","原作者卒於1882年，已超過香港文學作品一般作者身後50年的保護期；只取歷史原文，不含現代譯文、編者註解或版面。","https://www.ip.gov.hk/en/types-of-ip/copyright/duration-of-copyright/index.html","https://www.gutenberg.org/ebooks/16643","英文保留來源摘句；繁體中文為2026-09-21獨立新譯，以香港讀者易讀的白話表達，未把護老者情境加進引文本身。","護老者; 文學陪伴; C01; 好攰，想抖吓; 文學／哲思","原文已與source_text_url所列文本核對，忽略排版空白及標點差異；保留摘句邊界。護老者情境配對屬編輯判斷，並非原作者的臨床建議。","2026-09-21"
"HCQ0027","C01","好攰，想抖吓","容許休息、照顧身體、接受分擔","承認疲累，留白與休息不必靠表現換取；不催促繼續撐下去。","English","You are good when you walk to your goal firmly and with bold steps. Yet you are not evil when you go thither limping.","You are good when you walk to your goal firmly and with bold steps. Yet you are not evil when you go thither limping.","你堅定地走向目標，是好的；即使你一拐一拐地前行，也不代表你不好。","Kahlil Gibran","紀伯倫","Almustafa／阿爾穆斯塔法（作品人物）","The Prophet／《先知》","On Good and Evil","https://www.gutenberg.org/ebooks/58585","https://www.gutenberg.org/cache/epub/58585/pg58585.txt","1923","1931","Hong Kong","Public domain original — research assessment","原作者卒於1931年，已超過香港文學作品一般作者身後50年的保護期；只取歷史原文，不含現代譯文、編者註解或版面。","https://www.ip.gov.hk/en/types-of-ip/copyright/duration-of-copyright/index.html","https://www.gutenberg.org/ebooks/58585","英文保留來源摘句；繁體中文為2026-09-21獨立新譯，以香港讀者易讀的白話表達，未把護老者情境加進引文本身。","護老者; 文學陪伴; C01; 好攰，想抖吓; 寓言散文詩; 靈性文學","原文已與source_text_url所列文本核對，忽略排版空白及標點差異；保留摘句邊界。護老者情境配對屬編輯判斷，並非原作者的臨床建議。 說話者為作品人物Almustafa，並非作者訪談。","2026-09-21"
"HCQ0049","C01","好攰，想抖吓","容許休息、照顧身體、接受分擔","承認疲累，留白與休息不必靠表現換取；不催促繼續撐下去。","English","You are good when you are one with yourself. Yet when you are not one with yourself you are not evil.","You are good when you are one with yourself. Yet when you are not one with yourself you are not evil.","與自己和諧相處，是好的；暫時做不到，也不表示你不好。","Kahlil Gibran","紀伯倫","Almustafa／阿爾穆斯塔法（作品人物）","The Prophet／《先知》","On Good and Evil","https://www.gutenberg.org/ebooks/58585","https://www.gutenberg.org/cache/epub/58585/pg58585.txt","1923","1931","Hong Kong","Public domain original — research assessment","原作者卒於1931年，已超過香港文學作品一般作者身後50年的保護期；只取歷史原文，不含現代譯文、編者註解或版面。","https://www.ip.gov.hk/en/types-of-ip/copyright/duration-of-copyright/index.html","https://www.gutenberg.org/ebooks/58585","英文保留來源摘句；繁體中文為2026-09-21獨立新譯，以香港讀者易讀的白話表達，未把護老者情境加進引文本身。","護老者; 文學陪伴; C01; 好攰，想抖吓; 寓言散文詩; 靈性文學","原文已與source_text_url所列文本核對，忽略排版空白及標點差異；保留摘句邊界。護老者情境配對屬編輯判斷，並非原作者的臨床建議。 說話者為作品人物Almustafa，並非作者訪談。","2026-09-21"
"HCQ0053","C01","好攰，想抖吓","容許休息、照顧身體、接受分擔","承認疲累，留白與休息不必靠表現換取；不催促繼續撐下去。","文言中文","自知不自見；自愛不自貴。","Know yourself without making a display; love yourself without placing yourself above others.","了解自己而不炫耀，珍愛自己而不自抬身價。","Laozi (traditional attribution)","老子（傳統歸屬）","老子（傳統歸屬）","《道德經》","第72章","https://ctext.org/dao-de-jing","https://ctext.org/dao-de-jing","先秦古籍","古代；生卒年未確定","Hong Kong","Public domain original — research assessment","先秦／漢代傳世古籍原文，歷史作者及文本年代已遠超一般版權期限；只取古文，不含網站現代譯注或版面。","https://www.ip.gov.hk/en/types-of-ip/copyright/duration-of-copyright/index.html","https://ctext.org/dao-de-jing","古文保留來源文字；繁體中文白話及英文均為2026-09-21獨立新譯。","護老者; 文學陪伴; C01; 好攰，想抖吓; 中國古典哲學","原文已與source_text_url所列文本核對，忽略排版空白及標點差異；保留摘句邊界。護老者情境配對屬編輯判斷，並非原作者的臨床建議。","2026-09-21"
"HCQ0059","C01","好攰，想抖吓","容許休息、照顧身體、接受分擔","承認疲累，留白與休息不必靠表現換取；不催促繼續撐下去。","文言中文","大成若缺，其用不弊。","Great completeness seems imperfect, yet its usefulness does not fail.","最完整的成就，看來也可能有所欠缺，卻不妨礙它發揮作用。","Laozi (traditional attribution)","老子（傳統歸屬）","老子（傳統歸屬）","《道德經》","第45章","https://ctext.org/dao-de-jing","https://ctext.org/dao-de-jing","先秦古籍","古代；生卒年未確定","Hong Kong","Public domain original — research assessment","先秦／漢代傳世古籍原文，歷史作者及文本年代已遠超一般版權期限；只取古文，不含網站現代譯注或版面。","https://www.ip.gov.hk/en/types-of-ip/copyright/duration-of-copyright/index.html","https://ctext.org/dao-de-jing","古文保留來源文字；繁體中文白話及英文均為2026-09-21獨立新譯。","護老者; 文學陪伴; C01; 好攰，想抖吓; 中國古典哲學","原文已與source_text_url所列文本核對，忽略排版空白及標點差異；保留摘句邊界。護老者情境配對屬編輯判斷，並非原作者的臨床建議。","2026-09-21"
"HCQ0048","C01","好攰，想抖吓","容許休息、照顧身體、接受分擔","承認疲累，留白與休息不必靠表現換取；不催促繼續撐下去。","English","If a man does not keep pace with his companions, perhaps it is because he hears a different drummer. Let him step to the music which he hears, however measured or far away.","If a man does not keep pace with his companions, perhaps it is because he hears a different drummer. Let him step to the music which he hears, however measured or far away.","有人跟不上同伴，也許只是聽見了不同的鼓聲。讓他按自己聽見的節奏走吧，不管那節奏多慢、多遠。","Henry David Thoreau","亨利・大衛・梭羅","亨利・大衛・梭羅","Walden／《湖濱散記》","Walden — Conclusion","https://www.gutenberg.org/ebooks/205","https://www.gutenberg.org/cache/epub/205/pg205.txt","1854","1862","Hong Kong","Public domain original — research assessment","原作者卒於1862年，已超過香港文學作品一般作者身後50年的保護期；只取歷史原文，不含現代譯文、編者註解或版面。","https://www.ip.gov.hk/en/types-of-ip/copyright/duration-of-copyright/index.html","https://www.gutenberg.org/ebooks/205","英文保留來源摘句；繁體中文為2026-09-21獨立新譯，以香港讀者易讀的白話表達，未把護老者情境加進引文本身。","護老者; 文學陪伴; C01; 好攰，想抖吓; 文學／哲思","原文已與source_text_url所列文本核對，忽略排版空白及標點差異；保留摘句邊界。護老者情境配對屬編輯判斷，並非原作者的臨床建議。","2026-09-21"
"HCQ0169","C01","好攰，想抖吓","容許休息、照顧身體、接受分擔","承認疲累，留白與休息不必靠表現換取；不催促繼續撐下去。","文言中文","故有之以為利，無之以為用。","What is present offers benefit; the empty space makes it useful.","實有的部分帶來便利，留空的部分則讓它發揮用途。","Laozi (traditional attribution)","老子（傳統歸屬）","老子（傳統歸屬）","《道德經》","第11章","https://ctext.org/dao-de-jing","https://ctext.org/dao-de-jing","先秦古籍","古代；生卒年未確定","Hong Kong","Public domain original — research assessment","先秦／漢代傳世古籍原文，歷史作者及文本年代已遠超一般版權期限；只取古文，不含網站現代譯注或版面。","https://www.ip.gov.hk/en/types-of-ip/copyright/duration-of-copyright/index.html","https://ctext.org/dao-de-jing","古文保留來源文字；繁體中文白話及英文均為2026-09-21獨立新譯。","護老者; 文學陪伴; C01; 好攰，想抖吓; 中國古典哲學","原文已與source_text_url所列文本核對，忽略排版空白及標點差異；保留摘句邊界。護老者情境配對屬編輯判斷，並非原作者的臨床建議。","2026-09-21"
"HCQ0029","C01","好攰，想抖吓","容許休息、照顧身體、接受分擔","承認疲累，留白與休息不必靠表現換取；不催促繼續撐下去。","English","Simplicity, simplicity, simplicity!","Simplicity, simplicity, simplicity!","簡單一點，再簡單一點，讓生活簡單一點。","Henry David Thoreau","亨利・大衛・梭羅","亨利・大衛・梭羅","Walden／《湖濱散記》","Walden — Where I Lived, and What I Lived For","https://www.gutenberg.org/ebooks/205","https://www.gutenberg.org/cache/epub/205/pg205.txt","1854","1862","Hong Kong","Public domain original — research assessment","原作者卒於1862年，已超過香港文學作品一般作者身後50年的保護期；只取歷史原文，不含現代譯文、編者註解或版面。","https://www.ip.gov.hk/en/types-of-ip/copyright/duration-of-copyright/index.html","https://www.gutenberg.org/ebooks/205","英文保留來源摘句；繁體中文為2026-09-21獨立新譯，以香港讀者易讀的白話表達，未把護老者情境加進引文本身。","護老者; 文學陪伴; C01; 好攰，想抖吓; 文學／哲思","原文已與source_text_url所列文本核對，忽略排版空白及標點差異；保留摘句邊界。護老者情境配對屬編輯判斷，並非原作者的臨床建議。","2026-09-21"
"HCQ0042","C01","好攰，想抖吓","容許休息、照顧身體、接受分擔","承認疲累，留白與休息不必靠表現換取；不催促繼續撐下去。","文言中文","致虛極，守靜篤。","Reach the fullest openness within, and hold firmly to stillness.","讓心騰出空間，好好守住那份安靜。","Laozi (traditional attribution)","老子（傳統歸屬）","老子（傳統歸屬）","《道德經》","第16章","https://ctext.org/dao-de-jing","https://ctext.org/dao-de-jing","先秦古籍","古代；生卒年未確定","Hong Kong","Public domain original — research assessment","先秦／漢代傳世古籍原文，歷史作者及文本年代已遠超一般版權期限；只取古文，不含網站現代譯注或版面。","https://www.ip.gov.hk/en/types-of-ip/copyright/duration-of-copyright/index.html","https://ctext.org/dao-de-jing","古文保留來源文字；繁體中文白話及英文均為2026-09-21獨立新譯。","護老者; 文學陪伴; C01; 好攰，想抖吓; 中國古典哲學","原文已與source_text_url所列文本核對，忽略排版空白及標點差異；保留摘句邊界。護老者情境配對屬編輯判斷，並非原作者的臨床建議。","2026-09-21"
"HCQ0023","C01","好攰，想抖吓","容許休息、照顧身體、接受分擔","承認疲累，留白與休息不必靠表現換取；不催促繼續撐下去。","文言中文","孰能濁以靜之徐清？孰能安以久動之徐生？","Who can let muddied water gradually clear through stillness? Who can let what rests gradually come alive through sustained movement?","誰能讓混濁的水安靜下來，慢慢變清？誰能讓靜止的事物，隨着持續的活動慢慢生長？","Laozi (traditional attribution)","老子（傳統歸屬）","老子（傳統歸屬）","《道德經》","第15章","https://ctext.org/dao-de-jing","https://ctext.org/dao-de-jing","先秦古籍","古代；生卒年未確定","Hong Kong","Public domain original — research assessment","先秦／漢代傳世古籍原文，歷史作者及文本年代已遠超一般版權期限；只取古文，不含網站現代譯注或版面。","https://www.ip.gov.hk/en/types-of-ip/copyright/duration-of-copyright/index.html","https://ctext.org/dao-de-jing","古文保留來源文字；繁體中文白話及英文均為2026-09-21獨立新譯。","護老者; 文學陪伴; C01; 好攰，想抖吓; 中國古典哲學","原文已與source_text_url所列文本核對，忽略排版空白及標點差異；保留摘句邊界。護老者情境配對屬編輯判斷，並非原作者的臨床建議。","2026-09-21"
"HCQ0034","C01","好攰，想抖吓","容許休息、照顧身體、接受分擔","承認疲累，留白與休息不必靠表現換取；不催促繼續撐下去。","文言中文","知止而后有定，定而后能靜，靜而后能安，安而后能慮，慮而后能得。","Knowing where to rest brings steadiness; steadiness allows quiet, quiet allows ease, ease allows reflection, and reflection brings understanding.","知道安頓的方向，心才有定；有定才能靜，靜才能安，安才能思量，思量後才有所領悟。","Anonymous; traditional attribution to Zengzi and his school","作者未確定（傳統歸於曾子及其學派）","《大學》文本（作者未確定）","《禮記·大學》","《禮記·大學》首段","https://ctext.org/liji/da-xue","https://ctext.org/liji/da-xue","先秦至漢代傳世文本","古代","Hong Kong","Public domain original — research assessment","先秦／漢代傳世古籍原文，歷史作者及文本年代已遠超一般版權期限；只取古文，不含網站現代譯注或版面。","https://www.ip.gov.hk/en/types-of-ip/copyright/duration-of-copyright/index.html","https://ctext.org/liji/da-xue","古文保留來源文字；繁體中文白話及英文均為2026-09-21獨立新譯。","護老者; 文學陪伴; C01; 好攰，想抖吓; 中國古典哲學","原文已與source_text_url所列文本核對，忽略排版空白及標點差異；保留摘句邊界。護老者情境配對屬編輯判斷，並非原作者的臨床建議。","2026-09-21"
"HCQ0001","C01","好攰，想抖吓","容許休息、照顧身體、接受分擔","承認疲累，留白與休息不必靠表現換取；不催促繼續撐下去。","English","Have you peace, the quiet urge that reveals your power?","Have you peace, the quiet urge that reveals your power?","你心中有平靜嗎？那份安靜的推動力，會讓你的力量顯現。","Kahlil Gibran","紀伯倫","Almustafa／阿爾穆斯塔法（作品人物）","The Prophet／《先知》","On Houses","https://www.gutenberg.org/ebooks/58585","https://www.gutenberg.org/cache/epub/58585/pg58585.txt","1923","1931","Hong Kong","Public domain original — research assessment","原作者卒於1931年，已超過香港文學作品一般作者身後50年的保護期；只取歷史原文，不含現代譯文、編者註解或版面。","https://www.ip.gov.hk/en/types-of-ip/copyright/duration-of-copyright/index.html","https://www.gutenberg.org/ebooks/58585","英文保留來源摘句；繁體中文為2026-09-21獨立新譯，以香港讀者易讀的白話表達，未把護老者情境加進引文本身。","護老者; 文學陪伴; C01; 好攰，想抖吓; 寓言散文詩; 靈性文學","原文已與source_text_url所列文本核對，忽略排版空白及標點差異；保留摘句邊界。護老者情境配對屬編輯判斷，並非原作者的臨床建議。 說話者為作品人物Almustafa，並非作者訪談。","2026-09-21"
"HCQ0028","C01","好攰，想抖吓","容許休息、照顧身體、接受分擔","承認疲累，留白與休息不必靠表現換取；不催促繼續撐下去。","English","And the night shall be filled with music And the cares, that infest the day, Shall fold their tents, like the Arabs, And as silently steal away.","And the night shall be filled with music And the cares, that infest the day, Shall fold their tents, like the Arabs, And as silently steal away.","夜裏將充滿音樂；白天纏繞的煩憂，會像阿拉伯旅人收起帳篷那樣，悄悄離去。","Henry Wadsworth Longfellow","亨利・沃茲沃思・朗費羅","詩中抒情者","The Complete Poetical Works of Henry Wadsworth Longfellow","The Day Is Done","https://www.gutenberg.org/ebooks/1365","https://www.gutenberg.org/cache/epub/1365/pg1365.txt","19世紀（各詩篇年份不同）","1882","Hong Kong","Public domain original — research assessment","原作者卒於1882年，已超過香港文學作品一般作者身後50年的保護期；只取歷史原文，不含現代譯文、編者註解或版面。","https://www.ip.gov.hk/en/types-of-ip/copyright/duration-of-copyright/index.html","https://www.gutenberg.org/ebooks/1365","英文保留來源摘句；繁體中文為2026-09-21獨立新譯，以香港讀者易讀的白話表達，未把護老者情境加進引文本身。","護老者; 文學陪伴; C01; 好攰，想抖吓; 文學／哲思","原文已與source_text_url所列文本核對，忽略排版空白及標點差異；保留摘句邊界。護老者情境配對屬編輯判斷，並非原作者的臨床建議。 原詩使用阿拉伯旅人收起帳篷的比喻。","2026-09-21"
"HCQ0075","C01","好攰，想抖吓","容許休息、照顧身體、接受分擔","承認疲累，留白與休息不必靠表現換取；不催促繼續撐下去。","English","Come, read to me some poem, Some simple and heartfelt lay, That shall soothe this restless feeling, And banish the thoughts of day.","Come, read to me some poem, Some simple and heartfelt lay, That shall soothe this restless feeling, And banish the thoughts of day.","來，為我讀一首詩吧，一首簡單而真摯的歌，安撫這份不安，讓白天的思緒歇下。","Henry Wadsworth Longfellow","亨利・沃茲沃思・朗費羅","詩中抒情者","The Complete Poetical Works of Henry Wadsworth Longfellow","The Day Is Done","https://www.gutenberg.org/ebooks/1365","https://www.gutenberg.org/cache/epub/1365/pg1365.txt","19世紀（各詩篇年份不同）","1882","Hong Kong","Public domain original — research assessment","原作者卒於1882年，已超過香港文學作品一般作者身後50年的保護期；只取歷史原文，不含現代譯文、編者註解或版面。","https://www.ip.gov.hk/en/types-of-ip/copyright/duration-of-copyright/index.html","https://www.gutenberg.org/ebooks/1365","英文保留來源摘句；繁體中文為2026-09-21獨立新譯，以香港讀者易讀的白話表達，未把護老者情境加進引文本身。","護老者; 文學陪伴; C01; 好攰，想抖吓; 文學／哲思","原文已與source_text_url所列文本核對，忽略排版空白及標點差異；保留摘句邊界。護老者情境配對屬編輯判斷，並非原作者的臨床建議。","2026-09-21"
"HCQ0035","C01","好攰，想抖吓","容許休息、照顧身體、接受分擔","承認疲累，留白與休息不必靠表現換取；不催促繼續撐下去。","English","And forget not that the earth delights to feel your bare feet and the winds long to play with your hair.","And forget not that the earth delights to feel your bare feet and the winds long to play with your hair.","別忘了，大地喜歡感受你的赤腳，風也渴望輕拂你的頭髮。","Kahlil Gibran","紀伯倫","Almustafa／阿爾穆斯塔法（作品人物）","The Prophet／《先知》","On Clothes","https://www.gutenberg.org/ebooks/58585","https://www.gutenberg.org/cache/epub/58585/pg58585.txt","1923","1931","Hong Kong","Public domain original — research assessment","原作者卒於1931年，已超過香港文學作品一般作者身後50年的保護期；只取歷史原文，不含現代譯文、編者註解或版面。","https://www.ip.gov.hk/en/types-of-ip/copyright/duration-of-copyright/index.html","https://www.gutenberg.org/ebooks/58585","英文保留來源摘句；繁體中文為2026-09-21獨立新譯，以香港讀者易讀的白話表達，未把護老者情境加進引文本身。","護老者; 文學陪伴; C01; 好攰，想抖吓; 寓言散文詩; 靈性文學","原文已與source_text_url所列文本核對，忽略排版空白及標點差異；保留摘句邊界。護老者情境配對屬編輯判斷，並非原作者的臨床建議。 說話者為作品人物Almustafa，並非作者訪談。","2026-09-21"
"HCQ0069","C01","好攰，想抖吓","容許休息、照顧身體、接受分擔","承認疲累，留白與休息不必靠表現換取；不催促繼續撐下去。","English","We need the tonic of wildness,","We need the tonic of wildness,","我們需要大自然的野趣，為身心添一點活力。","Henry David Thoreau","亨利・大衛・梭羅","亨利・大衛・梭羅","Walden／《湖濱散記》","Walden — Spring","https://www.gutenberg.org/ebooks/205","https://www.gutenberg.org/cache/epub/205/pg205.txt","1854","1862","Hong Kong","Public domain original — research assessment","原作者卒於1862年，已超過香港文學作品一般作者身後50年的保護期；只取歷史原文，不含現代譯文、編者註解或版面。","https://www.ip.gov.hk/en/types-of-ip/copyright/duration-of-copyright/index.html","https://www.gutenberg.org/ebooks/205","英文保留來源摘句；繁體中文為2026-09-21獨立新譯，以香港讀者易讀的白話表達，未把護老者情境加進引文本身。","護老者; 文學陪伴; C01; 好攰，想抖吓; 文學／哲思","原文已與source_text_url所列文本核對，忽略排版空白及標點差異；保留摘句邊界。護老者情境配對屬編輯判斷，並非原作者的臨床建議。","2026-09-21"
"HCQ0076","C01","好攰，想抖吓","容許休息、照顧身體、接受分擔","承認疲累，留白與休息不必靠表現換取；不催促繼續撐下去。","文言中文","夫物芸芸，各復歸其根。","The countless things flourish, and each returns to its root.","萬物紛紛生長，最後各自回到自己的根。","Laozi (traditional attribution)","老子（傳統歸屬）","老子（傳統歸屬）","《道德經》","第16章","https://ctext.org/dao-de-jing","https://ctext.org/dao-de-jing","先秦古籍","古代；生卒年未確定","Hong Kong","Public domain original — research assessment","先秦／漢代傳世古籍原文，歷史作者及文本年代已遠超一般版權期限；只取古文，不含網站現代譯注或版面。","https://www.ip.gov.hk/en/types-of-ip/copyright/duration-of-copyright/index.html","https://ctext.org/dao-de-jing","古文保留來源文字；繁體中文白話及英文均為2026-09-21獨立新譯。","護老者; 文學陪伴; C01; 好攰，想抖吓; 中國古典哲學","原文已與source_text_url所列文本核對，忽略排版空白及標點差異；保留摘句邊界。護老者情境配對屬編輯判斷，並非原作者的臨床建議。","2026-09-21"
"HCQ0118","C01","好攰，想抖吓","容許休息、照顧身體、接受分擔","承認疲累，留白與休息不必靠表現換取；不催促繼續撐下去。","English","Let us spend one day as deliberately as Nature, and not be thrown off the track by every nutshell and mosquito’s wing that falls on the rails.","Let us spend one day as deliberately as Nature, and not be thrown off the track by every nutshell and mosquito’s wing that falls on the rails.","讓我們像大自然那樣，從容地過一天，別讓落在路上的小小干擾，把自己推離軌道。","Henry David Thoreau","亨利・大衛・梭羅","亨利・大衛・梭羅","Walden／《湖濱散記》","Walden — Where I Lived, and What I Lived For","https://www.gutenberg.org/ebooks/205","https://www.gutenberg.org/cache/epub/205/pg205.txt","1854","1862","Hong Kong","Public domain original — research assessment","原作者卒於1862年，已超過香港文學作品一般作者身後50年的保護期；只取歷史原文，不含現代譯文、編者註解或版面。","https://www.ip.gov.hk/en/types-of-ip/copyright/duration-of-copyright/index.html","https://www.gutenberg.org/ebooks/205","英文保留來源摘句；繁體中文為2026-09-21獨立新譯，以香港讀者易讀的白話表達，未把護老者情境加進引文本身。","護老者; 文學陪伴; C01; 好攰，想抖吓; 文學／哲思","原文已與source_text_url所列文本核對，忽略排版空白及標點差異；保留摘句邊界。護老者情境配對屬編輯判斷，並非原作者的臨床建議。","2026-09-21"
"HCQ0082","C01","好攰，想抖吓","容許休息、照顧身體、接受分擔","承認疲累，留白與休息不必靠表現換取；不催促繼續撐下去。","English","Sit a while dear son, Here are biscuits to eat and here is milk to drink,","Sit a while dear son, Here are biscuits to eat and here is milk to drink,","親愛的孩子，坐一會吧。這裏有餅乾可以吃，也有牛奶可以喝。","Walt Whitman","華特・惠特曼","詩中抒情者","Leaves of Grass／《草葉集》","Song of Myself, 46","https://www.gutenberg.org/ebooks/1322","https://www.gutenberg.org/cache/epub/1322/pg1322.txt","1855–1892（多次增訂）","1892","Hong Kong","Public domain original — research assessment","原作者卒於1892年，已超過香港文學作品一般作者身後50年的保護期；只取歷史原文，不含現代譯文、編者註解或版面。","https://www.ip.gov.hk/en/types-of-ip/copyright/duration-of-copyright/index.html","https://www.gutenberg.org/ebooks/1322","英文保留來源摘句；繁體中文為2026-09-21獨立新譯，以香港讀者易讀的白話表達，未把護老者情境加進引文本身。","護老者; 文學陪伴; C01; 好攰，想抖吓; 文學／哲思","原文已與source_text_url所列文本核對，忽略排版空白及標點差異；保留摘句邊界。護老者情境配對屬編輯判斷，並非原作者的臨床建議。","2026-09-21"
"HCQ0061","C01","好攰，想抖吓","容許休息、照顧身體、接受分擔","承認疲累，留白與休息不必靠表現換取；不催促繼續撐下去。","English","For in the dew of little things the heart finds its morning and is refreshed.","For in the dew of little things the heart finds its morning and is refreshed.","在小事的露珠裏，心找到了自己的清晨，重新得到滋養。","Kahlil Gibran","紀伯倫","Almustafa／阿爾穆斯塔法（作品人物）","The Prophet／《先知》","On Friendship","https://www.gutenberg.org/ebooks/58585","https://www.gutenberg.org/cache/epub/58585/pg58585.txt","1923","1931","Hong Kong","Public domain original — research assessment","原作者卒於1931年，已超過香港文學作品一般作者身後50年的保護期；只取歷史原文，不含現代譯文、編者註解或版面。","https://www.ip.gov.hk/en/types-of-ip/copyright/duration-of-copyright/index.html","https://www.gutenberg.org/ebooks/58585","英文保留來源摘句；繁體中文為2026-09-21獨立新譯，以香港讀者易讀的白話表達，未把護老者情境加進引文本身。","護老者; 文學陪伴; C01; 好攰，想抖吓; 寓言散文詩; 靈性文學","原文已與source_text_url所列文本核對，忽略排版空白及標點差異；保留摘句邊界。護老者情境配對屬編輯判斷，並非原作者的臨床建議。 說話者為作品人物Almustafa，並非作者訪談。","2026-09-21"
"HCQ0010","C01","好攰，想抖吓","容許休息、照顧身體、接受分擔","承認疲累，留白與休息不必靠表現換取；不催促繼續撐下去。","English","Here a mist, and there a mist, Afterwards -- day!","Here a mist, and there a mist, Afterwards -- day!","這裏一片霧，那裏一片霧；霧後，就是白晝。","Emily Dickinson","艾蜜莉・狄金森","詩中抒情者","Poems by Emily Dickinson, Three Series","Series I — Life II","https://www.gutenberg.org/ebooks/12242","https://www.gutenberg.org/cache/epub/12242/pg12242.txt","1890／1891／1896（早期編訂本）","1886","Hong Kong","Public domain original — research assessment","原作者卒於1886年，已超過香港文學作品一般作者身後50年的保護期；只取歷史原文，不含現代譯文、編者註解或版面。所用為19世紀已出版的早期編訂文本，不採1955或1998年現代校訂版本。","https://www.ip.gov.hk/en/types-of-ip/copyright/duration-of-copyright/index.html","https://www.gutenberg.org/ebooks/12242 ; https://www.emilydickinsonmuseum.org/roomitem/mabel-loomis-todd/","英文保留來源摘句；繁體中文為2026-09-21獨立新譯，以香港讀者易讀的白話表達，未把護老者情境加進引文本身。","護老者; 文學陪伴; C01; 好攰，想抖吓; 文學／哲思","原文已與source_text_url所列文本核對，忽略排版空白及標點差異；保留摘句邊界。護老者情境配對屬編輯判斷，並非原作者的臨床建議。","2026-09-21"
"HCQ0020","C01","好攰，想抖吓","容許休息、照顧身體、接受分擔","承認疲累，留白與休息不必靠表現換取；不催促繼續撐下去。","English","Behind the clouds is the sun still shining;","Behind the clouds is the sun still shining;","雲層後面，太陽依然在照耀。","Henry Wadsworth Longfellow","亨利・沃茲沃思・朗費羅","詩中抒情者","The Complete Poetical Works of Henry Wadsworth Longfellow","The Rainy Day","https://www.gutenberg.org/ebooks/1365","https://www.gutenberg.org/cache/epub/1365/pg1365.txt","19世紀（各詩篇年份不同）","1882","Hong Kong","Public domain original — research assessment","原作者卒於1882年，已超過香港文學作品一般作者身後50年的保護期；只取歷史原文，不含現代譯文、編者註解或版面。","https://www.ip.gov.hk/en/types-of-ip/copyright/duration-of-copyright/index.html","https://www.gutenberg.org/ebooks/1365","英文保留來源摘句；繁體中文為2026-09-21獨立新譯，以香港讀者易讀的白話表達，未把護老者情境加進引文本身。","護老者; 文學陪伴; C01; 好攰，想抖吓; 文學／哲思","原文已與source_text_url所列文本核對，忽略排版空白及標點差異；保留摘句邊界。護老者情境配對屬編輯判斷，並非原作者的臨床建議。 希望與安慰屬文學表達，不是對病情、關係或情緒恢復時間的保證。","2026-09-21"
"HCQ0004","C01","好攰，想抖吓","容許休息、照顧身體、接受分擔","承認疲累，留白與休息不必靠表現換取；不催促繼續撐下去。","文言中文","飄風不終朝，驟雨不終日。","A fierce wind does not blow all morning, nor does heavy rain fall all day.","狂風不會吹足一個早上，暴雨也不會下足一整天。","Laozi (traditional attribution)","老子（傳統歸屬）","老子（傳統歸屬）","《道德經》","第23章","https://ctext.org/dao-de-jing","https://ctext.org/dao-de-jing","先秦古籍","古代；生卒年未確定","Hong Kong","Public domain original — research assessment","先秦／漢代傳世古籍原文，歷史作者及文本年代已遠超一般版權期限；只取古文，不含網站現代譯注或版面。","https://www.ip.gov.hk/en/types-of-ip/copyright/duration-of-copyright/index.html","https://ctext.org/dao-de-jing","古文保留來源文字；繁體中文白話及英文均為2026-09-21獨立新譯。","護老者; 文學陪伴; C01; 好攰，想抖吓; 中國古典哲學","原文已與source_text_url所列文本核對，忽略排版空白及標點差異；保留摘句邊界。護老者情境配對屬編輯判斷，並非原作者的臨床建議。","2026-09-21"
"HCQ0022","C01","好攰，想抖吓","容許休息、照顧身體、接受分擔","承認疲累，留白與休息不必靠表現換取；不催促繼續撐下去。","English","Hope is the thing with feathers That perches in the soul, And sings the tune without the words, And never stops at all,","Hope is the thing with feathers That perches in the soul, And sings the tune without the words, And never stops at all,","希望是一隻有羽毛的小鳥，停在心靈深處，唱着沒有歌詞的旋律，從不停歇。","Emily Dickinson","艾蜜莉・狄金森","詩中抒情者","Poems by Emily Dickinson, Three Series","Series II — Life VI, Hope","https://www.gutenberg.org/ebooks/12242","https://www.gutenberg.org/cache/epub/12242/pg12242.txt","1890／1891／1896（早期編訂本）","1886","Hong Kong","Public domain original — research assessment","原作者卒於1886年，已超過香港文學作品一般作者身後50年的保護期；只取歷史原文，不含現代譯文、編者註解或版面。所用為19世紀已出版的早期編訂文本，不採1955或1998年現代校訂版本。","https://www.ip.gov.hk/en/types-of-ip/copyright/duration-of-copyright/index.html","https://www.gutenberg.org/ebooks/12242 ; https://www.emilydickinsonmuseum.org/roomitem/mabel-loomis-todd/","英文保留來源摘句；繁體中文為2026-09-21獨立新譯，以香港讀者易讀的白話表達，未把護老者情境加進引文本身。","護老者; 文學陪伴; C01; 好攰，想抖吓; 文學／哲思","原文已與source_text_url所列文本核對，忽略排版空白及標點差異；保留摘句邊界。護老者情境配對屬編輯判斷，並非原作者的臨床建議。 希望與安慰屬文學表達，不是對病情、關係或情緒恢復時間的保證。","2026-09-21"
"HCQ0024","C01","好攰，想抖吓","容許休息、照顧身體、接受分擔","承認疲累，留白與休息不必靠表現換取；不催促繼續撐下去。","文言中文","天下莫柔弱於水，而攻堅強者莫之能勝。","Nothing in the world is softer or more yielding than water, yet nothing surpasses it in overcoming what is hard and strong.","世上沒有比水更柔弱的東西，卻也沒有甚麼比它更能穿透堅硬。","Laozi (traditional attribution)","老子（傳統歸屬）","老子（傳統歸屬）","《道德經》","第78章","https://ctext.org/dao-de-jing","https://ctext.org/dao-de-jing","先秦古籍","古代；生卒年未確定","Hong Kong","Public domain original — research assessment","先秦／漢代傳世古籍原文，歷史作者及文本年代已遠超一般版權期限；只取古文，不含網站現代譯注或版面。","https://www.ip.gov.hk/en/types-of-ip/copyright/duration-of-copyright/index.html","https://ctext.org/dao-de-jing","古文保留來源文字；繁體中文白話及英文均為2026-09-21獨立新譯。","護老者; 文學陪伴; C01; 好攰，想抖吓; 中國古典哲學","原文已與source_text_url所列文本核對，忽略排版空白及標點差異；保留摘句邊界。護老者情境配對屬編輯判斷，並非原作者的臨床建議。","2026-09-21"
"HCQ0045","C01","好攰，想抖吓","容許休息、照顧身體、接受分擔","承認疲累，留白與休息不必靠表現換取；不催促繼續撐下去。","文言中文","功遂身退天之道。","When the work is fulfilled, step back; this is the way of heaven.","事情完成後懂得退下，是自然的道理。","Laozi (traditional attribution)","老子（傳統歸屬）","老子（傳統歸屬）","《道德經》","第9章","https://ctext.org/dao-de-jing","https://ctext.org/dao-de-jing","先秦古籍","古代；生卒年未確定","Hong Kong","Public domain original — research assessment","先秦／漢代傳世古籍原文，歷史作者及文本年代已遠超一般版權期限；只取古文，不含網站現代譯注或版面。","https://www.ip.gov.hk/en/types-of-ip/copyright/duration-of-copyright/index.html","https://ctext.org/dao-de-jing","古文保留來源文字；繁體中文白話及英文均為2026-09-21獨立新譯。","護老者; 文學陪伴; C01; 好攰，想抖吓; 中國古典哲學","原文已與source_text_url所列文本核對，忽略排版空白及標點差異；保留摘句邊界。護老者情境配對屬編輯判斷，並非原作者的臨床建議。","2026-09-21"
"HCQ0057","C01","好攰，想抖吓","容許休息、照顧身體、接受分擔","承認疲累，留白與休息不必靠表現換取；不催促繼續撐下去。","English（公版英譯來源；古代經文原語非英語）","Keep your heart with all diligence, for out of it is the wellspring of life.","Keep your heart with all diligence, for out of it is the wellspring of life.","好好守護你的心，因為生命的泉源由此流出。","Ancient wisdom writers; collection traditionally associated with Solomon","古代智慧作者群（傳統與所羅門相關的合集）","古代智慧作者群（傳統與所羅門相關的合集）","The Holy Bible — Proverbs／《聖經·箴言》（World English Bible, engwebp）","Proverbs 4:23／箴言 4:23","https://ebible.org/engwebp/PRO04.htm#V23","https://ebible.org/engwebp/PRO04.htm#V23","古代經文；World English Bible 2020 stable text edition（engwebp；2026-09-21核對）","古代作者；現代英譯依出版方公版聲明，不以譯者死亡年限判斷","Hong Kong","Public domain dedication — publisher statement; Hong Kong use assessment","古代聖經文本；所用World English Bible英譯由出版方明確獻予公有領域，並允許複製、分發、出售及引用；不是依賴現代譯者死亡年限。繁體中文為本次由此英譯新譯，並非WEB官方中文版。","https://ebible.org/engwebp/copyright.htm","https://ebible.org/engwebp/copyright.htm","原文及英文欄為World English Bible英譯，並非古代原語；繁體中文為2026-09-21獨立新譯，非WEB官方中文版。","護老者; 文學陪伴; C01; 好攰，想抖吓; 基督宗教; faith:christian","原文已與source_text_url所列文本核對，忽略排版空白及標點差異；保留摘句邊界。護老者情境配對屬編輯判斷，並非原作者的臨床建議。 宗教來源已標籤，宜依使用者意願顯示；不把信仰教導當成必須遵守的要求。","2026-09-21"
"HCQ0143","C01","好攰，想抖吓","容許休息、照顧身體、接受分擔","承認疲累，留白與休息不必靠表現換取；不催促繼續撐下去。","English","And you would accept the seasons of your heart, even as you have always accepted the seasons that pass over your fields.","And you would accept the seasons of your heart, even as you have always accepted the seasons that pass over your fields.","接納心裏的四季，就像你一直容許田野走過不同季節。","Kahlil Gibran","紀伯倫","Almustafa／阿爾穆斯塔法（作品人物）","The Prophet／《先知》","On Pain","https://www.gutenberg.org/ebooks/58585","https://www.gutenberg.org/cache/epub/58585/pg58585.txt","1923","1931","Hong Kong","Public domain original — research assessment","原作者卒於1931年，已超過香港文學作品一般作者身後50年的保護期；只取歷史原文，不含現代譯文、編者註解或版面。","https://www.ip.gov.hk/en/types-of-ip/copyright/duration-of-copyright/index.html","https://www.gutenberg.org/ebooks/58585","英文保留來源摘句；繁體中文為2026-09-21獨立新譯，以香港讀者易讀的白話表達，未把護老者情境加進引文本身。","護老者; 文學陪伴; C01; 好攰，想抖吓; 寓言散文詩; 靈性文學","原文已與source_text_url所列文本核對，忽略排版空白及標點差異；保留摘句邊界。護老者情境配對屬編輯判斷，並非原作者的臨床建議。 說話者為作品人物Almustafa，並非作者訪談。","2026-09-21"
"HCQ0077","C01","好攰，想抖吓","容許休息、照顧身體、接受分擔","承認疲累，留白與休息不必靠表現換取；不催促繼續撐下去。","English","Wisely and slow; they stumble that run fast.","Wisely and slow; they stumble that run fast.","明智一點，慢慢來；跑得太急，容易絆倒。","William Shakespeare","威廉・莎士比亞","Friar Laurence（戲劇角色）","The Complete Works of William Shakespeare","Romeo and Juliet, 2.3; Friar Laurence","https://www.gutenberg.org/ebooks/100","https://www.gutenberg.org/cache/epub/100/pg100.txt","16至17世紀","1616","Hong Kong","Public domain original — research assessment","原作者卒於1616年，已超過香港文學作品一般作者身後50年的保護期；只取歷史原文，不含現代譯文、編者註解或版面。","https://www.ip.gov.hk/en/types-of-ip/copyright/duration-of-copyright/index.html","https://www.gutenberg.org/ebooks/100","英文保留來源摘句；繁體中文為2026-09-21獨立新譯，以香港讀者易讀的白話表達，未把護老者情境加進引文本身。","護老者; 文學陪伴; C01; 好攰，想抖吓; 文學／哲思","原文已與source_text_url所列文本核對，忽略排版空白及標點差異；保留摘句邊界。護老者情境配對屬編輯判斷，並非原作者的臨床建議。","2026-09-21"
"HCQ0093","C01","好攰，想抖吓","容許休息、照顧身體、接受分擔","承認疲累，留白與休息不必靠表現換取；不催促繼續撐下去。","English","It is not important that he should mature as soon as an apple-tree or an oak. Shall he turn his spring into summer?","It is not important that he should mature as soon as an apple-tree or an oak. Shall he turn his spring into summer?","他不必像蘋果樹或橡樹一樣快地成熟。難道要把自己的春天，急着變成夏天？","Henry David Thoreau","亨利・大衛・梭羅","亨利・大衛・梭羅","Walden／《湖濱散記》","Walden — Conclusion","https://www.gutenberg.org/ebooks/205","https://www.gutenberg.org/cache/epub/205/pg205.txt","1854","1862","Hong Kong","Public domain original — research assessment","原作者卒於1862年，已超過香港文學作品一般作者身後50年的保護期；只取歷史原文，不含現代譯文、編者註解或版面。","https://www.ip.gov.hk/en/types-of-ip/copyright/duration-of-copyright/index.html","https://www.gutenberg.org/ebooks/205","英文保留來源摘句；繁體中文為2026-09-21獨立新譯，以香港讀者易讀的白話表達，未把護老者情境加進引文本身。","護老者; 文學陪伴; C01; 好攰，想抖吓; 文學／哲思","原文已與source_text_url所列文本核對，忽略排版空白及標點差異；保留摘句邊界。護老者情境配對屬編輯判斷，並非原作者的臨床建議。","2026-09-21"
"HCQ0109","C01","好攰，想抖吓","容許休息、照顧身體、接受分擔","承認疲累，留白與休息不必靠表現換取；不催促繼續撐下去。","文言中文","是以聖人去甚，去奢，去泰。","Therefore the sage sets aside excess, extravagance, and extremes.","所以，有智慧的人會放下過分、奢侈與極端。","Laozi (traditional attribution)","老子（傳統歸屬）","老子（傳統歸屬）","《道德經》","第29章","https://ctext.org/dao-de-jing","https://ctext.org/dao-de-jing","先秦古籍","古代；生卒年未確定","Hong Kong","Public domain original — research assessment","先秦／漢代傳世古籍原文，歷史作者及文本年代已遠超一般版權期限；只取古文，不含網站現代譯注或版面。","https://www.ip.gov.hk/en/types-of-ip/copyright/duration-of-copyright/index.html","https://ctext.org/dao-de-jing","古文保留來源文字；繁體中文白話及英文均為2026-09-21獨立新譯。","護老者; 文學陪伴; C01; 好攰，想抖吓; 中國古典哲學","原文已與source_text_url所列文本核對，忽略排版空白及標點差異；保留摘句邊界。護老者情境配對屬編輯判斷，並非原作者的臨床建議。","2026-09-21"
"HCQ0116","C01","好攰，想抖吓","容許休息、照顧身體、接受分擔","承認疲累，留白與休息不必靠表現換取；不催促繼續撐下去。","English","A life of leisure and a life of laziness are two things.","A life of leisure and a life of laziness are two things.","悠閒的生活，與懶散的生活，是兩回事。","Benjamin Franklin","班傑明・富蘭克林","Father Abraham引述Poor Richard（作品人物／作者筆名）","The Way to Wealth／《致富之道》","Part I; Poor Richard quoted by Father Abraham","https://www.gutenberg.org/ebooks/43855","https://www.gutenberg.org/cache/epub/43855/pg43855.txt","1758","1790","Hong Kong","Public domain original — research assessment","原作者卒於1790年，已超過香港文學作品一般作者身後50年的保護期；只取歷史原文，不含現代譯文、編者註解或版面。","https://www.ip.gov.hk/en/types-of-ip/copyright/duration-of-copyright/index.html","https://www.gutenberg.org/ebooks/43855","英文保留來源摘句；繁體中文為2026-09-21獨立新譯，以香港讀者易讀的白話表達，未把護老者情境加進引文本身。","護老者; 文學陪伴; C01; 好攰，想抖吓; 文學／哲思","原文已與source_text_url所列文本核對，忽略排版空白及標點差異；保留摘句邊界。護老者情境配對屬編輯判斷，並非原作者的臨床建議。","2026-09-21"
"HCQ0123","C01","好攰，想抖吓","容許休息、照顧身體、接受分擔","承認疲累，留白與休息不必靠表現換取；不催促繼續撐下去。","English","the cost of a thing is the amount of what I will call life which is required to be exchanged for it, immediately or in the long run.","the cost of a thing is the amount of what I will call life which is required to be exchanged for it, immediately or in the long run.","一件事物的代價，是你現在或日後，需要用多少生命去換取它。","Henry David Thoreau","亨利・大衛・梭羅","亨利・大衛・梭羅","Walden／《湖濱散記》","Walden — Economy","https://www.gutenberg.org/ebooks/205","https://www.gutenberg.org/cache/epub/205/pg205.txt","1854","1862","Hong Kong","Public domain original — research assessment","原作者卒於1862年，已超過香港文學作品一般作者身後50年的保護期；只取歷史原文，不含現代譯文、編者註解或版面。","https://www.ip.gov.hk/en/types-of-ip/copyright/duration-of-copyright/index.html","https://www.gutenberg.org/ebooks/205","英文保留來源摘句；繁體中文為2026-09-21獨立新譯，以香港讀者易讀的白話表達，未把護老者情境加進引文本身。","護老者; 文學陪伴; C01; 好攰，想抖吓; 文學／哲思","原文已與source_text_url所列文本核對，忽略排版空白及標點差異；保留摘句邊界。護老者情境配對屬編輯判斷，並非原作者的臨床建議。","2026-09-21"
"HCQ0135","C01","好攰，想抖吓","容許休息、照顧身體、接受分擔","承認疲累，留白與休息不必靠表現換取；不催促繼續撐下去。","English","Our life is frittered away by detail.","Our life is frittered away by detail.","我們的生命，就這樣被零碎細節一點點耗散。","Henry David Thoreau","亨利・大衛・梭羅","亨利・大衛・梭羅","Walden／《湖濱散記》","Walden — Where I Lived, and What I Lived For","https://www.gutenberg.org/ebooks/205","https://www.gutenberg.org/cache/epub/205/pg205.txt","1854","1862","Hong Kong","Public domain original — research assessment","原作者卒於1862年，已超過香港文學作品一般作者身後50年的保護期；只取歷史原文，不含現代譯文、編者註解或版面。","https://www.ip.gov.hk/en/types-of-ip/copyright/duration-of-copyright/index.html","https://www.gutenberg.org/ebooks/205","英文保留來源摘句；繁體中文為2026-09-21獨立新譯，以香港讀者易讀的白話表達，未把護老者情境加進引文本身。","護老者; 文學陪伴; C01; 好攰，想抖吓; 文學／哲思","原文已與source_text_url所列文本核對，忽略排版空白及標點差異；保留摘句邊界。護老者情境配對屬編輯判斷，並非原作者的臨床建議。","2026-09-21"
"HCQ0171","C01","好攰，想抖吓","容許休息、照顧身體、接受分擔","承認疲累，留白與休息不必靠表現換取；不催促繼續撐下去。","English","And though heavy-grounded ships await the tide upon your shores, yet, even like an ocean, you cannot hasten your tides.","And though heavy-grounded ships await the tide upon your shores, yet, even like an ocean, you cannot hasten your tides.","即使沉重的船在岸邊等候潮水，你也和大海一樣，無法催促自己的潮汐。","Kahlil Gibran","紀伯倫","Almustafa／阿爾穆斯塔法（作品人物）","The Prophet／《先知》","The Farewell","https://www.gutenberg.org/ebooks/58585","https://www.gutenberg.org/cache/epub/58585/pg58585.txt","1923","1931","Hong Kong","Public domain original — research assessment","原作者卒於1931年，已超過香港文學作品一般作者身後50年的保護期；只取歷史原文，不含現代譯文、編者註解或版面。","https://www.ip.gov.hk/en/types-of-ip/copyright/duration-of-copyright/index.html","https://www.gutenberg.org/ebooks/58585","英文保留來源摘句；繁體中文為2026-09-21獨立新譯，以香港讀者易讀的白話表達，未把護老者情境加進引文本身。","護老者; 文學陪伴; C01; 好攰，想抖吓; 寓言散文詩; 靈性文學","原文已與source_text_url所列文本核對，忽略排版空白及標點差異；保留摘句邊界。護老者情境配對屬編輯判斷，並非原作者的臨床建議。 說話者為作品人物Almustafa，並非作者訪談。","2026-09-21"
"HCQ0015","C01","好攰，想抖吓","容許休息、照顧身體、接受分擔","承認疲累，留白與休息不必靠表現換取；不催促繼續撐下去。","English","Money is not required to buy one necessary of the soul.","Money is not required to buy one necessary of the soul.","心靈真正需要的東西，沒有一樣非得用金錢買來。","Henry David Thoreau","亨利・大衛・梭羅","亨利・大衛・梭羅","Walden／《湖濱散記》","Walden — Conclusion","https://www.gutenberg.org/ebooks/205","https://www.gutenberg.org/cache/epub/205/pg205.txt","1854","1862","Hong Kong","Public domain original — research assessment","原作者卒於1862年，已超過香港文學作品一般作者身後50年的保護期；只取歷史原文，不含現代譯文、編者註解或版面。","https://www.ip.gov.hk/en/types-of-ip/copyright/duration-of-copyright/index.html","https://www.gutenberg.org/ebooks/205","英文保留來源摘句；繁體中文為2026-09-21獨立新譯，以香港讀者易讀的白話表達，未把護老者情境加進引文本身。","護老者; 文學陪伴; C01; 好攰，想抖吓; 文學／哲思","原文已與source_text_url所列文本核對，忽略排版空白及標點差異；保留摘句邊界。護老者情境配對屬編輯判斷，並非原作者的臨床建議。","2026-09-21"
"HCQ0167","C02","太多嘢，應付唔嚟","減輕負荷、整理先後、尋求協助","一次處理一件事，借助工具與他人；不把照顧困難歸咎於能力不足。","文言中文","物有本末，事有終始，知所先後，則近道矣。","Things have roots and branches; affairs have endings and beginnings. Knowing their order brings one close to the Way.","事物有根本與枝節，事情有開始與終結；知道先後，便更接近合宜的做法。","Anonymous; traditional attribution to Zengzi and his school","作者未確定（傳統歸於曾子及其學派）","《大學》文本（作者未確定）","《禮記·大學》","《禮記·大學》首段","https://ctext.org/liji/da-xue","https://ctext.org/liji/da-xue","先秦至漢代傳世文本","古代","Hong Kong","Public domain original — research assessment","先秦／漢代傳世古籍原文，歷史作者及文本年代已遠超一般版權期限；只取古文，不含網站現代譯注或版面。","https://www.ip.gov.hk/en/types-of-ip/copyright/duration-of-copyright/index.html","https://ctext.org/liji/da-xue","古文保留來源文字；繁體中文白話及英文均為2026-09-21獨立新譯。","護老者; 文學陪伴; C02; 太多嘢，應付唔嚟; 中國古典哲學","原文已與source_text_url所列文本核對，忽略排版空白及標點差異；保留摘句邊界。護老者情境配對屬編輯判斷，並非原作者的臨床建議。","2026-09-21"
"HCQ0038","C02","太多嘢，應付唔嚟","減輕負荷、整理先後、尋求協助","一次處理一件事，借助工具與他人；不把照顧困難歸咎於能力不足。","文言中文","圖難於其易，為大於其細。","Approach difficult things through what is easy, and great things through what is small.","難事從容易的地方着手，大事從細小的地方開始。","Laozi (traditional attribution)","老子（傳統歸屬）","老子（傳統歸屬）","《道德經》","第63章","https://ctext.org/dao-de-jing","https://ctext.org/dao-de-jing","先秦古籍","古代；生卒年未確定","Hong Kong","Public domain original — research assessment","先秦／漢代傳世古籍原文，歷史作者及文本年代已遠超一般版權期限；只取古文，不含網站現代譯注或版面。","https://www.ip.gov.hk/en/types-of-ip/copyright/duration-of-copyright/index.html","https://ctext.org/dao-de-jing","古文保留來源文字；繁體中文白話及英文均為2026-09-21獨立新譯。","護老者; 文學陪伴; C02; 太多嘢，應付唔嚟; 中國古典哲學","原文已與source_text_url所列文本核對，忽略排版空白及標點差異；保留摘句邊界。護老者情境配對屬編輯判斷，並非原作者的臨床建議。","2026-09-21"
"HCQ0099","C02","太多嘢，應付唔嚟","減輕負荷、整理先後、尋求協助","一次處理一件事，借助工具與他人；不把照顧困難歸咎於能力不足。","文言中文","天下難事，必作於易，天下大事，必作於細。","The world's difficult undertakings begin with the easy; its great undertakings begin with the small.","天下的難事，要從容易處着手；天下的大事，要從細微處做起。","Laozi (traditional attribution)","老子（傳統歸屬）","老子（傳統歸屬）","《道德經》","第63章","https://ctext.org/dao-de-jing","https://ctext.org/dao-de-jing","先秦古籍","古代；生卒年未確定","Hong Kong","Public domain original — research assessment","先秦／漢代傳世古籍原文，歷史作者及文本年代已遠超一般版權期限；只取古文，不含網站現代譯注或版面。","https://www.ip.gov.hk/en/types-of-ip/copyright/duration-of-copyright/index.html","https://ctext.org/dao-de-jing","古文保留來源文字；繁體中文白話及英文均為2026-09-21獨立新譯。","護老者; 文學陪伴; C02; 太多嘢，應付唔嚟; 中國古典哲學","原文已與source_text_url所列文本核對，忽略排版空白及標點差異；保留摘句邊界。護老者情境配對屬編輯判斷，並非原作者的臨床建議。","2026-09-21"
"HCQ0051","C02","太多嘢，應付唔嚟","減輕負荷、整理先後、尋求協助","一次處理一件事，借助工具與他人；不把照顧困難歸咎於能力不足。","文言中文","合抱之木，生於毫末；九層之臺，起於累土；千里之行，始於足下。","A tree an armspan wide begins as a tiny shoot; a nine-storey terrace begins with piled earth; a thousand-mile journey begins beneath one's feet.","合抱的大樹從細芽長起，高臺從一堆堆泥土築成，千里路也從腳下的一步開始。","Laozi (traditional attribution)","老子（傳統歸屬）","老子（傳統歸屬）","《道德經》","第64章","https://ctext.org/dao-de-jing","https://ctext.org/dao-de-jing","先秦古籍","古代；生卒年未確定","Hong Kong","Public domain original — research assessment","先秦／漢代傳世古籍原文，歷史作者及文本年代已遠超一般版權期限；只取古文，不含網站現代譯注或版面。","https://www.ip.gov.hk/en/types-of-ip/copyright/duration-of-copyright/index.html","https://ctext.org/dao-de-jing","古文保留來源文字；繁體中文白話及英文均為2026-09-21獨立新譯。","護老者; 文學陪伴; C02; 太多嘢，應付唔嚟; 中國古典哲學","原文已與source_text_url所列文本核對，忽略排版空白及標點差異；保留摘句邊界。護老者情境配對屬編輯判斷，並非原作者的臨床建議。","2026-09-21"
"HCQ0040","C02","太多嘢，應付唔嚟","減輕負荷、整理先後、尋求協助","一次處理一件事，借助工具與他人；不把照顧困難歸咎於能力不足。","文言中文","故不積蹞步，無以致千里；不積小流，無以成江海。","Without gathering small steps, one cannot travel a thousand miles; without gathering small streams, one cannot make rivers and seas.","一步步累積，才能走到千里之外；一道道細流匯聚，才能成為江海。","Xunzi","荀子","荀子","《荀子·勸學》","勸學","https://ctext.org/xunzi/quan-xue","https://ctext.org/xunzi/quan-xue","先秦古籍","約公元前238年","Hong Kong","Public domain original — research assessment","先秦／漢代傳世古籍原文，歷史作者及文本年代已遠超一般版權期限；只取古文，不含網站現代譯注或版面。","https://www.ip.gov.hk/en/types-of-ip/copyright/duration-of-copyright/index.html","https://ctext.org/xunzi/quan-xue","古文保留來源文字；繁體中文白話及英文均為2026-09-21獨立新譯。","護老者; 文學陪伴; C02; 太多嘢，應付唔嚟; 中國古典哲學","原文已與source_text_url所列文本核對，忽略排版空白及標點差異；保留摘句邊界。護老者情境配對屬編輯判斷，並非原作者的臨床建議。","2026-09-21"
"HCQ0089","C02","太多嘢，應付唔嚟","減輕負荷、整理先後、尋求協助","一次處理一件事，借助工具與他人；不把照顧困難歸咎於能力不足。","文言中文","君子生非異也，善假於物也。","The cultivated person is not different by birth, but knows how to draw on outside help.","有修養的人並非天生與眾不同，只是懂得借助外在的幫助。","Xunzi","荀子","荀子","《荀子·勸學》","勸學","https://ctext.org/xunzi/quan-xue","https://ctext.org/xunzi/quan-xue","先秦古籍","約公元前238年","Hong Kong","Public domain original — research assessment","先秦／漢代傳世古籍原文，歷史作者及文本年代已遠超一般版權期限；只取古文，不含網站現代譯注或版面。","https://www.ip.gov.hk/en/types-of-ip/copyright/duration-of-copyright/index.html","https://ctext.org/xunzi/quan-xue","古文保留來源文字；繁體中文白話及英文均為2026-09-21獨立新譯。","護老者; 文學陪伴; C02; 太多嘢，應付唔嚟; 中國古典哲學","原文已與source_text_url所列文本核對，忽略排版空白及標點差異；保留摘句邊界。護老者情境配對屬編輯判斷，並非原作者的臨床建議。","2026-09-21"
"HCQ0165","C02","太多嘢，應付唔嚟","減輕負荷、整理先後、尋求協助","一次處理一件事，借助工具與他人；不把照顧困難歸咎於能力不足。","文言中文","工欲善其事，必先利其器。","A craftsperson wishing to do good work must first prepare sharp tools.","想把事情做好，先準備好合適的工具。","Confucius (recorded in the Analects)","孔子（《論語》記錄）","孔子（《論語》記錄）","《論語》","衛靈公15.10","https://ctext.org/analects/wei-ling-gong","https://ctext.org/analects/wei-ling-gong","先秦傳世文本","公元前479年","Hong Kong","Public domain original — research assessment","先秦／漢代傳世古籍原文，歷史作者及文本年代已遠超一般版權期限；只取古文，不含網站現代譯注或版面。","https://www.ip.gov.hk/en/types-of-ip/copyright/duration-of-copyright/index.html","https://ctext.org/analects/wei-ling-gong","古文保留來源文字；繁體中文白話及英文均為2026-09-21獨立新譯。","護老者; 文學陪伴; C02; 太多嘢，應付唔嚟; 中國古典哲學","原文已與source_text_url所列文本核對，忽略排版空白及標點差異；保留摘句邊界。護老者情境配對屬編輯判斷，並非原作者的臨床建議。","2026-09-21"
"HCQ0062","C02","太多嘢，應付唔嚟","減輕負荷、整理先後、尋求協助","一次處理一件事，借助工具與他人；不把照顧困難歸咎於能力不足。","文言中文","知之為知之，不知為不知，是知也。","To acknowledge what you know and what you do not know: that is understanding.","知道的承認知道，不知道的承認不知道，這才是明白。","Confucius (recorded in the Analects)","孔子（《論語》記錄）","孔子（《論語》記錄）","《論語》","為政2.17","https://ctext.org/analects/wei-zheng","https://ctext.org/analects/wei-zheng","先秦傳世文本","公元前479年","Hong Kong","Public domain original — research assessment","先秦／漢代傳世古籍原文，歷史作者及文本年代已遠超一般版權期限；只取古文，不含網站現代譯注或版面。","https://www.ip.gov.hk/en/types-of-ip/copyright/duration-of-copyright/index.html","https://ctext.org/analects/wei-zheng","古文保留來源文字；繁體中文白話及英文均為2026-09-21獨立新譯。","護老者; 文學陪伴; C02; 太多嘢，應付唔嚟; 中國古典哲學","原文已與source_text_url所列文本核對，忽略排版空白及標點差異；保留摘句邊界。護老者情境配對屬編輯判斷，並非原作者的臨床建議。","2026-09-21"
"HCQ0128","C02","太多嘢，應付唔嚟","減輕負荷、整理先後、尋求協助","一次處理一件事，借助工具與他人；不把照顧困難歸咎於能力不足。","文言中文","吾嘗終日而思矣，不如須臾之所學也。","I once thought all day, but it helped less than a brief period of learning.","我曾整天獨自思索，卻不如花片刻去學習。","Xunzi","荀子","荀子","《荀子·勸學》","勸學","https://ctext.org/xunzi/quan-xue","https://ctext.org/xunzi/quan-xue","先秦古籍","約公元前238年","Hong Kong","Public domain original — research assessment","先秦／漢代傳世古籍原文，歷史作者及文本年代已遠超一般版權期限；只取古文，不含網站現代譯注或版面。","https://www.ip.gov.hk/en/types-of-ip/copyright/duration-of-copyright/index.html","https://ctext.org/xunzi/quan-xue","古文保留來源文字；繁體中文白話及英文均為2026-09-21獨立新譯。","護老者; 文學陪伴; C02; 太多嘢，應付唔嚟; 中國古典哲學","原文已與source_text_url所列文本核對，忽略排版空白及標點差異；保留摘句邊界。護老者情境配對屬編輯判斷，並非原作者的臨床建議。","2026-09-21"
"HCQ0154","C02","太多嘢，應付唔嚟","減輕負荷、整理先後、尋求協助","一次處理一件事，借助工具與他人；不把照顧困難歸咎於能力不足。","English","Listening to others, considering well what they say, Pausing, searching, receiving, contemplating,","Listening to others, considering well what they say, Pausing, searching, receiving, contemplating,","聆聽別人，仔細想想他們說的話；停一停，尋找、接收、思量。","Walt Whitman","華特・惠特曼","詩中抒情者","Leaves of Grass／《草葉集》","Song of the Open Road, 5","https://www.gutenberg.org/ebooks/1322","https://www.gutenberg.org/cache/epub/1322/pg1322.txt","1855–1892（多次增訂）","1892","Hong Kong","Public domain original — research assessment","原作者卒於1892年，已超過香港文學作品一般作者身後50年的保護期；只取歷史原文，不含現代譯文、編者註解或版面。","https://www.ip.gov.hk/en/types-of-ip/copyright/duration-of-copyright/index.html","https://www.gutenberg.org/ebooks/1322","英文保留來源摘句；繁體中文為2026-09-21獨立新譯，以香港讀者易讀的白話表達，未把護老者情境加進引文本身。","護老者; 文學陪伴; C02; 太多嘢，應付唔嚟; 文學／哲思","原文已與source_text_url所列文本核對，忽略排版空白及標點差異；保留摘句邊界。護老者情境配對屬編輯判斷，並非原作者的臨床建議。","2026-09-21"
"HCQ0083","C02","太多嘢，應付唔嚟","減輕負荷、整理先後、尋求協助","一次處理一件事，借助工具與他人；不把照顧困難歸咎於能力不足。","English（公版英譯來源；古代經文原語非英語）","Where there is no counsel, plans fail; but in a multitude of counselors they are established.","Where there is no counsel, plans fail; but in a multitude of counselors they are established.","缺少商量，計劃容易落空；多聽幾位願意出主意的人，計劃便能站穩。","Ancient wisdom writers; collection traditionally associated with Solomon","古代智慧作者群（傳統與所羅門相關的合集）","古代智慧作者群（傳統與所羅門相關的合集）","The Holy Bible — Proverbs／《聖經·箴言》（World English Bible, engwebp）","Proverbs 15:22／箴言 15:22","https://ebible.org/engwebp/PRO15.htm#V22","https://ebible.org/engwebp/PRO15.htm#V22","古代經文；World English Bible 2020 stable text edition（engwebp；2026-09-21核對）","古代作者；現代英譯依出版方公版聲明，不以譯者死亡年限判斷","Hong Kong","Public domain dedication — publisher statement; Hong Kong use assessment","古代聖經文本；所用World English Bible英譯由出版方明確獻予公有領域，並允許複製、分發、出售及引用；不是依賴現代譯者死亡年限。繁體中文為本次由此英譯新譯，並非WEB官方中文版。","https://ebible.org/engwebp/copyright.htm","https://ebible.org/engwebp/copyright.htm","原文及英文欄為World English Bible英譯，並非古代原語；繁體中文為2026-09-21獨立新譯，非WEB官方中文版。","護老者; 文學陪伴; C02; 太多嘢，應付唔嚟; 基督宗教; faith:christian","原文已與source_text_url所列文本核對，忽略排版空白及標點差異；保留摘句邊界。護老者情境配對屬編輯判斷，並非原作者的臨床建議。 宗教來源已標籤，宜依使用者意願顯示；不把信仰教導當成必須遵守的要求。","2026-09-21"
"HCQ0138","C02","太多嘢，應付唔嚟","減輕負荷、整理先後、尋求協助","一次處理一件事，借助工具與他人；不把照顧困難歸咎於能力不足。","English（公版英譯來源；古代經文原語非英語）","Two are better than one, because they have a good reward for their labor.","Two are better than one, because they have a good reward for their labor.","兩個人比一個人好，因為彼此的勞作能有美好的成果。","Qoheleth; traditionally associated with Solomon","傳道者（傳統與所羅門相關）","傳道者（傳統與所羅門相關）","The Holy Bible — Ecclesiastes／《聖經·傳道書》（World English Bible, engwebp）","Ecclesiastes 4:9／傳道書 4:9","https://ebible.org/engwebp/ECC04.htm#V9","https://ebible.org/engwebp/ECC04.htm#V9","古代經文；World English Bible 2020 stable text edition（engwebp；2026-09-21核對）","古代作者；現代英譯依出版方公版聲明，不以譯者死亡年限判斷","Hong Kong","Public domain dedication — publisher statement; Hong Kong use assessment","古代聖經文本；所用World English Bible英譯由出版方明確獻予公有領域，並允許複製、分發、出售及引用；不是依賴現代譯者死亡年限。繁體中文為本次由此英譯新譯，並非WEB官方中文版。","https://ebible.org/engwebp/copyright.htm","https://ebible.org/engwebp/copyright.htm","原文及英文欄為World English Bible英譯，並非古代原語；繁體中文為2026-09-21獨立新譯，非WEB官方中文版。","護老者; 文學陪伴; C02; 太多嘢，應付唔嚟; 基督宗教; faith:christian","原文已與source_text_url所列文本核對，忽略排版空白及標點差異；保留摘句邊界。護老者情境配對屬編輯判斷，並非原作者的臨床建議。 宗教來源已標籤，宜依使用者意願顯示；不把信仰教導當成必須遵守的要求。","2026-09-21"
"HCQ0119","C02","太多嘢，應付唔嚟","減輕負荷、整理先後、尋求協助","一次處理一件事，借助工具與他人；不把照顧困難歸咎於能力不足。","English（公版英譯來源；古代經文原語非英語）","For if they fall, the one will lift up his fellow;","For if they fall, the one will lift up his fellow;","若其中一人跌倒，另一人可以把同伴扶起。","Qoheleth; traditionally associated with Solomon","傳道者（傳統與所羅門相關）","傳道者（傳統與所羅門相關）","The Holy Bible — Ecclesiastes／《聖經·傳道書》（World English Bible, engwebp）","Ecclesiastes 4:10／傳道書 4:10（節錄）","https://ebible.org/engwebp/ECC04.htm#V10","https://ebible.org/engwebp/ECC04.htm#V10","古代經文；World English Bible 2020 stable text edition（engwebp；2026-09-21核對）","古代作者；現代英譯依出版方公版聲明，不以譯者死亡年限判斷","Hong Kong","Public domain dedication — publisher statement; Hong Kong use assessment","古代聖經文本；所用World English Bible英譯由出版方明確獻予公有領域，並允許複製、分發、出售及引用；不是依賴現代譯者死亡年限。繁體中文為本次由此英譯新譯，並非WEB官方中文版。","https://ebible.org/engwebp/copyright.htm","https://ebible.org/engwebp/copyright.htm","原文及英文欄為World English Bible英譯，並非古代原語；繁體中文為2026-09-21獨立新譯，非WEB官方中文版。","護老者; 文學陪伴; C02; 太多嘢，應付唔嚟; 基督宗教; faith:christian","原文已與source_text_url所列文本核對，忽略排版空白及標點差異；保留摘句邊界。護老者情境配對屬編輯判斷，並非原作者的臨床建議。 宗教來源已標籤，宜依使用者意願顯示；不把信仰教導當成必須遵守的要求。","2026-09-21"
"HCQ0112","C02","太多嘢，應付唔嚟","減輕負荷、整理先後、尋求協助","一次處理一件事，借助工具與他人；不把照顧困難歸咎於能力不足。","English（公版英譯來源；古代經文原語非英語）","Bear one another’s burdens, and so fulfill the law of Christ.","Bear one another’s burdens, and so fulfill the law of Christ.","彼此分擔重擔，這樣便實踐了基督的律法。","Paul (traditional attribution)","保羅（傳統歸屬）","保羅（傳統歸屬）","The Holy Bible — Galatians／《聖經·加拉太書》（World English Bible, engwebp）","Galatians 6:2／加拉太書 6:2","https://ebible.org/engwebp/GAL06.htm#V2","https://ebible.org/engwebp/GAL06.htm#V2","古代經文；World English Bible 2020 stable text edition（engwebp；2026-09-21核對）","古代作者；現代英譯依出版方公版聲明，不以譯者死亡年限判斷","Hong Kong","Public domain dedication — publisher statement; Hong Kong use assessment","古代聖經文本；所用World English Bible英譯由出版方明確獻予公有領域，並允許複製、分發、出售及引用；不是依賴現代譯者死亡年限。繁體中文為本次由此英譯新譯，並非WEB官方中文版。","https://ebible.org/engwebp/copyright.htm","https://ebible.org/engwebp/copyright.htm","原文及英文欄為World English Bible英譯，並非古代原語；繁體中文為2026-09-21獨立新譯，非WEB官方中文版。","護老者; 文學陪伴; C02; 太多嘢，應付唔嚟; 基督宗教; faith:christian","原文已與source_text_url所列文本核對，忽略排版空白及標點差異；保留摘句邊界。護老者情境配對屬編輯判斷，並非原作者的臨床建議。 宗教來源已標籤，宜依使用者意願顯示；不把信仰教導當成必須遵守的要求。","2026-09-21"
"HCQ0159","C02","太多嘢，應付唔嚟","減輕負荷、整理先後、尋求協助","一次處理一件事，借助工具與他人；不把照顧困難歸咎於能力不足。","English","If you tire, give me both burdens, and rest the chuff of your hand on my hip, And in due time you shall repay the same service to me,","If you tire, give me both burdens, and rest the chuff of your hand on my hip, And in due time you shall repay the same service to me,","你若累了，就把兩份行李都交給我，將手掌靠在我的腰旁歇一歇；到了合適的時候，你也可以這樣幫助我。","Walt Whitman","華特・惠特曼","詩中抒情者","Leaves of Grass／《草葉集》","Song of Myself, 46","https://www.gutenberg.org/ebooks/1322","https://www.gutenberg.org/cache/epub/1322/pg1322.txt","1855–1892（多次增訂）","1892","Hong Kong","Public domain original — research assessment","原作者卒於1892年，已超過香港文學作品一般作者身後50年的保護期；只取歷史原文，不含現代譯文、編者註解或版面。","https://www.ip.gov.hk/en/types-of-ip/copyright/duration-of-copyright/index.html","https://www.gutenberg.org/ebooks/1322","英文保留來源摘句；繁體中文為2026-09-21獨立新譯，以香港讀者易讀的白話表達，未把護老者情境加進引文本身。","護老者; 文學陪伴; C02; 太多嘢，應付唔嚟; 文學／哲思","原文已與source_text_url所列文本核對，忽略排版空白及標點差異；保留摘句邊界。護老者情境配對屬編輯判斷，並非原作者的臨床建議。 互助的文學描寫；求助不以日後有能力回報為前提。","2026-09-21"
"HCQ0074","C02","太多嘢，應付唔嚟","減輕負荷、整理先後、尋求協助","一次處理一件事，借助工具與他人；不把照顧困難歸咎於能力不足。","English","And what desert greater shall there be, than that which lies in the courage and the confidence, nay the charity, of receiving?","And what desert greater shall there be, than that which lies in the courage and the confidence, nay the charity, of receiving?","還有甚麼比願意接受時的勇氣、信任，甚至善意，更值得被珍惜？","Kahlil Gibran","紀伯倫","Almustafa／阿爾穆斯塔法（作品人物）","The Prophet／《先知》","On Giving","https://www.gutenberg.org/ebooks/58585","https://www.gutenberg.org/cache/epub/58585/pg58585.txt","1923","1931","Hong Kong","Public domain original — research assessment","原作者卒於1931年，已超過香港文學作品一般作者身後50年的保護期；只取歷史原文，不含現代譯文、編者註解或版面。","https://www.ip.gov.hk/en/types-of-ip/copyright/duration-of-copyright/index.html","https://www.gutenberg.org/ebooks/58585","英文保留來源摘句；繁體中文為2026-09-21獨立新譯，以香港讀者易讀的白話表達，未把護老者情境加進引文本身。","護老者; 文學陪伴; C02; 太多嘢，應付唔嚟; 寓言散文詩; 靈性文學","原文已與source_text_url所列文本核對，忽略排版空白及標點差異；保留摘句邊界。護老者情境配對屬編輯判斷，並非原作者的臨床建議。 說話者為作品人物Almustafa，並非作者訪談。","2026-09-21"
"HCQ0021","C02","太多嘢，應付唔嚟","減輕負荷、整理先後、尋求協助","一次處理一件事，借助工具與他人；不把照顧困難歸咎於能力不足。","English","For to the fruit giving is a need, as receiving is a need to the root.","For to the fruit giving is a need, as receiving is a need to the root.","果實需要給予，正如樹根需要接收。","Kahlil Gibran","紀伯倫","Almustafa／阿爾穆斯塔法（作品人物）","The Prophet／《先知》","On Good and Evil","https://www.gutenberg.org/ebooks/58585","https://www.gutenberg.org/cache/epub/58585/pg58585.txt","1923","1931","Hong Kong","Public domain original — research assessment","原作者卒於1931年，已超過香港文學作品一般作者身後50年的保護期；只取歷史原文，不含現代譯文、編者註解或版面。","https://www.ip.gov.hk/en/types-of-ip/copyright/duration-of-copyright/index.html","https://www.gutenberg.org/ebooks/58585","英文保留來源摘句；繁體中文為2026-09-21獨立新譯，以香港讀者易讀的白話表達，未把護老者情境加進引文本身。","護老者; 文學陪伴; C02; 太多嘢，應付唔嚟; 寓言散文詩; 靈性文學","原文已與source_text_url所列文本核對，忽略排版空白及標點差異；保留摘句邊界。護老者情境配對屬編輯判斷，並非原作者的臨床建議。 說話者為作品人物Almustafa，並非作者訪談。","2026-09-21"
"HCQ0072","C02","太多嘢，應付唔嚟","減輕負荷、整理先後、尋求協助","一次處理一件事，借助工具與他人；不把照顧困難歸咎於能力不足。","English","I love a broad margin to my life.","I love a broad margin to my life.","我喜歡在生活裏，留下一片寬闊的空白。","Henry David Thoreau","亨利・大衛・梭羅","亨利・大衛・梭羅","Walden／《湖濱散記》","Walden — Sounds","https://www.gutenberg.org/ebooks/205","https://www.gutenberg.org/cache/epub/205/pg205.txt","1854","1862","Hong Kong","Public domain original — research assessment","原作者卒於1862年，已超過香港文學作品一般作者身後50年的保護期；只取歷史原文，不含現代譯文、編者註解或版面。","https://www.ip.gov.hk/en/types-of-ip/copyright/duration-of-copyright/index.html","https://www.gutenberg.org/ebooks/205","英文保留來源摘句；繁體中文為2026-09-21獨立新譯，以香港讀者易讀的白話表達，未把護老者情境加進引文本身。","護老者; 文學陪伴; C02; 太多嘢，應付唔嚟; 文學／哲思","原文已與source_text_url所列文本核對，忽略排版空白及標點差異；保留摘句邊界。護老者情境配對屬編輯判斷，並非原作者的臨床建議。","2026-09-21"
"HCQ0088","C02","太多嘢，應付唔嚟","減輕負荷、整理先後、尋求協助","一次處理一件事，借助工具與他人；不把照顧困難歸咎於能力不足。","文言中文","持而盈之，不如其已；揣而銳之，不可長保。","Rather than keep filling what is already full, stop; an edge sharpened too keenly cannot be preserved for long.","握住已滿的杯還要再添，不如及時停下；把鋒刃磨得太尖，也難以長久保持。","Laozi (traditional attribution)","老子（傳統歸屬）","老子（傳統歸屬）","《道德經》","第9章","https://ctext.org/dao-de-jing","https://ctext.org/dao-de-jing","先秦古籍","古代；生卒年未確定","Hong Kong","Public domain original — research assessment","先秦／漢代傳世古籍原文，歷史作者及文本年代已遠超一般版權期限；只取古文，不含網站現代譯注或版面。","https://www.ip.gov.hk/en/types-of-ip/copyright/duration-of-copyright/index.html","https://ctext.org/dao-de-jing","古文保留來源文字；繁體中文白話及英文均為2026-09-21獨立新譯。","護老者; 文學陪伴; C02; 太多嘢，應付唔嚟; 中國古典哲學","原文已與source_text_url所列文本核對，忽略排版空白及標點差異；保留摘句邊界。護老者情境配對屬編輯判斷，並非原作者的臨床建議。","2026-09-21"
"HCQ0017","C02","太多嘢，應付唔嚟","減輕負荷、整理先後、尋求協助","一次處理一件事，借助工具與他人；不把照顧困難歸咎於能力不足。","文言中文","知止所以不殆。","Knowing when to stop is how one avoids danger.","懂得何時停下，才能免於危險。","Laozi (traditional attribution)","老子（傳統歸屬）","老子（傳統歸屬）","《道德經》","第32章","https://ctext.org/dao-de-jing","https://ctext.org/dao-de-jing","先秦古籍","古代；生卒年未確定","Hong Kong","Public domain original — research assessment","先秦／漢代傳世古籍原文，歷史作者及文本年代已遠超一般版權期限；只取古文，不含網站現代譯注或版面。","https://www.ip.gov.hk/en/types-of-ip/copyright/duration-of-copyright/index.html","https://ctext.org/dao-de-jing","古文保留來源文字；繁體中文白話及英文均為2026-09-21獨立新譯。","護老者; 文學陪伴; C02; 太多嘢，應付唔嚟; 中國古典哲學","原文已與source_text_url所列文本核對，忽略排版空白及標點差異；保留摘句邊界。護老者情境配對屬編輯判斷，並非原作者的臨床建議。","2026-09-21"
"HCQ0103","C02","太多嘢，應付唔嚟","減輕負荷、整理先後、尋求協助","一次處理一件事，借助工具與他人；不把照顧困難歸咎於能力不足。","文言中文","知足不辱，知止不殆，可以長久。","Knowing enough avoids humiliation; knowing when to stop avoids danger. In this way one can last.","懂得知足，便少受屈辱；知道適可而止，便少陷危險，才能走得長久。","Laozi (traditional attribution)","老子（傳統歸屬）","老子（傳統歸屬）","《道德經》","第44章","https://ctext.org/dao-de-jing","https://ctext.org/dao-de-jing","先秦古籍","古代；生卒年未確定","Hong Kong","Public domain original — research assessment","先秦／漢代傳世古籍原文，歷史作者及文本年代已遠超一般版權期限；只取古文，不含網站現代譯注或版面。","https://www.ip.gov.hk/en/types-of-ip/copyright/duration-of-copyright/index.html","https://ctext.org/dao-de-jing","古文保留來源文字；繁體中文白話及英文均為2026-09-21獨立新譯。","護老者; 文學陪伴; C02; 太多嘢，應付唔嚟; 中國古典哲學","原文已與source_text_url所列文本核對，忽略排版空白及標點差異；保留摘句邊界。護老者情境配對屬編輯判斷，並非原作者的臨床建議。 知足並不等於放棄合理需要或經濟支援。","2026-09-21"
"HCQ0098","C02","太多嘢，應付唔嚟","減輕負荷、整理先後、尋求協助","一次處理一件事，借助工具與他人；不把照顧困難歸咎於能力不足。","文言中文","企者不立；跨者不行。","One who stands on tiptoe cannot stand firmly; one who overstrides cannot walk well.","踮着腳難以站穩，步子跨得過大，也難以走遠。","Laozi (traditional attribution)","老子（傳統歸屬）","老子（傳統歸屬）","《道德經》","第24章","https://ctext.org/dao-de-jing","https://ctext.org/dao-de-jing","先秦古籍","古代；生卒年未確定","Hong Kong","Public domain original — research assessment","先秦／漢代傳世古籍原文，歷史作者及文本年代已遠超一般版權期限；只取古文，不含網站現代譯注或版面。","https://www.ip.gov.hk/en/types-of-ip/copyright/duration-of-copyright/index.html","https://ctext.org/dao-de-jing","古文保留來源文字；繁體中文白話及英文均為2026-09-21獨立新譯。","護老者; 文學陪伴; C02; 太多嘢，應付唔嚟; 中國古典哲學","原文已與source_text_url所列文本核對，忽略排版空白及標點差異；保留摘句邊界。護老者情境配對屬編輯判斷，並非原作者的臨床建議。","2026-09-21"
"HCQ0077","C02","太多嘢，應付唔嚟","減輕負荷、整理先後、尋求協助","一次處理一件事，借助工具與他人；不把照顧困難歸咎於能力不足。","English","Wisely and slow; they stumble that run fast.","Wisely and slow; they stumble that run fast.","明智一點，慢慢來；跑得太急，容易絆倒。","William Shakespeare","威廉・莎士比亞","Friar Laurence（戲劇角色）","The Complete Works of William Shakespeare","Romeo and Juliet, 2.3; Friar Laurence","https://www.gutenberg.org/ebooks/100","https://www.gutenberg.org/cache/epub/100/pg100.txt","16至17世紀","1616","Hong Kong","Public domain original — research assessment","原作者卒於1616年，已超過香港文學作品一般作者身後50年的保護期；只取歷史原文，不含現代譯文、編者註解或版面。","https://www.ip.gov.hk/en/types-of-ip/copyright/duration-of-copyright/index.html","https://www.gutenberg.org/ebooks/100","英文保留來源摘句；繁體中文為2026-09-21獨立新譯，以香港讀者易讀的白話表達，未把護老者情境加進引文本身。","護老者; 文學陪伴; C02; 太多嘢，應付唔嚟; 文學／哲思","原文已與source_text_url所列文本核對，忽略排版空白及標點差異；保留摘句邊界。護老者情境配對屬編輯判斷，並非原作者的臨床建議。","2026-09-21"
"HCQ0093","C02","太多嘢，應付唔嚟","減輕負荷、整理先後、尋求協助","一次處理一件事，借助工具與他人；不把照顧困難歸咎於能力不足。","English","It is not important that he should mature as soon as an apple-tree or an oak. Shall he turn his spring into summer?","It is not important that he should mature as soon as an apple-tree or an oak. Shall he turn his spring into summer?","他不必像蘋果樹或橡樹一樣快地成熟。難道要把自己的春天，急着變成夏天？","Henry David Thoreau","亨利・大衛・梭羅","亨利・大衛・梭羅","Walden／《湖濱散記》","Walden — Conclusion","https://www.gutenberg.org/ebooks/205","https://www.gutenberg.org/cache/epub/205/pg205.txt","1854","1862","Hong Kong","Public domain original — research assessment","原作者卒於1862年，已超過香港文學作品一般作者身後50年的保護期；只取歷史原文，不含現代譯文、編者註解或版面。","https://www.ip.gov.hk/en/types-of-ip/copyright/duration-of-copyright/index.html","https://www.gutenberg.org/ebooks/205","英文保留來源摘句；繁體中文為2026-09-21獨立新譯，以香港讀者易讀的白話表達，未把護老者情境加進引文本身。","護老者; 文學陪伴; C02; 太多嘢，應付唔嚟; 文學／哲思","原文已與source_text_url所列文本核對，忽略排版空白及標點差異；保留摘句邊界。護老者情境配對屬編輯判斷，並非原作者的臨床建議。","2026-09-21"
"HCQ0171","C02","太多嘢，應付唔嚟","減輕負荷、整理先後、尋求協助","一次處理一件事，借助工具與他人；不把照顧困難歸咎於能力不足。","English","And though heavy-grounded ships await the tide upon your shores, yet, even like an ocean, you cannot hasten your tides.","And though heavy-grounded ships await the tide upon your shores, yet, even like an ocean, you cannot hasten your tides.","即使沉重的船在岸邊等候潮水，你也和大海一樣，無法催促自己的潮汐。","Kahlil Gibran","紀伯倫","Almustafa／阿爾穆斯塔法（作品人物）","The Prophet／《先知》","The Farewell","https://www.gutenberg.org/ebooks/58585","https://www.gutenberg.org/cache/epub/58585/pg58585.txt","1923","1931","Hong Kong","Public domain original — research assessment","原作者卒於1931年，已超過香港文學作品一般作者身後50年的保護期；只取歷史原文，不含現代譯文、編者註解或版面。","https://www.ip.gov.hk/en/types-of-ip/copyright/duration-of-copyright/index.html","https://www.gutenberg.org/ebooks/58585","英文保留來源摘句；繁體中文為2026-09-21獨立新譯，以香港讀者易讀的白話表達，未把護老者情境加進引文本身。","護老者; 文學陪伴; C02; 太多嘢，應付唔嚟; 寓言散文詩; 靈性文學","原文已與source_text_url所列文本核對，忽略排版空白及標點差異；保留摘句邊界。護老者情境配對屬編輯判斷，並非原作者的臨床建議。 說話者為作品人物Almustafa，並非作者訪談。","2026-09-21"
"HCQ0029","C02","太多嘢，應付唔嚟","減輕負荷、整理先後、尋求協助","一次處理一件事，借助工具與他人；不把照顧困難歸咎於能力不足。","English","Simplicity, simplicity, simplicity!","Simplicity, simplicity, simplicity!","簡單一點，再簡單一點，讓生活簡單一點。","Henry David Thoreau","亨利・大衛・梭羅","亨利・大衛・梭羅","Walden／《湖濱散記》","Walden — Where I Lived, and What I Lived For","https://www.gutenberg.org/ebooks/205","https://www.gutenberg.org/cache/epub/205/pg205.txt","1854","1862","Hong Kong","Public domain original — research assessment","原作者卒於1862年，已超過香港文學作品一般作者身後50年的保護期；只取歷史原文，不含現代譯文、編者註解或版面。","https://www.ip.gov.hk/en/types-of-ip/copyright/duration-of-copyright/index.html","https://www.gutenberg.org/ebooks/205","英文保留來源摘句；繁體中文為2026-09-21獨立新譯，以香港讀者易讀的白話表達，未把護老者情境加進引文本身。","護老者; 文學陪伴; C02; 太多嘢，應付唔嚟; 文學／哲思","原文已與source_text_url所列文本核對，忽略排版空白及標點差異；保留摘句邊界。護老者情境配對屬編輯判斷，並非原作者的臨床建議。","2026-09-21"
"HCQ0054","C02","太多嘢，應付唔嚟","減輕負荷、整理先後、尋求協助","一次處理一件事，借助工具與他人；不把照顧困難歸咎於能力不足。","English","Why should we live with such hurry and waste of life?","Why should we live with such hurry and waste of life?","我們為甚麼要如此匆忙，反而把生命耗掉？","Henry David Thoreau","亨利・大衛・梭羅","亨利・大衛・梭羅","Walden／《湖濱散記》","Walden — Where I Lived, and What I Lived For","https://www.gutenberg.org/ebooks/205","https://www.gutenberg.org/cache/epub/205/pg205.txt","1854","1862","Hong Kong","Public domain original — research assessment","原作者卒於1862年，已超過香港文學作品一般作者身後50年的保護期；只取歷史原文，不含現代譯文、編者註解或版面。","https://www.ip.gov.hk/en/types-of-ip/copyright/duration-of-copyright/index.html","https://www.gutenberg.org/ebooks/205","英文保留來源摘句；繁體中文為2026-09-21獨立新譯，以香港讀者易讀的白話表達，未把護老者情境加進引文本身。","護老者; 文學陪伴; C02; 太多嘢，應付唔嚟; 文學／哲思","原文已與source_text_url所列文本核對，忽略排版空白及標點差異；保留摘句邊界。護老者情境配對屬編輯判斷，並非原作者的臨床建議。","2026-09-21"
"HCQ0104","C02","太多嘢，應付唔嚟","減輕負荷、整理先後、尋求協助","一次處理一件事，借助工具與他人；不把照顧困難歸咎於能力不足。","English","Why should we be in such desperate haste to succeed, and in such desperate enterprises?","Why should we be in such desperate haste to succeed, and in such desperate enterprises?","我們為甚麼非要如此焦急地追求成功，投入如此拼命的奔忙？","Henry David Thoreau","亨利・大衛・梭羅","亨利・大衛・梭羅","Walden／《湖濱散記》","Walden — Conclusion","https://www.gutenberg.org/ebooks/205","https://www.gutenberg.org/cache/epub/205/pg205.txt","1854","1862","Hong Kong","Public domain original — research assessment","原作者卒於1862年，已超過香港文學作品一般作者身後50年的保護期；只取歷史原文，不含現代譯文、編者註解或版面。","https://www.ip.gov.hk/en/types-of-ip/copyright/duration-of-copyright/index.html","https://www.gutenberg.org/ebooks/205","英文保留來源摘句；繁體中文為2026-09-21獨立新譯，以香港讀者易讀的白話表達，未把護老者情境加進引文本身。","護老者; 文學陪伴; C02; 太多嘢，應付唔嚟; 文學／哲思","原文已與source_text_url所列文本核對，忽略排版空白及標點差異；保留摘句邊界。護老者情境配對屬編輯判斷，並非原作者的臨床建議。","2026-09-21"
"HCQ0135","C02","太多嘢，應付唔嚟","減輕負荷、整理先後、尋求協助","一次處理一件事，借助工具與他人；不把照顧困難歸咎於能力不足。","English","Our life is frittered away by detail.","Our life is frittered away by detail.","我們的生命，就這樣被零碎細節一點點耗散。","Henry David Thoreau","亨利・大衛・梭羅","亨利・大衛・梭羅","Walden／《湖濱散記》","Walden — Where I Lived, and What I Lived For","https://www.gutenberg.org/ebooks/205","https://www.gutenberg.org/cache/epub/205/pg205.txt","1854","1862","Hong Kong","Public domain original — research assessment","原作者卒於1862年，已超過香港文學作品一般作者身後50年的保護期；只取歷史原文，不含現代譯文、編者註解或版面。","https://www.ip.gov.hk/en/types-of-ip/copyright/duration-of-copyright/index.html","https://www.gutenberg.org/ebooks/205","英文保留來源摘句；繁體中文為2026-09-21獨立新譯，以香港讀者易讀的白話表達，未把護老者情境加進引文本身。","護老者; 文學陪伴; C02; 太多嘢，應付唔嚟; 文學／哲思","原文已與source_text_url所列文本核對，忽略排版空白及標點差異；保留摘句邊界。護老者情境配對屬編輯判斷，並非原作者的臨床建議。","2026-09-21"
"HCQ0169","C02","太多嘢，應付唔嚟","減輕負荷、整理先後、尋求協助","一次處理一件事，借助工具與他人；不把照顧困難歸咎於能力不足。","文言中文","故有之以為利，無之以為用。","What is present offers benefit; the empty space makes it useful.","實有的部分帶來便利，留空的部分則讓它發揮用途。","Laozi (traditional attribution)","老子（傳統歸屬）","老子（傳統歸屬）","《道德經》","第11章","https://ctext.org/dao-de-jing","https://ctext.org/dao-de-jing","先秦古籍","古代；生卒年未確定","Hong Kong","Public domain original — research assessment","先秦／漢代傳世古籍原文，歷史作者及文本年代已遠超一般版權期限；只取古文，不含網站現代譯注或版面。","https://www.ip.gov.hk/en/types-of-ip/copyright/duration-of-copyright/index.html","https://ctext.org/dao-de-jing","古文保留來源文字；繁體中文白話及英文均為2026-09-21獨立新譯。","護老者; 文學陪伴; C02; 太多嘢，應付唔嚟; 中國古典哲學","原文已與source_text_url所列文本核對，忽略排版空白及標點差異；保留摘句邊界。護老者情境配對屬編輯判斷，並非原作者的臨床建議。","2026-09-21"
"HCQ0027","C02","太多嘢，應付唔嚟","減輕負荷、整理先後、尋求協助","一次處理一件事，借助工具與他人；不把照顧困難歸咎於能力不足。","English","You are good when you walk to your goal firmly and with bold steps. Yet you are not evil when you go thither limping.","You are good when you walk to your goal firmly and with bold steps. Yet you are not evil when you go thither limping.","你堅定地走向目標，是好的；即使你一拐一拐地前行，也不代表你不好。","Kahlil Gibran","紀伯倫","Almustafa／阿爾穆斯塔法（作品人物）","The Prophet／《先知》","On Good and Evil","https://www.gutenberg.org/ebooks/58585","https://www.gutenberg.org/cache/epub/58585/pg58585.txt","1923","1931","Hong Kong","Public domain original — research assessment","原作者卒於1931年，已超過香港文學作品一般作者身後50年的保護期；只取歷史原文，不含現代譯文、編者註解或版面。","https://www.ip.gov.hk/en/types-of-ip/copyright/duration-of-copyright/index.html","https://www.gutenberg.org/ebooks/58585","英文保留來源摘句；繁體中文為2026-09-21獨立新譯，以香港讀者易讀的白話表達，未把護老者情境加進引文本身。","護老者; 文學陪伴; C02; 太多嘢，應付唔嚟; 寓言散文詩; 靈性文學","原文已與source_text_url所列文本核對，忽略排版空白及標點差異；保留摘句邊界。護老者情境配對屬編輯判斷，並非原作者的臨床建議。 說話者為作品人物Almustafa，並非作者訪談。","2026-09-21"
"HCQ0049","C02","太多嘢，應付唔嚟","減輕負荷、整理先後、尋求協助","一次處理一件事，借助工具與他人；不把照顧困難歸咎於能力不足。","English","You are good when you are one with yourself. Yet when you are not one with yourself you are not evil.","You are good when you are one with yourself. Yet when you are not one with yourself you are not evil.","與自己和諧相處，是好的；暫時做不到，也不表示你不好。","Kahlil Gibran","紀伯倫","Almustafa／阿爾穆斯塔法（作品人物）","The Prophet／《先知》","On Good and Evil","https://www.gutenberg.org/ebooks/58585","https://www.gutenberg.org/cache/epub/58585/pg58585.txt","1923","1931","Hong Kong","Public domain original — research assessment","原作者卒於1931年，已超過香港文學作品一般作者身後50年的保護期；只取歷史原文，不含現代譯文、編者註解或版面。","https://www.ip.gov.hk/en/types-of-ip/copyright/duration-of-copyright/index.html","https://www.gutenberg.org/ebooks/58585","英文保留來源摘句；繁體中文為2026-09-21獨立新譯，以香港讀者易讀的白話表達，未把護老者情境加進引文本身。","護老者; 文學陪伴; C02; 太多嘢，應付唔嚟; 寓言散文詩; 靈性文學","原文已與source_text_url所列文本核對，忽略排版空白及標點差異；保留摘句邊界。護老者情境配對屬編輯判斷，並非原作者的臨床建議。 說話者為作品人物Almustafa，並非作者訪談。","2026-09-21"
"HCQ0129","C02","太多嘢，應付唔嚟","減輕負荷、整理先後、尋求協助","一次處理一件事，借助工具與他人；不把照顧困難歸咎於能力不足。","English","To measure you by your smallest deed is to reckon the power of ocean by the frailty of its foam.","To measure you by your smallest deed is to reckon the power of ocean by the frailty of its foam.","只憑你最微小的一次行動衡量你，就像用泡沫的脆弱，判斷大海的力量。","Kahlil Gibran","紀伯倫","Almustafa／阿爾穆斯塔法（作品人物）","The Prophet／《先知》","The Farewell","https://www.gutenberg.org/ebooks/58585","https://www.gutenberg.org/cache/epub/58585/pg58585.txt","1923","1931","Hong Kong","Public domain original — research assessment","原作者卒於1931年，已超過香港文學作品一般作者身後50年的保護期；只取歷史原文，不含現代譯文、編者註解或版面。","https://www.ip.gov.hk/en/types-of-ip/copyright/duration-of-copyright/index.html","https://www.gutenberg.org/ebooks/58585","英文保留來源摘句；繁體中文為2026-09-21獨立新譯，以香港讀者易讀的白話表達，未把護老者情境加進引文本身。","護老者; 文學陪伴; C02; 太多嘢，應付唔嚟; 寓言散文詩; 靈性文學","原文已與source_text_url所列文本核對，忽略排版空白及標點差異；保留摘句邊界。護老者情境配對屬編輯判斷，並非原作者的臨床建議。 說話者為作品人物Almustafa，並非作者訪談。","2026-09-21"
"HCQ0149","C02","太多嘢，應付唔嚟","減輕負荷、整理先後、尋求協助","一次處理一件事，借助工具與他人；不把照顧困難歸咎於能力不足。","English","To judge you by your failures is to cast blame upon the seasons for their inconstancy.","To judge you by your failures is to cast blame upon the seasons for their inconstancy.","只憑失敗來評斷你，就像責怪季節為甚麼總在變換。","Kahlil Gibran","紀伯倫","Almustafa／阿爾穆斯塔法（作品人物）","The Prophet／《先知》","The Farewell","https://www.gutenberg.org/ebooks/58585","https://www.gutenberg.org/cache/epub/58585/pg58585.txt","1923","1931","Hong Kong","Public domain original — research assessment","原作者卒於1931年，已超過香港文學作品一般作者身後50年的保護期；只取歷史原文，不含現代譯文、編者註解或版面。","https://www.ip.gov.hk/en/types-of-ip/copyright/duration-of-copyright/index.html","https://www.gutenberg.org/ebooks/58585","英文保留來源摘句；繁體中文為2026-09-21獨立新譯，以香港讀者易讀的白話表達，未把護老者情境加進引文本身。","護老者; 文學陪伴; C02; 太多嘢，應付唔嚟; 寓言散文詩; 靈性文學","原文已與source_text_url所列文本核對，忽略排版空白及標點差異；保留摘句邊界。護老者情境配對屬編輯判斷，並非原作者的臨床建議。 說話者為作品人物Almustafa，並非作者訪談。","2026-09-21"
"HCQ0059","C02","太多嘢，應付唔嚟","減輕負荷、整理先後、尋求協助","一次處理一件事，借助工具與他人；不把照顧困難歸咎於能力不足。","文言中文","大成若缺，其用不弊。","Great completeness seems imperfect, yet its usefulness does not fail.","最完整的成就，看來也可能有所欠缺，卻不妨礙它發揮作用。","Laozi (traditional attribution)","老子（傳統歸屬）","老子（傳統歸屬）","《道德經》","第45章","https://ctext.org/dao-de-jing","https://ctext.org/dao-de-jing","先秦古籍","古代；生卒年未確定","Hong Kong","Public domain original — research assessment","先秦／漢代傳世古籍原文，歷史作者及文本年代已遠超一般版權期限；只取古文，不含網站現代譯注或版面。","https://www.ip.gov.hk/en/types-of-ip/copyright/duration-of-copyright/index.html","https://ctext.org/dao-de-jing","古文保留來源文字；繁體中文白話及英文均為2026-09-21獨立新譯。","護老者; 文學陪伴; C02; 太多嘢，應付唔嚟; 中國古典哲學","原文已與source_text_url所列文本核對，忽略排版空白及標點差異；保留摘句邊界。護老者情境配對屬編輯判斷，並非原作者的臨床建議。","2026-09-21"
"HCQ0048","C02","太多嘢，應付唔嚟","減輕負荷、整理先後、尋求協助","一次處理一件事，借助工具與他人；不把照顧困難歸咎於能力不足。","English","If a man does not keep pace with his companions, perhaps it is because he hears a different drummer. Let him step to the music which he hears, however measured or far away.","If a man does not keep pace with his companions, perhaps it is because he hears a different drummer. Let him step to the music which he hears, however measured or far away.","有人跟不上同伴，也許只是聽見了不同的鼓聲。讓他按自己聽見的節奏走吧，不管那節奏多慢、多遠。","Henry David Thoreau","亨利・大衛・梭羅","亨利・大衛・梭羅","Walden／《湖濱散記》","Walden — Conclusion","https://www.gutenberg.org/ebooks/205","https://www.gutenberg.org/cache/epub/205/pg205.txt","1854","1862","Hong Kong","Public domain original — research assessment","原作者卒於1862年，已超過香港文學作品一般作者身後50年的保護期；只取歷史原文，不含現代譯文、編者註解或版面。","https://www.ip.gov.hk/en/types-of-ip/copyright/duration-of-copyright/index.html","https://www.gutenberg.org/ebooks/205","英文保留來源摘句；繁體中文為2026-09-21獨立新譯，以香港讀者易讀的白話表達，未把護老者情境加進引文本身。","護老者; 文學陪伴; C02; 太多嘢，應付唔嚟; 文學／哲思","原文已與source_text_url所列文本核對，忽略排版空白及標點差異；保留摘句邊界。護老者情境配對屬編輯判斷，並非原作者的臨床建議。","2026-09-21"
"HCQ0007","C02","太多嘢，應付唔嚟","減輕負荷、整理先後、尋求協助","一次處理一件事，借助工具與他人；不把照顧困難歸咎於能力不足。","English","Say not, “I have found the truth,” but rather, “I have found a truth.”","Say not, “I have found the truth,” but rather, “I have found a truth.”","別說「我找到了真理」，不妨說「我找到了一份真實」。","Kahlil Gibran","紀伯倫","Almustafa／阿爾穆斯塔法（作品人物）","The Prophet／《先知》","On Self-Knowledge","https://www.gutenberg.org/ebooks/58585","https://www.gutenberg.org/cache/epub/58585/pg58585.txt","1923","1931","Hong Kong","Public domain original — research assessment","原作者卒於1931年，已超過香港文學作品一般作者身後50年的保護期；只取歷史原文，不含現代譯文、編者註解或版面。","https://www.ip.gov.hk/en/types-of-ip/copyright/duration-of-copyright/index.html","https://www.gutenberg.org/ebooks/58585","英文保留來源摘句；繁體中文為2026-09-21獨立新譯，以香港讀者易讀的白話表達，未把護老者情境加進引文本身。","護老者; 文學陪伴; C02; 太多嘢，應付唔嚟; 寓言散文詩; 靈性文學","原文已與source_text_url所列文本核對，忽略排版空白及標點差異；保留摘句邊界。護老者情境配對屬編輯判斷，並非原作者的臨床建議。 說話者為作品人物Almustafa，並非作者訪談。","2026-09-21"
"HCQ0018","C02","太多嘢，應付唔嚟","減輕負荷、整理先後、尋求協助","一次處理一件事，借助工具與他人；不把照顧困難歸咎於能力不足。","English","Life, and all that lives, is conceived in the mist and not in the crystal.","Life, and all that lives, is conceived in the mist and not in the crystal.","生命，以及一切有生命的事物，都是在迷霧中孕育，並非從一開始便清晰如水晶。","Kahlil Gibran","紀伯倫","Almustafa／阿爾穆斯塔法（作品人物）","The Prophet／《先知》","The Farewell","https://www.gutenberg.org/ebooks/58585","https://www.gutenberg.org/cache/epub/58585/pg58585.txt","1923","1931","Hong Kong","Public domain original — research assessment","原作者卒於1931年，已超過香港文學作品一般作者身後50年的保護期；只取歷史原文，不含現代譯文、編者註解或版面。","https://www.ip.gov.hk/en/types-of-ip/copyright/duration-of-copyright/index.html","https://www.gutenberg.org/ebooks/58585","英文保留來源摘句；繁體中文為2026-09-21獨立新譯，以香港讀者易讀的白話表達，未把護老者情境加進引文本身。","護老者; 文學陪伴; C02; 太多嘢，應付唔嚟; 寓言散文詩; 靈性文學","原文已與source_text_url所列文本核對，忽略排版空白及標點差異；保留摘句邊界。護老者情境配對屬編輯判斷，並非原作者的臨床建議。 說話者為作品人物Almustafa，並非作者訪談。","2026-09-21"
"HCQ0101","C02","太多嘢，應付唔嚟","減輕負荷、整理先後、尋求協助","一次處理一件事，借助工具與他人；不把照顧困難歸咎於能力不足。","English","Vague and nebulous is the beginning of all things, but not their end,","Vague and nebulous is the beginning of all things, but not their end,","萬事的開始，可以模糊不清；但那並不是它們的終點。","Kahlil Gibran","紀伯倫","Almustafa／阿爾穆斯塔法（作品人物）","The Prophet／《先知》","The Farewell","https://www.gutenberg.org/ebooks/58585","https://www.gutenberg.org/cache/epub/58585/pg58585.txt","1923","1931","Hong Kong","Public domain original — research assessment","原作者卒於1931年，已超過香港文學作品一般作者身後50年的保護期；只取歷史原文，不含現代譯文、編者註解或版面。","https://www.ip.gov.hk/en/types-of-ip/copyright/duration-of-copyright/index.html","https://www.gutenberg.org/ebooks/58585","英文保留來源摘句；繁體中文為2026-09-21獨立新譯，以香港讀者易讀的白話表達，未把護老者情境加進引文本身。","護老者; 文學陪伴; C02; 太多嘢，應付唔嚟; 寓言散文詩; 靈性文學","原文已與source_text_url所列文本核對，忽略排版空白及標點差異；保留摘句邊界。護老者情境配對屬編輯判斷，並非原作者的臨床建議。 說話者為作品人物Almustafa，並非作者訪談。","2026-09-21"
"HCQ0102","C02","太多嘢，應付唔嚟","減輕負荷、整理先後、尋求協助","一次處理一件事，借助工具與他人；不把照顧困難歸咎於能力不足。","English","The distant mountains, that uprear Their solid bastions to the skies, Are crossed by pathways, that appear As we to higher levels rise.","The distant mountains, that uprear Their solid bastions to the skies, Are crossed by pathways, that appear As we to higher levels rise.","遠山像堡壘般高聳入天；當我們走到更高的地方，才看見穿越山間的小路。","Henry Wadsworth Longfellow","亨利・沃茲沃思・朗費羅","詩中抒情者","The Complete Poetical Works of Henry Wadsworth Longfellow","The Ladder of St. Augustine","https://www.gutenberg.org/ebooks/1365","https://www.gutenberg.org/cache/epub/1365/pg1365.txt","19世紀（各詩篇年份不同）","1882","Hong Kong","Public domain original — research assessment","原作者卒於1882年，已超過香港文學作品一般作者身後50年的保護期；只取歷史原文，不含現代譯文、編者註解或版面。","https://www.ip.gov.hk/en/types-of-ip/copyright/duration-of-copyright/index.html","https://www.gutenberg.org/ebooks/1365","英文保留來源摘句；繁體中文為2026-09-21獨立新譯，以香港讀者易讀的白話表達，未把護老者情境加進引文本身。","護老者; 文學陪伴; C02; 太多嘢，應付唔嚟; 文學／哲思","原文已與source_text_url所列文本核對，忽略排版空白及標點差異；保留摘句邊界。護老者情境配對屬編輯判斷，並非原作者的臨床建議。","2026-09-21"
"HCQ0019","C02","太多嘢，應付唔嚟","減輕負荷、整理先後、尋求協助","一次處理一件事，借助工具與他人；不把照顧困難歸咎於能力不足。","English","The voyage of the best ship is a zigzag line of a hundred tacks.","The voyage of the best ship is a zigzag line of a hundred tacks.","即使是最好的船，航程也會經過上百次轉向，走成一條曲折的線。","Ralph Waldo Emerson","拉爾夫・沃爾多・愛默生","拉爾夫・沃爾多・愛默生","Essays／《論文集》","Self-Reliance","https://www.gutenberg.org/ebooks/16643","https://www.gutenberg.org/cache/epub/16643/pg16643.txt","1841（所選文章）","1882","Hong Kong","Public domain original — research assessment","原作者卒於1882年，已超過香港文學作品一般作者身後50年的保護期；只取歷史原文，不含現代譯文、編者註解或版面。","https://www.ip.gov.hk/en/types-of-ip/copyright/duration-of-copyright/index.html","https://www.gutenberg.org/ebooks/16643","英文保留來源摘句；繁體中文為2026-09-21獨立新譯，以香港讀者易讀的白話表達，未把護老者情境加進引文本身。","護老者; 文學陪伴; C02; 太多嘢，應付唔嚟; 文學／哲思","原文已與source_text_url所列文本核對，忽略排版空白及標點差異；保留摘句邊界。護老者情境配對屬編輯判斷，並非原作者的臨床建議。","2026-09-21"
"HCQ0022","C02","太多嘢，應付唔嚟","減輕負荷、整理先後、尋求協助","一次處理一件事，借助工具與他人；不把照顧困難歸咎於能力不足。","English","Hope is the thing with feathers That perches in the soul, And sings the tune without the words, And never stops at all,","Hope is the thing with feathers That perches in the soul, And sings the tune without the words, And never stops at all,","希望是一隻有羽毛的小鳥，停在心靈深處，唱着沒有歌詞的旋律，從不停歇。","Emily Dickinson","艾蜜莉・狄金森","詩中抒情者","Poems by Emily Dickinson, Three Series","Series II — Life VI, Hope","https://www.gutenberg.org/ebooks/12242","https://www.gutenberg.org/cache/epub/12242/pg12242.txt","1890／1891／1896（早期編訂本）","1886","Hong Kong","Public domain original — research assessment","原作者卒於1886年，已超過香港文學作品一般作者身後50年的保護期；只取歷史原文，不含現代譯文、編者註解或版面。所用為19世紀已出版的早期編訂文本，不採1955或1998年現代校訂版本。","https://www.ip.gov.hk/en/types-of-ip/copyright/duration-of-copyright/index.html","https://www.gutenberg.org/ebooks/12242 ; https://www.emilydickinsonmuseum.org/roomitem/mabel-loomis-todd/","英文保留來源摘句；繁體中文為2026-09-21獨立新譯，以香港讀者易讀的白話表達，未把護老者情境加進引文本身。","護老者; 文學陪伴; C02; 太多嘢，應付唔嚟; 文學／哲思","原文已與source_text_url所列文本核對，忽略排版空白及標點差異；保留摘句邊界。護老者情境配對屬編輯判斷，並非原作者的臨床建議。 希望與安慰屬文學表達，不是對病情、關係或情緒恢復時間的保證。","2026-09-21"
"HCQ0004","C02","太多嘢，應付唔嚟","減輕負荷、整理先後、尋求協助","一次處理一件事，借助工具與他人；不把照顧困難歸咎於能力不足。","文言中文","飄風不終朝，驟雨不終日。","A fierce wind does not blow all morning, nor does heavy rain fall all day.","狂風不會吹足一個早上，暴雨也不會下足一整天。","Laozi (traditional attribution)","老子（傳統歸屬）","老子（傳統歸屬）","《道德經》","第23章","https://ctext.org/dao-de-jing","https://ctext.org/dao-de-jing","先秦古籍","古代；生卒年未確定","Hong Kong","Public domain original — research assessment","先秦／漢代傳世古籍原文，歷史作者及文本年代已遠超一般版權期限；只取古文，不含網站現代譯注或版面。","https://www.ip.gov.hk/en/types-of-ip/copyright/duration-of-copyright/index.html","https://ctext.org/dao-de-jing","古文保留來源文字；繁體中文白話及英文均為2026-09-21獨立新譯。","護老者; 文學陪伴; C02; 太多嘢，應付唔嚟; 中國古典哲學","原文已與source_text_url所列文本核對，忽略排版空白及標點差異；保留摘句邊界。護老者情境配對屬編輯判斷，並非原作者的臨床建議。","2026-09-21"
"HCQ0010","C02","太多嘢，應付唔嚟","減輕負荷、整理先後、尋求協助","一次處理一件事，借助工具與他人；不把照顧困難歸咎於能力不足。","English","Here a mist, and there a mist, Afterwards -- day!","Here a mist, and there a mist, Afterwards -- day!","這裏一片霧，那裏一片霧；霧後，就是白晝。","Emily Dickinson","艾蜜莉・狄金森","詩中抒情者","Poems by Emily Dickinson, Three Series","Series I — Life II","https://www.gutenberg.org/ebooks/12242","https://www.gutenberg.org/cache/epub/12242/pg12242.txt","1890／1891／1896（早期編訂本）","1886","Hong Kong","Public domain original — research assessment","原作者卒於1886年，已超過香港文學作品一般作者身後50年的保護期；只取歷史原文，不含現代譯文、編者註解或版面。所用為19世紀已出版的早期編訂文本，不採1955或1998年現代校訂版本。","https://www.ip.gov.hk/en/types-of-ip/copyright/duration-of-copyright/index.html","https://www.gutenberg.org/ebooks/12242 ; https://www.emilydickinsonmuseum.org/roomitem/mabel-loomis-todd/","英文保留來源摘句；繁體中文為2026-09-21獨立新譯，以香港讀者易讀的白話表達，未把護老者情境加進引文本身。","護老者; 文學陪伴; C02; 太多嘢，應付唔嚟; 文學／哲思","原文已與source_text_url所列文本核對，忽略排版空白及標點差異；保留摘句邊界。護老者情境配對屬編輯判斷，並非原作者的臨床建議。","2026-09-21"
"HCQ0035","C02","太多嘢，應付唔嚟","減輕負荷、整理先後、尋求協助","一次處理一件事，借助工具與他人；不把照顧困難歸咎於能力不足。","English","And forget not that the earth delights to feel your bare feet and the winds long to play with your hair.","And forget not that the earth delights to feel your bare feet and the winds long to play with your hair.","別忘了，大地喜歡感受你的赤腳，風也渴望輕拂你的頭髮。","Kahlil Gibran","紀伯倫","Almustafa／阿爾穆斯塔法（作品人物）","The Prophet／《先知》","On Clothes","https://www.gutenberg.org/ebooks/58585","https://www.gutenberg.org/cache/epub/58585/pg58585.txt","1923","1931","Hong Kong","Public domain original — research assessment","原作者卒於1931年，已超過香港文學作品一般作者身後50年的保護期；只取歷史原文，不含現代譯文、編者註解或版面。","https://www.ip.gov.hk/en/types-of-ip/copyright/duration-of-copyright/index.html","https://www.gutenberg.org/ebooks/58585","英文保留來源摘句；繁體中文為2026-09-21獨立新譯，以香港讀者易讀的白話表達，未把護老者情境加進引文本身。","護老者; 文學陪伴; C02; 太多嘢，應付唔嚟; 寓言散文詩; 靈性文學","原文已與source_text_url所列文本核對，忽略排版空白及標點差異；保留摘句邊界。護老者情境配對屬編輯判斷，並非原作者的臨床建議。 說話者為作品人物Almustafa，並非作者訪談。","2026-09-21"
"HCQ0061","C02","太多嘢，應付唔嚟","減輕負荷、整理先後、尋求協助","一次處理一件事，借助工具與他人；不把照顧困難歸咎於能力不足。","English","For in the dew of little things the heart finds its morning and is refreshed.","For in the dew of little things the heart finds its morning and is refreshed.","在小事的露珠裏，心找到了自己的清晨，重新得到滋養。","Kahlil Gibran","紀伯倫","Almustafa／阿爾穆斯塔法（作品人物）","The Prophet／《先知》","On Friendship","https://www.gutenberg.org/ebooks/58585","https://www.gutenberg.org/cache/epub/58585/pg58585.txt","1923","1931","Hong Kong","Public domain original — research assessment","原作者卒於1931年，已超過香港文學作品一般作者身後50年的保護期；只取歷史原文，不含現代譯文、編者註解或版面。","https://www.ip.gov.hk/en/types-of-ip/copyright/duration-of-copyright/index.html","https://www.gutenberg.org/ebooks/58585","英文保留來源摘句；繁體中文為2026-09-21獨立新譯，以香港讀者易讀的白話表達，未把護老者情境加進引文本身。","護老者; 文學陪伴; C02; 太多嘢，應付唔嚟; 寓言散文詩; 靈性文學","原文已與source_text_url所列文本核對，忽略排版空白及標點差異；保留摘句邊界。護老者情境配對屬編輯判斷，並非原作者的臨床建議。 說話者為作品人物Almustafa，並非作者訪談。","2026-09-21"
"HCQ0068","C02","太多嘢，應付唔嚟","減輕負荷、整理先後、尋求協助","一次處理一件事，借助工具與他人；不把照顧困難歸咎於能力不足。","English","But let there be spaces in your togetherness, And let the winds of the heavens dance between you.","But let there be spaces in your togetherness, And let the winds of the heavens dance between you.","即使相伴，也為彼此留些空間，讓風能在你們之間起舞。","Kahlil Gibran","紀伯倫","Almustafa／阿爾穆斯塔法（作品人物）","The Prophet／《先知》","On Marriage","https://www.gutenberg.org/ebooks/58585","https://www.gutenberg.org/cache/epub/58585/pg58585.txt","1923","1931","Hong Kong","Public domain original — research assessment","原作者卒於1931年，已超過香港文學作品一般作者身後50年的保護期；只取歷史原文，不含現代譯文、編者註解或版面。","https://www.ip.gov.hk/en/types-of-ip/copyright/duration-of-copyright/index.html","https://www.gutenberg.org/ebooks/58585","英文保留來源摘句；繁體中文為2026-09-21獨立新譯，以香港讀者易讀的白話表達，未把護老者情境加進引文本身。","護老者; 文學陪伴; C02; 太多嘢，應付唔嚟; 寓言散文詩; 靈性文學","原文已與source_text_url所列文本核對，忽略排版空白及標點差異；保留摘句邊界。護老者情境配對屬編輯判斷，並非原作者的臨床建議。 說話者為作品人物Almustafa，並非作者訪談。 原作談友誼、婚姻或親子等人際關係；此處借作界線與尊重的思考。","2026-09-21"
"HCQ0031","C02","太多嘢，應付唔嚟","減輕負荷、整理先後、尋求協助","一次處理一件事，借助工具與他人；不把照顧困難歸咎於能力不足。","English","And stand together yet not too near together: For the pillars of the temple stand apart, And the oak tree and the cypress grow not in each other’s shadow.","And stand together yet not too near together: For the pillars of the temple stand apart, And the oak tree and the cypress grow not in each other’s shadow.","站在一起，也留一點距離：殿堂的柱子各自站立，橡樹與柏樹也不在彼此的陰影裏生長。","Kahlil Gibran","紀伯倫","Almustafa／阿爾穆斯塔法（作品人物）","The Prophet／《先知》","On Marriage","https://www.gutenberg.org/ebooks/58585","https://www.gutenberg.org/cache/epub/58585/pg58585.txt","1923","1931","Hong Kong","Public domain original — research assessment","原作者卒於1931年，已超過香港文學作品一般作者身後50年的保護期；只取歷史原文，不含現代譯文、編者註解或版面。","https://www.ip.gov.hk/en/types-of-ip/copyright/duration-of-copyright/index.html","https://www.gutenberg.org/ebooks/58585","英文保留來源摘句；繁體中文為2026-09-21獨立新譯，以香港讀者易讀的白話表達，未把護老者情境加進引文本身。","護老者; 文學陪伴; C02; 太多嘢，應付唔嚟; 寓言散文詩; 靈性文學","原文已與source_text_url所列文本核對，忽略排版空白及標點差異；保留摘句邊界。護老者情境配對屬編輯判斷，並非原作者的臨床建議。 說話者為作品人物Almustafa，並非作者訪談。 原作談友誼、婚姻或親子等人際關係；此處借作界線與尊重的思考。","2026-09-21"
"HCQ0105","C02","太多嘢，應付唔嚟","減輕負荷、整理先後、尋求協助","一次處理一件事，借助工具與他人；不把照顧困難歸咎於能力不足。","English","Say what you have to say, not what you ought. Any truth is better than make-believe.","Say what you have to say, not what you ought. Any truth is better than make-believe.","說出你真正想說的，不必只說你認為應該說的。真話總比假裝好。","Henry David Thoreau","亨利・大衛・梭羅","亨利・大衛・梭羅","Walden／《湖濱散記》","Walden — Conclusion","https://www.gutenberg.org/ebooks/205","https://www.gutenberg.org/cache/epub/205/pg205.txt","1854","1862","Hong Kong","Public domain original — research assessment","原作者卒於1862年，已超過香港文學作品一般作者身後50年的保護期；只取歷史原文，不含現代譯文、編者註解或版面。","https://www.ip.gov.hk/en/types-of-ip/copyright/duration-of-copyright/index.html","https://www.gutenberg.org/ebooks/205","英文保留來源摘句；繁體中文為2026-09-21獨立新譯，以香港讀者易讀的白話表達，未把護老者情境加進引文本身。","護老者; 文學陪伴; C02; 太多嘢，應付唔嚟; 文學／哲思","原文已與source_text_url所列文本核對，忽略排版空白及標點差異；保留摘句邊界。護老者情境配對屬編輯判斷，並非原作者的臨床建議。","2026-09-21"
"HCQ0111","C02","太多嘢，應付唔嚟","減輕負荷、整理先後、尋求協助","一次處理一件事，借助工具與他人；不把照顧困難歸咎於能力不足。","English","Even your body knows its heritage and its rightful need and will not be deceived.","Even your body knows its heritage and its rightful need and will not be deceived.","連你的身體，也知道它承接的一切與應有的需要，不會被蒙騙。","Kahlil Gibran","紀伯倫","Almustafa／阿爾穆斯塔法（作品人物）","The Prophet／《先知》","On Pleasure","https://www.gutenberg.org/ebooks/58585","https://www.gutenberg.org/cache/epub/58585/pg58585.txt","1923","1931","Hong Kong","Public domain original — research assessment","原作者卒於1931年，已超過香港文學作品一般作者身後50年的保護期；只取歷史原文，不含現代譯文、編者註解或版面。","https://www.ip.gov.hk/en/types-of-ip/copyright/duration-of-copyright/index.html","https://www.gutenberg.org/ebooks/58585","英文保留來源摘句；繁體中文為2026-09-21獨立新譯，以香港讀者易讀的白話表達，未把護老者情境加進引文本身。","護老者; 文學陪伴; C02; 太多嘢，應付唔嚟; 寓言散文詩; 靈性文學","原文已與source_text_url所列文本核對，忽略排版空白及標點差異；保留摘句邊界。護老者情境配對屬編輯判斷，並非原作者的臨床建議。 說話者為作品人物Almustafa，並非作者訪談。","2026-09-21"
"HCQ0004","C03","好擔心，個心定唔落嚟","安定、容納未知、回到當下","陪伴不確定，先看眼前可做的小事；不保證病情或未來一定好轉。","文言中文","飄風不終朝，驟雨不終日。","A fierce wind does not blow all morning, nor does heavy rain fall all day.","狂風不會吹足一個早上，暴雨也不會下足一整天。","Laozi (traditional attribution)","老子（傳統歸屬）","老子（傳統歸屬）","《道德經》","第23章","https://ctext.org/dao-de-jing","https://ctext.org/dao-de-jing","先秦古籍","古代；生卒年未確定","Hong Kong","Public domain original — research assessment","先秦／漢代傳世古籍原文，歷史作者及文本年代已遠超一般版權期限；只取古文，不含網站現代譯注或版面。","https://www.ip.gov.hk/en/types-of-ip/copyright/duration-of-copyright/index.html","https://ctext.org/dao-de-jing","古文保留來源文字；繁體中文白話及英文均為2026-09-21獨立新譯。","護老者; 文學陪伴; C03; 好擔心，個心定唔落嚟; 中國古典哲學","原文已與source_text_url所列文本核對，忽略排版空白及標點差異；保留摘句邊界。護老者情境配對屬編輯判斷，並非原作者的臨床建議。","2026-09-21"
"HCQ0010","C03","好擔心，個心定唔落嚟","安定、容納未知、回到當下","陪伴不確定，先看眼前可做的小事；不保證病情或未來一定好轉。","English","Here a mist, and there a mist, Afterwards -- day!","Here a mist, and there a mist, Afterwards -- day!","這裏一片霧，那裏一片霧；霧後，就是白晝。","Emily Dickinson","艾蜜莉・狄金森","詩中抒情者","Poems by Emily Dickinson, Three Series","Series I — Life II","https://www.gutenberg.org/ebooks/12242","https://www.gutenberg.org/cache/epub/12242/pg12242.txt","1890／1891／1896（早期編訂本）","1886","Hong Kong","Public domain original — research assessment","原作者卒於1886年，已超過香港文學作品一般作者身後50年的保護期；只取歷史原文，不含現代譯文、編者註解或版面。所用為19世紀已出版的早期編訂文本，不採1955或1998年現代校訂版本。","https://www.ip.gov.hk/en/types-of-ip/copyright/duration-of-copyright/index.html","https://www.gutenberg.org/ebooks/12242 ; https://www.emilydickinsonmuseum.org/roomitem/mabel-loomis-todd/","英文保留來源摘句；繁體中文為2026-09-21獨立新譯，以香港讀者易讀的白話表達，未把護老者情境加進引文本身。","護老者; 文學陪伴; C03; 好擔心，個心定唔落嚟; 文學／哲思","原文已與source_text_url所列文本核對，忽略排版空白及標點差異；保留摘句邊界。護老者情境配對屬編輯判斷，並非原作者的臨床建議。","2026-09-21"
"HCQ0020","C03","好擔心，個心定唔落嚟","安定、容納未知、回到當下","陪伴不確定，先看眼前可做的小事；不保證病情或未來一定好轉。","English","Behind the clouds is the sun still shining;","Behind the clouds is the sun still shining;","雲層後面，太陽依然在照耀。","Henry Wadsworth Longfellow","亨利・沃茲沃思・朗費羅","詩中抒情者","The Complete Poetical Works of Henry Wadsworth Longfellow","The Rainy Day","https://www.gutenberg.org/ebooks/1365","https://www.gutenberg.org/cache/epub/1365/pg1365.txt","19世紀（各詩篇年份不同）","1882","Hong Kong","Public domain original — research assessment","原作者卒於1882年，已超過香港文學作品一般作者身後50年的保護期；只取歷史原文，不含現代譯文、編者註解或版面。","https://www.ip.gov.hk/en/types-of-ip/copyright/duration-of-copyright/index.html","https://www.gutenberg.org/ebooks/1365","英文保留來源摘句；繁體中文為2026-09-21獨立新譯，以香港讀者易讀的白話表達，未把護老者情境加進引文本身。","護老者; 文學陪伴; C03; 好擔心，個心定唔落嚟; 文學／哲思","原文已與source_text_url所列文本核對，忽略排版空白及標點差異；保留摘句邊界。護老者情境配對屬編輯判斷，並非原作者的臨床建議。 希望與安慰屬文學表達，不是對病情、關係或情緒恢復時間的保證。","2026-09-21"
"HCQ0022","C03","好擔心，個心定唔落嚟","安定、容納未知、回到當下","陪伴不確定，先看眼前可做的小事；不保證病情或未來一定好轉。","English","Hope is the thing with feathers That perches in the soul, And sings the tune without the words, And never stops at all,","Hope is the thing with feathers That perches in the soul, And sings the tune without the words, And never stops at all,","希望是一隻有羽毛的小鳥，停在心靈深處，唱着沒有歌詞的旋律，從不停歇。","Emily Dickinson","艾蜜莉・狄金森","詩中抒情者","Poems by Emily Dickinson, Three Series","Series II — Life VI, Hope","https://www.gutenberg.org/ebooks/12242","https://www.gutenberg.org/cache/epub/12242/pg12242.txt","1890／1891／1896（早期編訂本）","1886","Hong Kong","Public domain original — research assessment","原作者卒於1886年，已超過香港文學作品一般作者身後50年的保護期；只取歷史原文，不含現代譯文、編者註解或版面。所用為19世紀已出版的早期編訂文本，不採1955或1998年現代校訂版本。","https://www.ip.gov.hk/en/types-of-ip/copyright/duration-of-copyright/index.html","https://www.gutenberg.org/ebooks/12242 ; https://www.emilydickinsonmuseum.org/roomitem/mabel-loomis-todd/","英文保留來源摘句；繁體中文為2026-09-21獨立新譯，以香港讀者易讀的白話表達，未把護老者情境加進引文本身。","護老者; 文學陪伴; C03; 好擔心，個心定唔落嚟; 文學／哲思","原文已與source_text_url所列文本核對，忽略排版空白及標點差異；保留摘句邊界。護老者情境配對屬編輯判斷，並非原作者的臨床建議。 希望與安慰屬文學表達，不是對病情、關係或情緒恢復時間的保證。","2026-09-21"
"HCQ0081","C03","好擔心，個心定唔落嚟","安定、容納未知、回到當下","陪伴不確定，先看眼前可做的小事；不保證病情或未來一定好轉。","English","And sweetest in the gale is heard; And sore must be the storm That could abash the little bird That kept so many warm.","And sweetest in the gale is heard; And sore must be the storm That could abash the little bird That kept so many warm.","那歌聲在狂風裏最動聽；要多猛烈的風暴，才會嚇倒那隻曾溫暖許多人的小鳥。","Emily Dickinson","艾蜜莉・狄金森","詩中抒情者","Poems by Emily Dickinson, Three Series","Series II — Life VI, Hope","https://www.gutenberg.org/ebooks/12242","https://www.gutenberg.org/cache/epub/12242/pg12242.txt","1890／1891／1896（早期編訂本）","1886","Hong Kong","Public domain original — research assessment","原作者卒於1886年，已超過香港文學作品一般作者身後50年的保護期；只取歷史原文，不含現代譯文、編者註解或版面。所用為19世紀已出版的早期編訂文本，不採1955或1998年現代校訂版本。","https://www.ip.gov.hk/en/types-of-ip/copyright/duration-of-copyright/index.html","https://www.gutenberg.org/ebooks/12242 ; https://www.emilydickinsonmuseum.org/roomitem/mabel-loomis-todd/","英文保留來源摘句；繁體中文為2026-09-21獨立新譯，以香港讀者易讀的白話表達，未把護老者情境加進引文本身。","護老者; 文學陪伴; C03; 好擔心，個心定唔落嚟; 文學／哲思","原文已與source_text_url所列文本核對，忽略排版空白及標點差異；保留摘句邊界。護老者情境配對屬編輯判斷，並非原作者的臨床建議。 希望與安慰屬文學表達，不是對病情、關係或情緒恢復時間的保證。","2026-09-21"
"HCQ0139","C03","好擔心，個心定唔落嚟","安定、容納未知、回到當下","陪伴不確定，先看眼前可做的小事；不保證病情或未來一定好轉。","English","Not knowing when the dawn will come I open every door;","Not knowing when the dawn will come I open every door;","不知道黎明何時到來，我便把每一扇門都打開。","Emily Dickinson","艾蜜莉・狄金森","詩中抒情者","Poems by Emily Dickinson, Three Series","Series III — Nature VII, Dawn","https://www.gutenberg.org/ebooks/12242","https://www.gutenberg.org/cache/epub/12242/pg12242.txt","1890／1891／1896（早期編訂本）","1886","Hong Kong","Public domain original — research assessment","原作者卒於1886年，已超過香港文學作品一般作者身後50年的保護期；只取歷史原文，不含現代譯文、編者註解或版面。所用為19世紀已出版的早期編訂文本，不採1955或1998年現代校訂版本。","https://www.ip.gov.hk/en/types-of-ip/copyright/duration-of-copyright/index.html","https://www.gutenberg.org/ebooks/12242 ; https://www.emilydickinsonmuseum.org/roomitem/mabel-loomis-todd/","英文保留來源摘句；繁體中文為2026-09-21獨立新譯，以香港讀者易讀的白話表達，未把護老者情境加進引文本身。","護老者; 文學陪伴; C03; 好擔心，個心定唔落嚟; 文學／哲思","原文已與source_text_url所列文本核對，忽略排版空白及標點差異；保留摘句邊界。護老者情境配對屬編輯判斷，並非原作者的臨床建議。 希望與安慰屬文學表達，不是對病情、關係或情緒恢復時間的保證。","2026-09-21"
"HCQ0117","C03","好擔心，個心定唔落嚟","安定、容納未知、回到當下","陪伴不確定，先看眼前可做的小事；不保證病情或未來一定好轉。","English","And like seeds dreaming beneath the snow your heart dreams of spring.","And like seeds dreaming beneath the snow your heart dreams of spring.","像白雪下做着夢的種子，你的心也在夢着春天。","Kahlil Gibran","紀伯倫","Almustafa／阿爾穆斯塔法（作品人物）","The Prophet／《先知》","On Death","https://www.gutenberg.org/ebooks/58585","https://www.gutenberg.org/cache/epub/58585/pg58585.txt","1923","1931","Hong Kong","Public domain original — research assessment","原作者卒於1931年，已超過香港文學作品一般作者身後50年的保護期；只取歷史原文，不含現代譯文、編者註解或版面。","https://www.ip.gov.hk/en/types-of-ip/copyright/duration-of-copyright/index.html","https://www.gutenberg.org/ebooks/58585","英文保留來源摘句；繁體中文為2026-09-21獨立新譯，以香港讀者易讀的白話表達，未把護老者情境加進引文本身。","護老者; 文學陪伴; C03; 好擔心，個心定唔落嚟; 寓言散文詩; 靈性文學","原文已與source_text_url所列文本核對，忽略排版空白及標點差異；保留摘句邊界。護老者情境配對屬編輯判斷，並非原作者的臨床建議。 說話者為作品人物Almustafa，並非作者訪談。 希望與安慰屬文學表達，不是對病情、關係或情緒恢復時間的保證。","2026-09-21"
"HCQ0172","C03","好擔心，個心定唔落嚟","安定、容納未知、回到當下","陪伴不確定，先看眼前可做的小事；不保證病情或未來一定好轉。","English","And though in your winter you deny your spring, Yet spring, reposing within you, smiles in her drowsiness and is not offended.","And though in your winter you deny your spring, Yet spring, reposing within you, smiles in her drowsiness and is not offended.","即使在冬天，你不相信春天仍在，心裏休息着的春天，依然帶着睡意微笑，並不怪你。","Kahlil Gibran","紀伯倫","Almustafa／阿爾穆斯塔法（作品人物）","The Prophet／《先知》","The Farewell","https://www.gutenberg.org/ebooks/58585","https://www.gutenberg.org/cache/epub/58585/pg58585.txt","1923","1931","Hong Kong","Public domain original — research assessment","原作者卒於1931年，已超過香港文學作品一般作者身後50年的保護期；只取歷史原文，不含現代譯文、編者註解或版面。","https://www.ip.gov.hk/en/types-of-ip/copyright/duration-of-copyright/index.html","https://www.gutenberg.org/ebooks/58585","英文保留來源摘句；繁體中文為2026-09-21獨立新譯，以香港讀者易讀的白話表達，未把護老者情境加進引文本身。","護老者; 文學陪伴; C03; 好擔心，個心定唔落嚟; 寓言散文詩; 靈性文學","原文已與source_text_url所列文本核對，忽略排版空白及標點差異；保留摘句邊界。護老者情境配對屬編輯判斷，並非原作者的臨床建議。 說話者為作品人物Almustafa，並非作者訪談。 希望與安慰屬文學表達，不是對病情、關係或情緒恢復時間的保證。","2026-09-21"
"HCQ0171","C03","好擔心，個心定唔落嚟","安定、容納未知、回到當下","陪伴不確定，先看眼前可做的小事；不保證病情或未來一定好轉。","English","And though heavy-grounded ships await the tide upon your shores, yet, even like an ocean, you cannot hasten your tides.","And though heavy-grounded ships await the tide upon your shores, yet, even like an ocean, you cannot hasten your tides.","即使沉重的船在岸邊等候潮水，你也和大海一樣，無法催促自己的潮汐。","Kahlil Gibran","紀伯倫","Almustafa／阿爾穆斯塔法（作品人物）","The Prophet／《先知》","The Farewell","https://www.gutenberg.org/ebooks/58585","https://www.gutenberg.org/cache/epub/58585/pg58585.txt","1923","1931","Hong Kong","Public domain original — research assessment","原作者卒於1931年，已超過香港文學作品一般作者身後50年的保護期；只取歷史原文，不含現代譯文、編者註解或版面。","https://www.ip.gov.hk/en/types-of-ip/copyright/duration-of-copyright/index.html","https://www.gutenberg.org/ebooks/58585","英文保留來源摘句；繁體中文為2026-09-21獨立新譯，以香港讀者易讀的白話表達，未把護老者情境加進引文本身。","護老者; 文學陪伴; C03; 好擔心，個心定唔落嚟; 寓言散文詩; 靈性文學","原文已與source_text_url所列文本核對，忽略排版空白及標點差異；保留摘句邊界。護老者情境配對屬編輯判斷，並非原作者的臨床建議。 說話者為作品人物Almustafa，並非作者訪談。","2026-09-21"
"HCQ0018","C03","好擔心，個心定唔落嚟","安定、容納未知、回到當下","陪伴不確定，先看眼前可做的小事；不保證病情或未來一定好轉。","English","Life, and all that lives, is conceived in the mist and not in the crystal.","Life, and all that lives, is conceived in the mist and not in the crystal.","生命，以及一切有生命的事物，都是在迷霧中孕育，並非從一開始便清晰如水晶。","Kahlil Gibran","紀伯倫","Almustafa／阿爾穆斯塔法（作品人物）","The Prophet／《先知》","The Farewell","https://www.gutenberg.org/ebooks/58585","https://www.gutenberg.org/cache/epub/58585/pg58585.txt","1923","1931","Hong Kong","Public domain original — research assessment","原作者卒於1931年，已超過香港文學作品一般作者身後50年的保護期；只取歷史原文，不含現代譯文、編者註解或版面。","https://www.ip.gov.hk/en/types-of-ip/copyright/duration-of-copyright/index.html","https://www.gutenberg.org/ebooks/58585","英文保留來源摘句；繁體中文為2026-09-21獨立新譯，以香港讀者易讀的白話表達，未把護老者情境加進引文本身。","護老者; 文學陪伴; C03; 好擔心，個心定唔落嚟; 寓言散文詩; 靈性文學","原文已與source_text_url所列文本核對，忽略排版空白及標點差異；保留摘句邊界。護老者情境配對屬編輯判斷，並非原作者的臨床建議。 說話者為作品人物Almustafa，並非作者訪談。","2026-09-21"
"HCQ0101","C03","好擔心，個心定唔落嚟","安定、容納未知、回到當下","陪伴不確定，先看眼前可做的小事；不保證病情或未來一定好轉。","English","Vague and nebulous is the beginning of all things, but not their end,","Vague and nebulous is the beginning of all things, but not their end,","萬事的開始，可以模糊不清；但那並不是它們的終點。","Kahlil Gibran","紀伯倫","Almustafa／阿爾穆斯塔法（作品人物）","The Prophet／《先知》","The Farewell","https://www.gutenberg.org/ebooks/58585","https://www.gutenberg.org/cache/epub/58585/pg58585.txt","1923","1931","Hong Kong","Public domain original — research assessment","原作者卒於1931年，已超過香港文學作品一般作者身後50年的保護期；只取歷史原文，不含現代譯文、編者註解或版面。","https://www.ip.gov.hk/en/types-of-ip/copyright/duration-of-copyright/index.html","https://www.gutenberg.org/ebooks/58585","英文保留來源摘句；繁體中文為2026-09-21獨立新譯，以香港讀者易讀的白話表達，未把護老者情境加進引文本身。","護老者; 文學陪伴; C03; 好擔心，個心定唔落嚟; 寓言散文詩; 靈性文學","原文已與source_text_url所列文本核對，忽略排版空白及標點差異；保留摘句邊界。護老者情境配對屬編輯判斷，並非原作者的臨床建議。 說話者為作品人物Almustafa，並非作者訪談。","2026-09-21"
"HCQ0019","C03","好擔心，個心定唔落嚟","安定、容納未知、回到當下","陪伴不確定，先看眼前可做的小事；不保證病情或未來一定好轉。","English","The voyage of the best ship is a zigzag line of a hundred tacks.","The voyage of the best ship is a zigzag line of a hundred tacks.","即使是最好的船，航程也會經過上百次轉向，走成一條曲折的線。","Ralph Waldo Emerson","拉爾夫・沃爾多・愛默生","拉爾夫・沃爾多・愛默生","Essays／《論文集》","Self-Reliance","https://www.gutenberg.org/ebooks/16643","https://www.gutenberg.org/cache/epub/16643/pg16643.txt","1841（所選文章）","1882","Hong Kong","Public domain original — research assessment","原作者卒於1882年，已超過香港文學作品一般作者身後50年的保護期；只取歷史原文，不含現代譯文、編者註解或版面。","https://www.ip.gov.hk/en/types-of-ip/copyright/duration-of-copyright/index.html","https://www.gutenberg.org/ebooks/16643","英文保留來源摘句；繁體中文為2026-09-21獨立新譯，以香港讀者易讀的白話表達，未把護老者情境加進引文本身。","護老者; 文學陪伴; C03; 好擔心，個心定唔落嚟; 文學／哲思","原文已與source_text_url所列文本核對，忽略排版空白及標點差異；保留摘句邊界。護老者情境配對屬編輯判斷，並非原作者的臨床建議。","2026-09-21"
"HCQ0102","C03","好擔心，個心定唔落嚟","安定、容納未知、回到當下","陪伴不確定，先看眼前可做的小事；不保證病情或未來一定好轉。","English","The distant mountains, that uprear Their solid bastions to the skies, Are crossed by pathways, that appear As we to higher levels rise.","The distant mountains, that uprear Their solid bastions to the skies, Are crossed by pathways, that appear As we to higher levels rise.","遠山像堡壘般高聳入天；當我們走到更高的地方，才看見穿越山間的小路。","Henry Wadsworth Longfellow","亨利・沃茲沃思・朗費羅","詩中抒情者","The Complete Poetical Works of Henry Wadsworth Longfellow","The Ladder of St. Augustine","https://www.gutenberg.org/ebooks/1365","https://www.gutenberg.org/cache/epub/1365/pg1365.txt","19世紀（各詩篇年份不同）","1882","Hong Kong","Public domain original — research assessment","原作者卒於1882年，已超過香港文學作品一般作者身後50年的保護期；只取歷史原文，不含現代譯文、編者註解或版面。","https://www.ip.gov.hk/en/types-of-ip/copyright/duration-of-copyright/index.html","https://www.gutenberg.org/ebooks/1365","英文保留來源摘句；繁體中文為2026-09-21獨立新譯，以香港讀者易讀的白話表達，未把護老者情境加進引文本身。","護老者; 文學陪伴; C03; 好擔心，個心定唔落嚟; 文學／哲思","原文已與source_text_url所列文本核對，忽略排版空白及標點差異；保留摘句邊界。護老者情境配對屬編輯判斷，並非原作者的臨床建議。","2026-09-21"
"HCQ0005","C03","好擔心，個心定唔落嚟","安定、容納未知、回到當下","陪伴不確定，先看眼前可做的小事；不保證病情或未來一定好轉。","English","And knows that yesterday is but today’s memory and tomorrow is today’s dream.","And knows that yesterday is but today’s memory and tomorrow is today’s dream.","昨天只是今天的回憶，明天則是今天的夢。","Kahlil Gibran","紀伯倫","Almustafa／阿爾穆斯塔法（作品人物）","The Prophet／《先知》","On Time","https://www.gutenberg.org/ebooks/58585","https://www.gutenberg.org/cache/epub/58585/pg58585.txt","1923","1931","Hong Kong","Public domain original — research assessment","原作者卒於1931年，已超過香港文學作品一般作者身後50年的保護期；只取歷史原文，不含現代譯文、編者註解或版面。","https://www.ip.gov.hk/en/types-of-ip/copyright/duration-of-copyright/index.html","https://www.gutenberg.org/ebooks/58585","英文保留來源摘句；繁體中文為2026-09-21獨立新譯，以香港讀者易讀的白話表達，未把護老者情境加進引文本身。","護老者; 文學陪伴; C03; 好擔心，個心定唔落嚟; 寓言散文詩; 靈性文學","原文已與source_text_url所列文本核對，忽略排版空白及標點差異；保留摘句邊界。護老者情境配對屬編輯判斷，並非原作者的臨床建議。 說話者為作品人物Almustafa，並非作者訪談。","2026-09-21"
"HCQ0130","C03","好擔心，個心定唔落嚟","安定、容納未知、回到當下","陪伴不確定，先看眼前可做的小事；不保證病情或未來一定好轉。","English","And let today embrace the past with remembrance and the future with longing.","And let today embrace the past with remembrance and the future with longing.","讓今天以回憶擁抱過去，以盼望擁抱未來。","Kahlil Gibran","紀伯倫","Almustafa／阿爾穆斯塔法（作品人物）","The Prophet／《先知》","On Time","https://www.gutenberg.org/ebooks/58585","https://www.gutenberg.org/cache/epub/58585/pg58585.txt","1923","1931","Hong Kong","Public domain original — research assessment","原作者卒於1931年，已超過香港文學作品一般作者身後50年的保護期；只取歷史原文，不含現代譯文、編者註解或版面。","https://www.ip.gov.hk/en/types-of-ip/copyright/duration-of-copyright/index.html","https://www.gutenberg.org/ebooks/58585","英文保留來源摘句；繁體中文為2026-09-21獨立新譯，以香港讀者易讀的白話表達，未把護老者情境加進引文本身。","護老者; 文學陪伴; C03; 好擔心，個心定唔落嚟; 寓言散文詩; 靈性文學","原文已與source_text_url所列文本核對，忽略排版空白及標點差異；保留摘句邊界。護老者情境配對屬編輯判斷，並非原作者的臨床建議。 說話者為作品人物Almustafa，並非作者訪談。","2026-09-21"
"HCQ0132","C03","好擔心，個心定唔落嚟","安定、容納未知、回到當下","陪伴不確定，先看眼前可做的小事；不保證病情或未來一定好轉。","English（公版英譯來源；古代經文原語非英語）","Therefore don’t be anxious for tomorrow, for tomorrow will be anxious for itself. Each day’s own evil is sufficient.","Therefore don’t be anxious for tomorrow, for tomorrow will be anxious for itself. Each day’s own evil is sufficient.","不必把明天的憂慮也扛上；明天自有明天要面對的事，今天的難處已經足夠。","Matthew (traditional attribution)","馬太（傳統歸屬）","耶穌（福音書所記）","The Holy Bible — Matthew／《聖經·馬太福音》（World English Bible, engwebp）","Matthew 6:34／馬太福音 6:34","https://ebible.org/engwebp/MAT06.htm#V34","https://ebible.org/engwebp/MAT06.htm#V34","古代經文；World English Bible 2020 stable text edition（engwebp；2026-09-21核對）","古代作者；現代英譯依出版方公版聲明，不以譯者死亡年限判斷","Hong Kong","Public domain dedication — publisher statement; Hong Kong use assessment","古代聖經文本；所用World English Bible英譯由出版方明確獻予公有領域，並允許複製、分發、出售及引用；不是依賴現代譯者死亡年限。繁體中文為本次由此英譯新譯，並非WEB官方中文版。","https://ebible.org/engwebp/copyright.htm","https://ebible.org/engwebp/copyright.htm","原文及英文欄為World English Bible英譯，並非古代原語；繁體中文為2026-09-21獨立新譯，非WEB官方中文版。","護老者; 文學陪伴; C03; 好擔心，個心定唔落嚟; 基督宗教; faith:christian","原文已與source_text_url所列文本核對，忽略排版空白及標點差異；保留摘句邊界。護老者情境配對屬編輯判斷，並非原作者的臨床建議。 宗教來源已標籤，宜依使用者意願顯示；不把信仰教導當成必須遵守的要求。","2026-09-21"
"HCQ0090","C03","好擔心，個心定唔落嚟","安定、容納未知、回到當下","陪伴不確定，先看眼前可做的小事；不保證病情或未來一定好轉。","English","While I was fearing it, it came, But came with less of fear,","While I was fearing it, it came, But came with less of fear,","我一直害怕的事來了；但它來時，帶來的恐懼反而少了一些。","Emily Dickinson","艾蜜莉・狄金森","詩中抒情者","Poems by Emily Dickinson, Three Series","Series III — Life XV, The Inevitable","https://www.gutenberg.org/ebooks/12242","https://www.gutenberg.org/cache/epub/12242/pg12242.txt","1890／1891／1896（早期編訂本）","1886","Hong Kong","Public domain original — research assessment","原作者卒於1886年，已超過香港文學作品一般作者身後50年的保護期；只取歷史原文，不含現代譯文、編者註解或版面。所用為19世紀已出版的早期編訂文本，不採1955或1998年現代校訂版本。","https://www.ip.gov.hk/en/types-of-ip/copyright/duration-of-copyright/index.html","https://www.gutenberg.org/ebooks/12242 ; https://www.emilydickinsonmuseum.org/roomitem/mabel-loomis-todd/","英文保留來源摘句；繁體中文為2026-09-21獨立新譯，以香港讀者易讀的白話表達，未把護老者情境加進引文本身。","護老者; 文學陪伴; C03; 好擔心，個心定唔落嚟; 文學／哲思","原文已與source_text_url所列文本核對，忽略排版空白及標點差異；保留摘句邊界。護老者情境配對屬編輯判斷，並非原作者的臨床建議。 希望與安慰屬文學表達，不是對病情、關係或情緒恢復時間的保證。","2026-09-21"
"HCQ0023","C03","好擔心，個心定唔落嚟","安定、容納未知、回到當下","陪伴不確定，先看眼前可做的小事；不保證病情或未來一定好轉。","文言中文","孰能濁以靜之徐清？孰能安以久動之徐生？","Who can let muddied water gradually clear through stillness? Who can let what rests gradually come alive through sustained movement?","誰能讓混濁的水安靜下來，慢慢變清？誰能讓靜止的事物，隨着持續的活動慢慢生長？","Laozi (traditional attribution)","老子（傳統歸屬）","老子（傳統歸屬）","《道德經》","第15章","https://ctext.org/dao-de-jing","https://ctext.org/dao-de-jing","先秦古籍","古代；生卒年未確定","Hong Kong","Public domain original — research assessment","先秦／漢代傳世古籍原文，歷史作者及文本年代已遠超一般版權期限；只取古文，不含網站現代譯注或版面。","https://www.ip.gov.hk/en/types-of-ip/copyright/duration-of-copyright/index.html","https://ctext.org/dao-de-jing","古文保留來源文字；繁體中文白話及英文均為2026-09-21獨立新譯。","護老者; 文學陪伴; C03; 好擔心，個心定唔落嚟; 中國古典哲學","原文已與source_text_url所列文本核對，忽略排版空白及標點差異；保留摘句邊界。護老者情境配對屬編輯判斷，並非原作者的臨床建議。","2026-09-21"
"HCQ0042","C03","好擔心，個心定唔落嚟","安定、容納未知、回到當下","陪伴不確定，先看眼前可做的小事；不保證病情或未來一定好轉。","文言中文","致虛極，守靜篤。","Reach the fullest openness within, and hold firmly to stillness.","讓心騰出空間，好好守住那份安靜。","Laozi (traditional attribution)","老子（傳統歸屬）","老子（傳統歸屬）","《道德經》","第16章","https://ctext.org/dao-de-jing","https://ctext.org/dao-de-jing","先秦古籍","古代；生卒年未確定","Hong Kong","Public domain original — research assessment","先秦／漢代傳世古籍原文，歷史作者及文本年代已遠超一般版權期限；只取古文，不含網站現代譯注或版面。","https://www.ip.gov.hk/en/types-of-ip/copyright/duration-of-copyright/index.html","https://ctext.org/dao-de-jing","古文保留來源文字；繁體中文白話及英文均為2026-09-21獨立新譯。","護老者; 文學陪伴; C03; 好擔心，個心定唔落嚟; 中國古典哲學","原文已與source_text_url所列文本核對，忽略排版空白及標點差異；保留摘句邊界。護老者情境配對屬編輯判斷，並非原作者的臨床建議。","2026-09-21"
"HCQ0034","C03","好擔心，個心定唔落嚟","安定、容納未知、回到當下","陪伴不確定，先看眼前可做的小事；不保證病情或未來一定好轉。","文言中文","知止而后有定，定而后能靜，靜而后能安，安而后能慮，慮而后能得。","Knowing where to rest brings steadiness; steadiness allows quiet, quiet allows ease, ease allows reflection, and reflection brings understanding.","知道安頓的方向，心才有定；有定才能靜，靜才能安，安才能思量，思量後才有所領悟。","Anonymous; traditional attribution to Zengzi and his school","作者未確定（傳統歸於曾子及其學派）","《大學》文本（作者未確定）","《禮記·大學》","《禮記·大學》首段","https://ctext.org/liji/da-xue","https://ctext.org/liji/da-xue","先秦至漢代傳世文本","古代","Hong Kong","Public domain original — research assessment","先秦／漢代傳世古籍原文，歷史作者及文本年代已遠超一般版權期限；只取古文，不含網站現代譯注或版面。","https://www.ip.gov.hk/en/types-of-ip/copyright/duration-of-copyright/index.html","https://ctext.org/liji/da-xue","古文保留來源文字；繁體中文白話及英文均為2026-09-21獨立新譯。","護老者; 文學陪伴; C03; 好擔心，個心定唔落嚟; 中國古典哲學","原文已與source_text_url所列文本核對，忽略排版空白及標點差異；保留摘句邊界。護老者情境配對屬編輯判斷，並非原作者的臨床建議。","2026-09-21"
"HCQ0001","C03","好擔心，個心定唔落嚟","安定、容納未知、回到當下","陪伴不確定，先看眼前可做的小事；不保證病情或未來一定好轉。","English","Have you peace, the quiet urge that reveals your power?","Have you peace, the quiet urge that reveals your power?","你心中有平靜嗎？那份安靜的推動力，會讓你的力量顯現。","Kahlil Gibran","紀伯倫","Almustafa／阿爾穆斯塔法（作品人物）","The Prophet／《先知》","On Houses","https://www.gutenberg.org/ebooks/58585","https://www.gutenberg.org/cache/epub/58585/pg58585.txt","1923","1931","Hong Kong","Public domain original — research assessment","原作者卒於1931年，已超過香港文學作品一般作者身後50年的保護期；只取歷史原文，不含現代譯文、編者註解或版面。","https://www.ip.gov.hk/en/types-of-ip/copyright/duration-of-copyright/index.html","https://www.gutenberg.org/ebooks/58585","英文保留來源摘句；繁體中文為2026-09-21獨立新譯，以香港讀者易讀的白話表達，未把護老者情境加進引文本身。","護老者; 文學陪伴; C03; 好擔心，個心定唔落嚟; 寓言散文詩; 靈性文學","原文已與source_text_url所列文本核對，忽略排版空白及標點差異；保留摘句邊界。護老者情境配對屬編輯判斷，並非原作者的臨床建議。 說話者為作品人物Almustafa，並非作者訪談。","2026-09-21"
"HCQ0029","C03","好擔心，個心定唔落嚟","安定、容納未知、回到當下","陪伴不確定，先看眼前可做的小事；不保證病情或未來一定好轉。","English","Simplicity, simplicity, simplicity!","Simplicity, simplicity, simplicity!","簡單一點，再簡單一點，讓生活簡單一點。","Henry David Thoreau","亨利・大衛・梭羅","亨利・大衛・梭羅","Walden／《湖濱散記》","Walden — Where I Lived, and What I Lived For","https://www.gutenberg.org/ebooks/205","https://www.gutenberg.org/cache/epub/205/pg205.txt","1854","1862","Hong Kong","Public domain original — research assessment","原作者卒於1862年，已超過香港文學作品一般作者身後50年的保護期；只取歷史原文，不含現代譯文、編者註解或版面。","https://www.ip.gov.hk/en/types-of-ip/copyright/duration-of-copyright/index.html","https://www.gutenberg.org/ebooks/205","英文保留來源摘句；繁體中文為2026-09-21獨立新譯，以香港讀者易讀的白話表達，未把護老者情境加進引文本身。","護老者; 文學陪伴; C03; 好擔心，個心定唔落嚟; 文學／哲思","原文已與source_text_url所列文本核對，忽略排版空白及標點差異；保留摘句邊界。護老者情境配對屬編輯判斷，並非原作者的臨床建議。","2026-09-21"
"HCQ0072","C03","好擔心，個心定唔落嚟","安定、容納未知、回到當下","陪伴不確定，先看眼前可做的小事；不保證病情或未來一定好轉。","English","I love a broad margin to my life.","I love a broad margin to my life.","我喜歡在生活裏，留下一片寬闊的空白。","Henry David Thoreau","亨利・大衛・梭羅","亨利・大衛・梭羅","Walden／《湖濱散記》","Walden — Sounds","https://www.gutenberg.org/ebooks/205","https://www.gutenberg.org/cache/epub/205/pg205.txt","1854","1862","Hong Kong","Public domain original — research assessment","原作者卒於1862年，已超過香港文學作品一般作者身後50年的保護期；只取歷史原文，不含現代譯文、編者註解或版面。","https://www.ip.gov.hk/en/types-of-ip/copyright/duration-of-copyright/index.html","https://www.gutenberg.org/ebooks/205","英文保留來源摘句；繁體中文為2026-09-21獨立新譯，以香港讀者易讀的白話表達，未把護老者情境加進引文本身。","護老者; 文學陪伴; C03; 好擔心，個心定唔落嚟; 文學／哲思","原文已與source_text_url所列文本核對，忽略排版空白及標點差異；保留摘句邊界。護老者情境配對屬編輯判斷，並非原作者的臨床建議。","2026-09-21"
"HCQ0077","C03","好擔心，個心定唔落嚟","安定、容納未知、回到當下","陪伴不確定，先看眼前可做的小事；不保證病情或未來一定好轉。","English","Wisely and slow; they stumble that run fast.","Wisely and slow; they stumble that run fast.","明智一點，慢慢來；跑得太急，容易絆倒。","William Shakespeare","威廉・莎士比亞","Friar Laurence（戲劇角色）","The Complete Works of William Shakespeare","Romeo and Juliet, 2.3; Friar Laurence","https://www.gutenberg.org/ebooks/100","https://www.gutenberg.org/cache/epub/100/pg100.txt","16至17世紀","1616","Hong Kong","Public domain original — research assessment","原作者卒於1616年，已超過香港文學作品一般作者身後50年的保護期；只取歷史原文，不含現代譯文、編者註解或版面。","https://www.ip.gov.hk/en/types-of-ip/copyright/duration-of-copyright/index.html","https://www.gutenberg.org/ebooks/100","英文保留來源摘句；繁體中文為2026-09-21獨立新譯，以香港讀者易讀的白話表達，未把護老者情境加進引文本身。","護老者; 文學陪伴; C03; 好擔心，個心定唔落嚟; 文學／哲思","原文已與source_text_url所列文本核對，忽略排版空白及標點差異；保留摘句邊界。護老者情境配對屬編輯判斷，並非原作者的臨床建議。","2026-09-21"
"HCQ0093","C03","好擔心，個心定唔落嚟","安定、容納未知、回到當下","陪伴不確定，先看眼前可做的小事；不保證病情或未來一定好轉。","English","It is not important that he should mature as soon as an apple-tree or an oak. Shall he turn his spring into summer?","It is not important that he should mature as soon as an apple-tree or an oak. Shall he turn his spring into summer?","他不必像蘋果樹或橡樹一樣快地成熟。難道要把自己的春天，急着變成夏天？","Henry David Thoreau","亨利・大衛・梭羅","亨利・大衛・梭羅","Walden／《湖濱散記》","Walden — Conclusion","https://www.gutenberg.org/ebooks/205","https://www.gutenberg.org/cache/epub/205/pg205.txt","1854","1862","Hong Kong","Public domain original — research assessment","原作者卒於1862年，已超過香港文學作品一般作者身後50年的保護期；只取歷史原文，不含現代譯文、編者註解或版面。","https://www.ip.gov.hk/en/types-of-ip/copyright/duration-of-copyright/index.html","https://www.gutenberg.org/ebooks/205","英文保留來源摘句；繁體中文為2026-09-21獨立新譯，以香港讀者易讀的白話表達，未把護老者情境加進引文本身。","護老者; 文學陪伴; C03; 好擔心，個心定唔落嚟; 文學／哲思","原文已與source_text_url所列文本核對，忽略排版空白及標點差異；保留摘句邊界。護老者情境配對屬編輯判斷，並非原作者的臨床建議。","2026-09-21"
"HCQ0048","C03","好擔心，個心定唔落嚟","安定、容納未知、回到當下","陪伴不確定，先看眼前可做的小事；不保證病情或未來一定好轉。","English","If a man does not keep pace with his companions, perhaps it is because he hears a different drummer. Let him step to the music which he hears, however measured or far away.","If a man does not keep pace with his companions, perhaps it is because he hears a different drummer. Let him step to the music which he hears, however measured or far away.","有人跟不上同伴，也許只是聽見了不同的鼓聲。讓他按自己聽見的節奏走吧，不管那節奏多慢、多遠。","Henry David Thoreau","亨利・大衛・梭羅","亨利・大衛・梭羅","Walden／《湖濱散記》","Walden — Conclusion","https://www.gutenberg.org/ebooks/205","https://www.gutenberg.org/cache/epub/205/pg205.txt","1854","1862","Hong Kong","Public domain original — research assessment","原作者卒於1862年，已超過香港文學作品一般作者身後50年的保護期；只取歷史原文，不含現代譯文、編者註解或版面。","https://www.ip.gov.hk/en/types-of-ip/copyright/duration-of-copyright/index.html","https://www.gutenberg.org/ebooks/205","英文保留來源摘句；繁體中文為2026-09-21獨立新譯，以香港讀者易讀的白話表達，未把護老者情境加進引文本身。","護老者; 文學陪伴; C03; 好擔心，個心定唔落嚟; 文學／哲思","原文已與source_text_url所列文本核對，忽略排版空白及標點差異；保留摘句邊界。護老者情境配對屬編輯判斷，並非原作者的臨床建議。","2026-09-21"
"HCQ0027","C03","好擔心，個心定唔落嚟","安定、容納未知、回到當下","陪伴不確定，先看眼前可做的小事；不保證病情或未來一定好轉。","English","You are good when you walk to your goal firmly and with bold steps. Yet you are not evil when you go thither limping.","You are good when you walk to your goal firmly and with bold steps. Yet you are not evil when you go thither limping.","你堅定地走向目標，是好的；即使你一拐一拐地前行，也不代表你不好。","Kahlil Gibran","紀伯倫","Almustafa／阿爾穆斯塔法（作品人物）","The Prophet／《先知》","On Good and Evil","https://www.gutenberg.org/ebooks/58585","https://www.gutenberg.org/cache/epub/58585/pg58585.txt","1923","1931","Hong Kong","Public domain original — research assessment","原作者卒於1931年，已超過香港文學作品一般作者身後50年的保護期；只取歷史原文，不含現代譯文、編者註解或版面。","https://www.ip.gov.hk/en/types-of-ip/copyright/duration-of-copyright/index.html","https://www.gutenberg.org/ebooks/58585","英文保留來源摘句；繁體中文為2026-09-21獨立新譯，以香港讀者易讀的白話表達，未把護老者情境加進引文本身。","護老者; 文學陪伴; C03; 好擔心，個心定唔落嚟; 寓言散文詩; 靈性文學","原文已與source_text_url所列文本核對，忽略排版空白及標點差異；保留摘句邊界。護老者情境配對屬編輯判斷，並非原作者的臨床建議。 說話者為作品人物Almustafa，並非作者訪談。","2026-09-21"
"HCQ0049","C03","好擔心，個心定唔落嚟","安定、容納未知、回到當下","陪伴不確定，先看眼前可做的小事；不保證病情或未來一定好轉。","English","You are good when you are one with yourself. Yet when you are not one with yourself you are not evil.","You are good when you are one with yourself. Yet when you are not one with yourself you are not evil.","與自己和諧相處，是好的；暫時做不到，也不表示你不好。","Kahlil Gibran","紀伯倫","Almustafa／阿爾穆斯塔法（作品人物）","The Prophet／《先知》","On Good and Evil","https://www.gutenberg.org/ebooks/58585","https://www.gutenberg.org/cache/epub/58585/pg58585.txt","1923","1931","Hong Kong","Public domain original — research assessment","原作者卒於1931年，已超過香港文學作品一般作者身後50年的保護期；只取歷史原文，不含現代譯文、編者註解或版面。","https://www.ip.gov.hk/en/types-of-ip/copyright/duration-of-copyright/index.html","https://www.gutenberg.org/ebooks/58585","英文保留來源摘句；繁體中文為2026-09-21獨立新譯，以香港讀者易讀的白話表達，未把護老者情境加進引文本身。","護老者; 文學陪伴; C03; 好擔心，個心定唔落嚟; 寓言散文詩; 靈性文學","原文已與source_text_url所列文本核對，忽略排版空白及標點差異；保留摘句邊界。護老者情境配對屬編輯判斷，並非原作者的臨床建議。 說話者為作品人物Almustafa，並非作者訪談。","2026-09-21"
"HCQ0059","C03","好擔心，個心定唔落嚟","安定、容納未知、回到當下","陪伴不確定，先看眼前可做的小事；不保證病情或未來一定好轉。","文言中文","大成若缺，其用不弊。","Great completeness seems imperfect, yet its usefulness does not fail.","最完整的成就，看來也可能有所欠缺，卻不妨礙它發揮作用。","Laozi (traditional attribution)","老子（傳統歸屬）","老子（傳統歸屬）","《道德經》","第45章","https://ctext.org/dao-de-jing","https://ctext.org/dao-de-jing","先秦古籍","古代；生卒年未確定","Hong Kong","Public domain original — research assessment","先秦／漢代傳世古籍原文，歷史作者及文本年代已遠超一般版權期限；只取古文，不含網站現代譯注或版面。","https://www.ip.gov.hk/en/types-of-ip/copyright/duration-of-copyright/index.html","https://ctext.org/dao-de-jing","古文保留來源文字；繁體中文白話及英文均為2026-09-21獨立新譯。","護老者; 文學陪伴; C03; 好擔心，個心定唔落嚟; 中國古典哲學","原文已與source_text_url所列文本核對，忽略排版空白及標點差異；保留摘句邊界。護老者情境配對屬編輯判斷，並非原作者的臨床建議。","2026-09-21"
"HCQ0061","C03","好擔心，個心定唔落嚟","安定、容納未知、回到當下","陪伴不確定，先看眼前可做的小事；不保證病情或未來一定好轉。","English","For in the dew of little things the heart finds its morning and is refreshed.","For in the dew of little things the heart finds its morning and is refreshed.","在小事的露珠裏，心找到了自己的清晨，重新得到滋養。","Kahlil Gibran","紀伯倫","Almustafa／阿爾穆斯塔法（作品人物）","The Prophet／《先知》","On Friendship","https://www.gutenberg.org/ebooks/58585","https://www.gutenberg.org/cache/epub/58585/pg58585.txt","1923","1931","Hong Kong","Public domain original — research assessment","原作者卒於1931年，已超過香港文學作品一般作者身後50年的保護期；只取歷史原文，不含現代譯文、編者註解或版面。","https://www.ip.gov.hk/en/types-of-ip/copyright/duration-of-copyright/index.html","https://www.gutenberg.org/ebooks/58585","英文保留來源摘句；繁體中文為2026-09-21獨立新譯，以香港讀者易讀的白話表達，未把護老者情境加進引文本身。","護老者; 文學陪伴; C03; 好擔心，個心定唔落嚟; 寓言散文詩; 靈性文學","原文已與source_text_url所列文本核對，忽略排版空白及標點差異；保留摘句邊界。護老者情境配對屬編輯判斷，並非原作者的臨床建議。 說話者為作品人物Almustafa，並非作者訪談。","2026-09-21"
"HCQ0035","C03","好擔心，個心定唔落嚟","安定、容納未知、回到當下","陪伴不確定，先看眼前可做的小事；不保證病情或未來一定好轉。","English","And forget not that the earth delights to feel your bare feet and the winds long to play with your hair.","And forget not that the earth delights to feel your bare feet and the winds long to play with your hair.","別忘了，大地喜歡感受你的赤腳，風也渴望輕拂你的頭髮。","Kahlil Gibran","紀伯倫","Almustafa／阿爾穆斯塔法（作品人物）","The Prophet／《先知》","On Clothes","https://www.gutenberg.org/ebooks/58585","https://www.gutenberg.org/cache/epub/58585/pg58585.txt","1923","1931","Hong Kong","Public domain original — research assessment","原作者卒於1931年，已超過香港文學作品一般作者身後50年的保護期；只取歷史原文，不含現代譯文、編者註解或版面。","https://www.ip.gov.hk/en/types-of-ip/copyright/duration-of-copyright/index.html","https://www.gutenberg.org/ebooks/58585","英文保留來源摘句；繁體中文為2026-09-21獨立新譯，以香港讀者易讀的白話表達，未把護老者情境加進引文本身。","護老者; 文學陪伴; C03; 好擔心，個心定唔落嚟; 寓言散文詩; 靈性文學","原文已與source_text_url所列文本核對，忽略排版空白及標點差異；保留摘句邊界。護老者情境配對屬編輯判斷，並非原作者的臨床建議。 說話者為作品人物Almustafa，並非作者訪談。","2026-09-21"
"HCQ0069","C03","好擔心，個心定唔落嚟","安定、容納未知、回到當下","陪伴不確定，先看眼前可做的小事；不保證病情或未來一定好轉。","English","We need the tonic of wildness,","We need the tonic of wildness,","我們需要大自然的野趣，為身心添一點活力。","Henry David Thoreau","亨利・大衛・梭羅","亨利・大衛・梭羅","Walden／《湖濱散記》","Walden — Spring","https://www.gutenberg.org/ebooks/205","https://www.gutenberg.org/cache/epub/205/pg205.txt","1854","1862","Hong Kong","Public domain original — research assessment","原作者卒於1862年，已超過香港文學作品一般作者身後50年的保護期；只取歷史原文，不含現代譯文、編者註解或版面。","https://www.ip.gov.hk/en/types-of-ip/copyright/duration-of-copyright/index.html","https://www.gutenberg.org/ebooks/205","英文保留來源摘句；繁體中文為2026-09-21獨立新譯，以香港讀者易讀的白話表達，未把護老者情境加進引文本身。","護老者; 文學陪伴; C03; 好擔心，個心定唔落嚟; 文學／哲思","原文已與source_text_url所列文本核對，忽略排版空白及標點差異；保留摘句邊界。護老者情境配對屬編輯判斷，並非原作者的臨床建議。","2026-09-21"
"HCQ0118","C03","好擔心，個心定唔落嚟","安定、容納未知、回到當下","陪伴不確定，先看眼前可做的小事；不保證病情或未來一定好轉。","English","Let us spend one day as deliberately as Nature, and not be thrown off the track by every nutshell and mosquito’s wing that falls on the rails.","Let us spend one day as deliberately as Nature, and not be thrown off the track by every nutshell and mosquito’s wing that falls on the rails.","讓我們像大自然那樣，從容地過一天，別讓落在路上的小小干擾，把自己推離軌道。","Henry David Thoreau","亨利・大衛・梭羅","亨利・大衛・梭羅","Walden／《湖濱散記》","Walden — Where I Lived, and What I Lived For","https://www.gutenberg.org/ebooks/205","https://www.gutenberg.org/cache/epub/205/pg205.txt","1854","1862","Hong Kong","Public domain original — research assessment","原作者卒於1862年，已超過香港文學作品一般作者身後50年的保護期；只取歷史原文，不含現代譯文、編者註解或版面。","https://www.ip.gov.hk/en/types-of-ip/copyright/duration-of-copyright/index.html","https://www.gutenberg.org/ebooks/205","英文保留來源摘句；繁體中文為2026-09-21獨立新譯，以香港讀者易讀的白話表達，未把護老者情境加進引文本身。","護老者; 文學陪伴; C03; 好擔心，個心定唔落嚟; 文學／哲思","原文已與source_text_url所列文本核對，忽略排版空白及標點差異；保留摘句邊界。護老者情境配對屬編輯判斷，並非原作者的臨床建議。","2026-09-21"
"HCQ0153","C03","好擔心，個心定唔落嚟","安定、容納未知、回到當下","陪伴不確定，先看眼前可做的小事；不保證病情或未來一定好轉。","English","Every morning was a cheerful invitation to make my life of equal simplicity, and I may say innocence, with Nature herself.","Every morning was a cheerful invitation to make my life of equal simplicity, and I may say innocence, with Nature herself.","每個清晨都像一份欣喜的邀請，邀我活得如大自然一樣簡樸、純真。","Henry David Thoreau","亨利・大衛・梭羅","亨利・大衛・梭羅","Walden／《湖濱散記》","Walden — Where I Lived, and What I Lived For","https://www.gutenberg.org/ebooks/205","https://www.gutenberg.org/cache/epub/205/pg205.txt","1854","1862","Hong Kong","Public domain original — research assessment","原作者卒於1862年，已超過香港文學作品一般作者身後50年的保護期；只取歷史原文，不含現代譯文、編者註解或版面。","https://www.ip.gov.hk/en/types-of-ip/copyright/duration-of-copyright/index.html","https://www.gutenberg.org/ebooks/205","英文保留來源摘句；繁體中文為2026-09-21獨立新譯，以香港讀者易讀的白話表達，未把護老者情境加進引文本身。","護老者; 文學陪伴; C03; 好擔心，個心定唔落嚟; 文學／哲思","原文已與source_text_url所列文本核對，忽略排版空白及標點差異；保留摘句邊界。護老者情境配對屬編輯判斷，並非原作者的臨床建議。","2026-09-21"
"HCQ0106","C03","好擔心，個心定唔落嚟","安定、容納未知、回到當下","陪伴不確定，先看眼前可做的小事；不保證病情或未來一定好轉。","English","Morning is when I am awake and there is a dawn in me.","Morning is when I am awake and there is a dawn in me.","當我真正醒來，心裏有了曙光，那就是清晨。","Henry David Thoreau","亨利・大衛・梭羅","亨利・大衛・梭羅","Walden／《湖濱散記》","Walden — Where I Lived, and What I Lived For","https://www.gutenberg.org/ebooks/205","https://www.gutenberg.org/cache/epub/205/pg205.txt","1854","1862","Hong Kong","Public domain original — research assessment","原作者卒於1862年，已超過香港文學作品一般作者身後50年的保護期；只取歷史原文，不含現代譯文、編者註解或版面。","https://www.ip.gov.hk/en/types-of-ip/copyright/duration-of-copyright/index.html","https://www.gutenberg.org/ebooks/205","英文保留來源摘句；繁體中文為2026-09-21獨立新譯，以香港讀者易讀的白話表達，未把護老者情境加進引文本身。","護老者; 文學陪伴; C03; 好擔心，個心定唔落嚟; 文學／哲思","原文已與source_text_url所列文本核對，忽略排版空白及標點差異；保留摘句邊界。護老者情境配對屬編輯判斷，並非原作者的臨床建議。","2026-09-21"
"HCQ0164","C03","好擔心，個心定唔落嚟","安定、容納未知、回到當下","陪伴不確定，先看眼前可做的小事；不保證病情或未來一定好轉。","English","Only that day dawns to which we are awake. There is more day to dawn. The sun is but a morning star.","Only that day dawns to which we are awake. There is more day to dawn. The sun is but a morning star.","只有當我們醒來，那一天才真正破曉。前面還有更多白晝，太陽也只是一顆晨星。","Henry David Thoreau","亨利・大衛・梭羅","亨利・大衛・梭羅","Walden／《湖濱散記》","Walden — Conclusion","https://www.gutenberg.org/ebooks/205","https://www.gutenberg.org/cache/epub/205/pg205.txt","1854","1862","Hong Kong","Public domain original — research assessment","原作者卒於1862年，已超過香港文學作品一般作者身後50年的保護期；只取歷史原文，不含現代譯文、編者註解或版面。","https://www.ip.gov.hk/en/types-of-ip/copyright/duration-of-copyright/index.html","https://www.gutenberg.org/ebooks/205","英文保留來源摘句；繁體中文為2026-09-21獨立新譯，以香港讀者易讀的白話表達，未把護老者情境加進引文本身。","護老者; 文學陪伴; C03; 好擔心，個心定唔落嚟; 文學／哲思","原文已與source_text_url所列文本核對，忽略排版空白及標點差異；保留摘句邊界。護老者情境配對屬編輯判斷，並非原作者的臨床建議。","2026-09-21"
"HCQ0122","C03","好擔心，個心定唔落嚟","安定、容納未知、回到當下","陪伴不確定，先看眼前可做的小事；不保證病情或未來一定好轉。","English","And as the evening twilight fades away The sky is filled with stars, invisible by day.","And as the evening twilight fades away The sky is filled with stars, invisible by day.","當暮色漸漸退去，天空佈滿了白天看不見的星星。","Henry Wadsworth Longfellow","亨利・沃茲沃思・朗費羅","詩中抒情者","The Complete Poetical Works of Henry Wadsworth Longfellow","Morituri Salutamus","https://www.gutenberg.org/ebooks/1365","https://www.gutenberg.org/cache/epub/1365/pg1365.txt","19世紀（各詩篇年份不同）","1882","Hong Kong","Public domain original — research assessment","原作者卒於1882年，已超過香港文學作品一般作者身後50年的保護期；只取歷史原文，不含現代譯文、編者註解或版面。","https://www.ip.gov.hk/en/types-of-ip/copyright/duration-of-copyright/index.html","https://www.gutenberg.org/ebooks/1365","英文保留來源摘句；繁體中文為2026-09-21獨立新譯，以香港讀者易讀的白話表達，未把護老者情境加進引文本身。","護老者; 文學陪伴; C03; 好擔心，個心定唔落嚟; 文學／哲思","原文已與source_text_url所列文本核對，忽略排版空白及標點差異；保留摘句邊界。護老者情境配對屬編輯判斷，並非原作者的臨床建議。","2026-09-21"
"HCQ0057","C03","好擔心，個心定唔落嚟","安定、容納未知、回到當下","陪伴不確定，先看眼前可做的小事；不保證病情或未來一定好轉。","English（公版英譯來源；古代經文原語非英語）","Keep your heart with all diligence, for out of it is the wellspring of life.","Keep your heart with all diligence, for out of it is the wellspring of life.","好好守護你的心，因為生命的泉源由此流出。","Ancient wisdom writers; collection traditionally associated with Solomon","古代智慧作者群（傳統與所羅門相關的合集）","古代智慧作者群（傳統與所羅門相關的合集）","The Holy Bible — Proverbs／《聖經·箴言》（World English Bible, engwebp）","Proverbs 4:23／箴言 4:23","https://ebible.org/engwebp/PRO04.htm#V23","https://ebible.org/engwebp/PRO04.htm#V23","古代經文；World English Bible 2020 stable text edition（engwebp；2026-09-21核對）","古代作者；現代英譯依出版方公版聲明，不以譯者死亡年限判斷","Hong Kong","Public domain dedication — publisher statement; Hong Kong use assessment","古代聖經文本；所用World English Bible英譯由出版方明確獻予公有領域，並允許複製、分發、出售及引用；不是依賴現代譯者死亡年限。繁體中文為本次由此英譯新譯，並非WEB官方中文版。","https://ebible.org/engwebp/copyright.htm","https://ebible.org/engwebp/copyright.htm","原文及英文欄為World English Bible英譯，並非古代原語；繁體中文為2026-09-21獨立新譯，非WEB官方中文版。","護老者; 文學陪伴; C03; 好擔心，個心定唔落嚟; 基督宗教; faith:christian","原文已與source_text_url所列文本核對，忽略排版空白及標點差異；保留摘句邊界。護老者情境配對屬編輯判斷，並非原作者的臨床建議。 宗教來源已標籤，宜依使用者意願顯示；不把信仰教導當成必須遵守的要求。","2026-09-21"
"HCQ0138","C03","好擔心，個心定唔落嚟","安定、容納未知、回到當下","陪伴不確定，先看眼前可做的小事；不保證病情或未來一定好轉。","English（公版英譯來源；古代經文原語非英語）","Two are better than one, because they have a good reward for their labor.","Two are better than one, because they have a good reward for their labor.","兩個人比一個人好，因為彼此的勞作能有美好的成果。","Qoheleth; traditionally associated with Solomon","傳道者（傳統與所羅門相關）","傳道者（傳統與所羅門相關）","The Holy Bible — Ecclesiastes／《聖經·傳道書》（World English Bible, engwebp）","Ecclesiastes 4:9／傳道書 4:9","https://ebible.org/engwebp/ECC04.htm#V9","https://ebible.org/engwebp/ECC04.htm#V9","古代經文；World English Bible 2020 stable text edition（engwebp；2026-09-21核對）","古代作者；現代英譯依出版方公版聲明，不以譯者死亡年限判斷","Hong Kong","Public domain dedication — publisher statement; Hong Kong use assessment","古代聖經文本；所用World English Bible英譯由出版方明確獻予公有領域，並允許複製、分發、出售及引用；不是依賴現代譯者死亡年限。繁體中文為本次由此英譯新譯，並非WEB官方中文版。","https://ebible.org/engwebp/copyright.htm","https://ebible.org/engwebp/copyright.htm","原文及英文欄為World English Bible英譯，並非古代原語；繁體中文為2026-09-21獨立新譯，非WEB官方中文版。","護老者; 文學陪伴; C03; 好擔心，個心定唔落嚟; 基督宗教; faith:christian","原文已與source_text_url所列文本核對，忽略排版空白及標點差異；保留摘句邊界。護老者情境配對屬編輯判斷，並非原作者的臨床建議。 宗教來源已標籤，宜依使用者意願顯示；不把信仰教導當成必須遵守的要求。","2026-09-21"
"HCQ0119","C03","好擔心，個心定唔落嚟","安定、容納未知、回到當下","陪伴不確定，先看眼前可做的小事；不保證病情或未來一定好轉。","English（公版英譯來源；古代經文原語非英語）","For if they fall, the one will lift up his fellow;","For if they fall, the one will lift up his fellow;","若其中一人跌倒，另一人可以把同伴扶起。","Qoheleth; traditionally associated with Solomon","傳道者（傳統與所羅門相關）","傳道者（傳統與所羅門相關）","The Holy Bible — Ecclesiastes／《聖經·傳道書》（World English Bible, engwebp）","Ecclesiastes 4:10／傳道書 4:10（節錄）","https://ebible.org/engwebp/ECC04.htm#V10","https://ebible.org/engwebp/ECC04.htm#V10","古代經文；World English Bible 2020 stable text edition（engwebp；2026-09-21核對）","古代作者；現代英譯依出版方公版聲明，不以譯者死亡年限判斷","Hong Kong","Public domain dedication — publisher statement; Hong Kong use assessment","古代聖經文本；所用World English Bible英譯由出版方明確獻予公有領域，並允許複製、分發、出售及引用；不是依賴現代譯者死亡年限。繁體中文為本次由此英譯新譯，並非WEB官方中文版。","https://ebible.org/engwebp/copyright.htm","https://ebible.org/engwebp/copyright.htm","原文及英文欄為World English Bible英譯，並非古代原語；繁體中文為2026-09-21獨立新譯，非WEB官方中文版。","護老者; 文學陪伴; C03; 好擔心，個心定唔落嚟; 基督宗教; faith:christian","原文已與source_text_url所列文本核對，忽略排版空白及標點差異；保留摘句邊界。護老者情境配對屬編輯判斷，並非原作者的臨床建議。 宗教來源已標籤，宜依使用者意願顯示；不把信仰教導當成必須遵守的要求。","2026-09-21"
"HCQ0083","C03","好擔心，個心定唔落嚟","安定、容納未知、回到當下","陪伴不確定，先看眼前可做的小事；不保證病情或未來一定好轉。","English（公版英譯來源；古代經文原語非英語）","Where there is no counsel, plans fail; but in a multitude of counselors they are established.","Where there is no counsel, plans fail; but in a multitude of counselors they are established.","缺少商量，計劃容易落空；多聽幾位願意出主意的人，計劃便能站穩。","Ancient wisdom writers; collection traditionally associated with Solomon","古代智慧作者群（傳統與所羅門相關的合集）","古代智慧作者群（傳統與所羅門相關的合集）","The Holy Bible — Proverbs／《聖經·箴言》（World English Bible, engwebp）","Proverbs 15:22／箴言 15:22","https://ebible.org/engwebp/PRO15.htm#V22","https://ebible.org/engwebp/PRO15.htm#V22","古代經文；World English Bible 2020 stable text edition（engwebp；2026-09-21核對）","古代作者；現代英譯依出版方公版聲明，不以譯者死亡年限判斷","Hong Kong","Public domain dedication — publisher statement; Hong Kong use assessment","古代聖經文本；所用World English Bible英譯由出版方明確獻予公有領域，並允許複製、分發、出售及引用；不是依賴現代譯者死亡年限。繁體中文為本次由此英譯新譯，並非WEB官方中文版。","https://ebible.org/engwebp/copyright.htm","https://ebible.org/engwebp/copyright.htm","原文及英文欄為World English Bible英譯，並非古代原語；繁體中文為2026-09-21獨立新譯，非WEB官方中文版。","護老者; 文學陪伴; C03; 好擔心，個心定唔落嚟; 基督宗教; faith:christian","原文已與source_text_url所列文本核對，忽略排版空白及標點差異；保留摘句邊界。護老者情境配對屬編輯判斷，並非原作者的臨床建議。 宗教來源已標籤，宜依使用者意願顯示；不把信仰教導當成必須遵守的要求。","2026-09-21"
"HCQ0137","C03","好擔心，個心定唔落嚟","安定、容納未知、回到當下","陪伴不確定，先看眼前可做的小事；不保證病情或未來一定好轉。","English","A friend is a person with whom I may be sincere.","A friend is a person with whom I may be sincere.","朋友，是讓我能夠真誠相待的人。","Ralph Waldo Emerson","拉爾夫・沃爾多・愛默生","拉爾夫・沃爾多・愛默生","Essays／《論文集》","Friendship","https://www.gutenberg.org/ebooks/16643","https://www.gutenberg.org/cache/epub/16643/pg16643.txt","1841（所選文章）","1882","Hong Kong","Public domain original — research assessment","原作者卒於1882年，已超過香港文學作品一般作者身後50年的保護期；只取歷史原文，不含現代譯文、編者註解或版面。","https://www.ip.gov.hk/en/types-of-ip/copyright/duration-of-copyright/index.html","https://www.gutenberg.org/ebooks/16643","英文保留來源摘句；繁體中文為2026-09-21獨立新譯，以香港讀者易讀的白話表達，未把護老者情境加進引文本身。","護老者; 文學陪伴; C03; 好擔心，個心定唔落嚟; 文學／哲思","原文已與source_text_url所列文本核對，忽略排版空白及標點差異；保留摘句邊界。護老者情境配對屬編輯判斷，並非原作者的臨床建議。","2026-09-21"
"HCQ0056","C03","好擔心，個心定唔落嚟","安定、容納未知、回到當下","陪伴不確定，先看眼前可做的小事；不保證病情或未來一定好轉。","English","Camerado, I give you my hand! I give you my love more precious than money,","Camerado, I give you my hand! I give you my love more precious than money,","朋友，我向你伸出手，也把比金錢更珍貴的愛送給你。","Walt Whitman","華特・惠特曼","詩中抒情者","Leaves of Grass／《草葉集》","Song of the Open Road, 15","https://www.gutenberg.org/ebooks/1322","https://www.gutenberg.org/cache/epub/1322/pg1322.txt","1855–1892（多次增訂）","1892","Hong Kong","Public domain original — research assessment","原作者卒於1892年，已超過香港文學作品一般作者身後50年的保護期；只取歷史原文，不含現代譯文、編者註解或版面。","https://www.ip.gov.hk/en/types-of-ip/copyright/duration-of-copyright/index.html","https://www.gutenberg.org/ebooks/1322","英文保留來源摘句；繁體中文為2026-09-21獨立新譯，以香港讀者易讀的白話表達，未把護老者情境加進引文本身。","護老者; 文學陪伴; C03; 好擔心，個心定唔落嚟; 文學／哲思","原文已與source_text_url所列文本核對，忽略排版空白及標點差異；保留摘句邊界。護老者情境配對屬編輯判斷，並非原作者的臨床建議。","2026-09-21"
"HCQ0159","C03","好擔心，個心定唔落嚟","安定、容納未知、回到當下","陪伴不確定，先看眼前可做的小事；不保證病情或未來一定好轉。","English","If you tire, give me both burdens, and rest the chuff of your hand on my hip, And in due time you shall repay the same service to me,","If you tire, give me both burdens, and rest the chuff of your hand on my hip, And in due time you shall repay the same service to me,","你若累了，就把兩份行李都交給我，將手掌靠在我的腰旁歇一歇；到了合適的時候，你也可以這樣幫助我。","Walt Whitman","華特・惠特曼","詩中抒情者","Leaves of Grass／《草葉集》","Song of Myself, 46","https://www.gutenberg.org/ebooks/1322","https://www.gutenberg.org/cache/epub/1322/pg1322.txt","1855–1892（多次增訂）","1892","Hong Kong","Public domain original — research assessment","原作者卒於1892年，已超過香港文學作品一般作者身後50年的保護期；只取歷史原文，不含現代譯文、編者註解或版面。","https://www.ip.gov.hk/en/types-of-ip/copyright/duration-of-copyright/index.html","https://www.gutenberg.org/ebooks/1322","英文保留來源摘句；繁體中文為2026-09-21獨立新譯，以香港讀者易讀的白話表達，未把護老者情境加進引文本身。","護老者; 文學陪伴; C03; 好擔心，個心定唔落嚟; 文學／哲思","原文已與source_text_url所列文本核對，忽略排版空白及標點差異；保留摘句邊界。護老者情境配對屬編輯判斷，並非原作者的臨床建議。 互助的文學描寫；求助不以日後有能力回報為前提。","2026-09-21"
"HCQ0074","C03","好擔心，個心定唔落嚟","安定、容納未知、回到當下","陪伴不確定，先看眼前可做的小事；不保證病情或未來一定好轉。","English","And what desert greater shall there be, than that which lies in the courage and the confidence, nay the charity, of receiving?","And what desert greater shall there be, than that which lies in the courage and the confidence, nay the charity, of receiving?","還有甚麼比願意接受時的勇氣、信任，甚至善意，更值得被珍惜？","Kahlil Gibran","紀伯倫","Almustafa／阿爾穆斯塔法（作品人物）","The Prophet／《先知》","On Giving","https://www.gutenberg.org/ebooks/58585","https://www.gutenberg.org/cache/epub/58585/pg58585.txt","1923","1931","Hong Kong","Public domain original — research assessment","原作者卒於1931年，已超過香港文學作品一般作者身後50年的保護期；只取歷史原文，不含現代譯文、編者註解或版面。","https://www.ip.gov.hk/en/types-of-ip/copyright/duration-of-copyright/index.html","https://www.gutenberg.org/ebooks/58585","英文保留來源摘句；繁體中文為2026-09-21獨立新譯，以香港讀者易讀的白話表達，未把護老者情境加進引文本身。","護老者; 文學陪伴; C03; 好擔心，個心定唔落嚟; 寓言散文詩; 靈性文學","原文已與source_text_url所列文本核對，忽略排版空白及標點差異；保留摘句邊界。護老者情境配對屬編輯判斷，並非原作者的臨床建議。 說話者為作品人物Almustafa，並非作者訪談。","2026-09-21"
"HCQ0114","C03","好擔心，個心定唔落嚟","安定、容納未知、回到當下","陪伴不確定，先看眼前可做的小事；不保證病情或未來一定好轉。","English","If he is indeed wise he does not bid you enter the house of his wisdom, but rather leads you to the threshold of your own mind.","If he is indeed wise he does not bid you enter the house of his wisdom, but rather leads you to the threshold of your own mind.","真正有智慧的老師，不會要你走進他的智慧之屋，而會帶你來到自己心靈的門前。","Kahlil Gibran","紀伯倫","Almustafa／阿爾穆斯塔法（作品人物）","The Prophet／《先知》","On Teaching","https://www.gutenberg.org/ebooks/58585","https://www.gutenberg.org/cache/epub/58585/pg58585.txt","1923","1931","Hong Kong","Public domain original — research assessment","原作者卒於1931年，已超過香港文學作品一般作者身後50年的保護期；只取歷史原文，不含現代譯文、編者註解或版面。","https://www.ip.gov.hk/en/types-of-ip/copyright/duration-of-copyright/index.html","https://www.gutenberg.org/ebooks/58585","英文保留來源摘句；繁體中文為2026-09-21獨立新譯，以香港讀者易讀的白話表達，未把護老者情境加進引文本身。","護老者; 文學陪伴; C03; 好擔心，個心定唔落嚟; 寓言散文詩; 靈性文學","原文已與source_text_url所列文本核對，忽略排版空白及標點差異；保留摘句邊界。護老者情境配對屬編輯判斷，並非原作者的臨床建議。 說話者為作品人物Almustafa，並非作者訪談。","2026-09-21"
"HCQ0007","C03","好擔心，個心定唔落嚟","安定、容納未知、回到當下","陪伴不確定，先看眼前可做的小事；不保證病情或未來一定好轉。","English","Say not, “I have found the truth,” but rather, “I have found a truth.”","Say not, “I have found the truth,” but rather, “I have found a truth.”","別說「我找到了真理」，不妨說「我找到了一份真實」。","Kahlil Gibran","紀伯倫","Almustafa／阿爾穆斯塔法（作品人物）","The Prophet／《先知》","On Self-Knowledge","https://www.gutenberg.org/ebooks/58585","https://www.gutenberg.org/cache/epub/58585/pg58585.txt","1923","1931","Hong Kong","Public domain original — research assessment","原作者卒於1931年，已超過香港文學作品一般作者身後50年的保護期；只取歷史原文，不含現代譯文、編者註解或版面。","https://www.ip.gov.hk/en/types-of-ip/copyright/duration-of-copyright/index.html","https://www.gutenberg.org/ebooks/58585","英文保留來源摘句；繁體中文為2026-09-21獨立新譯，以香港讀者易讀的白話表達，未把護老者情境加進引文本身。","護老者; 文學陪伴; C03; 好擔心，個心定唔落嚟; 寓言散文詩; 靈性文學","原文已與source_text_url所列文本核對，忽略排版空白及標點差異；保留摘句邊界。護老者情境配對屬編輯判斷，並非原作者的臨床建議。 說話者為作品人物Almustafa，並非作者訪談。","2026-09-21"
"HCQ0064","C03","好擔心，個心定唔落嚟","安定、容納未知、回到當下","陪伴不確定，先看眼前可做的小事；不保證病情或未來一定好轉。","English","The soul unfolds itself, like a lotus of countless petals.","The soul unfolds itself, like a lotus of countless petals.","心靈像一朵有無數花瓣的蓮花，慢慢舒展。","Kahlil Gibran","紀伯倫","Almustafa／阿爾穆斯塔法（作品人物）","The Prophet／《先知》","On Self-Knowledge","https://www.gutenberg.org/ebooks/58585","https://www.gutenberg.org/cache/epub/58585/pg58585.txt","1923","1931","Hong Kong","Public domain original — research assessment","原作者卒於1931年，已超過香港文學作品一般作者身後50年的保護期；只取歷史原文，不含現代譯文、編者註解或版面。","https://www.ip.gov.hk/en/types-of-ip/copyright/duration-of-copyright/index.html","https://www.gutenberg.org/ebooks/58585","英文保留來源摘句；繁體中文為2026-09-21獨立新譯，以香港讀者易讀的白話表達，未把護老者情境加進引文本身。","護老者; 文學陪伴; C03; 好擔心，個心定唔落嚟; 寓言散文詩; 靈性文學","原文已與source_text_url所列文本核對，忽略排版空白及標點差異；保留摘句邊界。護老者情境配對屬編輯判斷，並非原作者的臨床建議。 說話者為作品人物Almustafa，並非作者訪談。","2026-09-21"
"HCQ0157","C03","好擔心，個心定唔落嚟","安定、容納未知、回到當下","陪伴不確定，先看眼前可做的小事；不保證病情或未來一定好轉。","English","For self is a sea boundless and measureless.","For self is a sea boundless and measureless.","自我是一片沒有邊界、無法量盡的海。","Kahlil Gibran","紀伯倫","Almustafa／阿爾穆斯塔法（作品人物）","The Prophet／《先知》","On Self-Knowledge","https://www.gutenberg.org/ebooks/58585","https://www.gutenberg.org/cache/epub/58585/pg58585.txt","1923","1931","Hong Kong","Public domain original — research assessment","原作者卒於1931年，已超過香港文學作品一般作者身後50年的保護期；只取歷史原文，不含現代譯文、編者註解或版面。","https://www.ip.gov.hk/en/types-of-ip/copyright/duration-of-copyright/index.html","https://www.gutenberg.org/ebooks/58585","英文保留來源摘句；繁體中文為2026-09-21獨立新譯，以香港讀者易讀的白話表達，未把護老者情境加進引文本身。","護老者; 文學陪伴; C03; 好擔心，個心定唔落嚟; 寓言散文詩; 靈性文學","原文已與source_text_url所列文本核對，忽略排版空白及標點差異；保留摘句邊界。護老者情境配對屬編輯判斷，並非原作者的臨床建議。 說話者為作品人物Almustafa，並非作者訪談。","2026-09-21"
"HCQ0168","C03","好擔心，個心定唔落嚟","安定、容納未知、回到當下","陪伴不確定，先看眼前可做的小事；不保證病情或未來一定好轉。","English","You are also as strong as your strongest link.","You are also as strong as your strongest link.","你也擁有自己最堅強的那一環的力量。","Kahlil Gibran","紀伯倫","Almustafa／阿爾穆斯塔法（作品人物）","The Prophet／《先知》","The Farewell","https://www.gutenberg.org/ebooks/58585","https://www.gutenberg.org/cache/epub/58585/pg58585.txt","1923","1931","Hong Kong","Public domain original — research assessment","原作者卒於1931年，已超過香港文學作品一般作者身後50年的保護期；只取歷史原文，不含現代譯文、編者註解或版面。","https://www.ip.gov.hk/en/types-of-ip/copyright/duration-of-copyright/index.html","https://www.gutenberg.org/ebooks/58585","英文保留來源摘句；繁體中文為2026-09-21獨立新譯，以香港讀者易讀的白話表達，未把護老者情境加進引文本身。","護老者; 文學陪伴; C03; 好擔心，個心定唔落嚟; 寓言散文詩; 靈性文學","原文已與source_text_url所列文本核對，忽略排版空白及標點差異；保留摘句邊界。護老者情境配對屬編輯判斷，並非原作者的臨床建議。 說話者為作品人物Almustafa，並非作者訪談。","2026-09-21"
"HCQ0163","C04","好忟，好易發脾氣","被理解、暫停、保護界線","先接住情緒，再留出回應空間；不要求忍受傷害或急於原諒。","English（公版英譯來源；古代經文原語非英語）","So, then, my beloved brothers, let every man be swift to hear, slow to speak, and slow to anger;","So, then, my beloved brothers, let every man be swift to hear, slow to speak, and slow to anger;","親愛的弟兄們，願每個人都快快地聽，慢慢地說，也慢慢動怒。","James (traditional attribution)","雅各（傳統歸屬）","雅各（傳統歸屬）","The Holy Bible — James／《聖經·雅各書》（World English Bible, engwebp）","James 1:19／雅各書 1:19","https://ebible.org/engwebp/JAS01.htm#V19","https://ebible.org/engwebp/JAS01.htm#V19","古代經文；World English Bible 2020 stable text edition（engwebp；2026-09-21核對）","古代作者；現代英譯依出版方公版聲明，不以譯者死亡年限判斷","Hong Kong","Public domain dedication — publisher statement; Hong Kong use assessment","古代聖經文本；所用World English Bible英譯由出版方明確獻予公有領域，並允許複製、分發、出售及引用；不是依賴現代譯者死亡年限。繁體中文為本次由此英譯新譯，並非WEB官方中文版。","https://ebible.org/engwebp/copyright.htm","https://ebible.org/engwebp/copyright.htm","原文及英文欄為World English Bible英譯，並非古代原語；繁體中文為2026-09-21獨立新譯，非WEB官方中文版。","護老者; 文學陪伴; C04; 好忟，好易發脾氣; 基督宗教; faith:christian","原文已與source_text_url所列文本核對，忽略排版空白及標點差異；保留摘句邊界。護老者情境配對屬編輯判斷，並非原作者的臨床建議。 宗教來源已標籤，宜依使用者意願顯示；不把信仰教導當成必須遵守的要求。 不應用來責備憤怒、強迫寬恕或要求忍受虐待。","2026-09-21"
"HCQ0120","C04","好忟，好易發脾氣","被理解、暫停、保護界線","先接住情緒，再留出回應空間；不要求忍受傷害或急於原諒。","English（公版英譯來源；古代經文原語非英語）","A gentle answer turns away wrath, but a harsh word stirs up anger.","A gentle answer turns away wrath, but a harsh word stirs up anger.","溫和的回答能平息怒氣，尖刻的話卻會挑起憤怒。","Ancient wisdom writers; collection traditionally associated with Solomon","古代智慧作者群（傳統與所羅門相關的合集）","古代智慧作者群（傳統與所羅門相關的合集）","The Holy Bible — Proverbs／《聖經·箴言》（World English Bible, engwebp）","Proverbs 15:1／箴言 15:1","https://ebible.org/engwebp/PRO15.htm#V1","https://ebible.org/engwebp/PRO15.htm#V1","古代經文；World English Bible 2020 stable text edition（engwebp；2026-09-21核對）","古代作者；現代英譯依出版方公版聲明，不以譯者死亡年限判斷","Hong Kong","Public domain dedication — publisher statement; Hong Kong use assessment","古代聖經文本；所用World English Bible英譯由出版方明確獻予公有領域，並允許複製、分發、出售及引用；不是依賴現代譯者死亡年限。繁體中文為本次由此英譯新譯，並非WEB官方中文版。","https://ebible.org/engwebp/copyright.htm","https://ebible.org/engwebp/copyright.htm","原文及英文欄為World English Bible英譯，並非古代原語；繁體中文為2026-09-21獨立新譯，非WEB官方中文版。","護老者; 文學陪伴; C04; 好忟，好易發脾氣; 基督宗教; faith:christian","原文已與source_text_url所列文本核對，忽略排版空白及標點差異；保留摘句邊界。護老者情境配對屬編輯判斷，並非原作者的臨床建議。 宗教來源已標籤，宜依使用者意願顯示；不把信仰教導當成必須遵守的要求。 不應用來責備憤怒、強迫寬恕或要求忍受虐待。","2026-09-21"
"HCQ0016","C04","好忟，好易發脾氣","被理解、暫停、保護界線","先接住情緒，再留出回應空間；不要求忍受傷害或急於原諒。","English（公版英譯來源；古代經文原語非英語）","One who is slow to anger is better than the mighty; one who rules his spirit, than he who takes a city.","One who is slow to anger is better than the mighty; one who rules his spirit, than he who takes a city.","不輕易動怒的人，勝過勇士；能安頓自己心緒的人，勝過攻下一座城的人。","Ancient wisdom writers; collection traditionally associated with Solomon","古代智慧作者群（傳統與所羅門相關的合集）","古代智慧作者群（傳統與所羅門相關的合集）","The Holy Bible — Proverbs／《聖經·箴言》（World English Bible, engwebp）","Proverbs 16:32／箴言 16:32","https://ebible.org/engwebp/PRO16.htm#V32","https://ebible.org/engwebp/PRO16.htm#V32","古代經文；World English Bible 2020 stable text edition（engwebp；2026-09-21核對）","古代作者；現代英譯依出版方公版聲明，不以譯者死亡年限判斷","Hong Kong","Public domain dedication — publisher statement; Hong Kong use assessment","古代聖經文本；所用World English Bible英譯由出版方明確獻予公有領域，並允許複製、分發、出售及引用；不是依賴現代譯者死亡年限。繁體中文為本次由此英譯新譯，並非WEB官方中文版。","https://ebible.org/engwebp/copyright.htm","https://ebible.org/engwebp/copyright.htm","原文及英文欄為World English Bible英譯，並非古代原語；繁體中文為2026-09-21獨立新譯，非WEB官方中文版。","護老者; 文學陪伴; C04; 好忟，好易發脾氣; 基督宗教; faith:christian","原文已與source_text_url所列文本核對，忽略排版空白及標點差異；保留摘句邊界。護老者情境配對屬編輯判斷，並非原作者的臨床建議。 宗教來源已標籤，宜依使用者意願顯示；不把信仰教導當成必須遵守的要求。","2026-09-21"
"HCQ0073","C04","好忟，好易發脾氣","被理解、暫停、保護界線","先接住情緒，再留出回應空間；不要求忍受傷害或急於原諒。","English（公版英譯來源；古代經文原語非英語）","For hatred does not cease by hatred at any time: hatred ceases by love, this is an old rule.","For hatred does not cease by hatred at any time: hatred ceases by love, this is an old rule.","怨恨從來不能止息怨恨；唯有愛能使怨恨止息，這是古老的道理。","Gautama Buddha (traditional attribution); F. Max Müller (English translator)","釋迦牟尼佛（傳統歸屬）；麥克斯・繆勒（英譯）","佛陀教導（《法句經》傳承記錄；非逐字歷史錄音）","Dhammapada／《法句經》（F. Max Müller英譯，Sacred Books of the East X, Part I）","Verse 5／第5偈","https://www.gutenberg.org/ebooks/2017","https://www.gutenberg.org/cache/epub/2017/pg2017.txt","古代巴利語經典；所用英譯刊於1881年","古代佛教傳承；英譯者F. Max Müller：1900年","Hong Kong","Public domain historical translation — research assessment","古代佛教經典；所用英譯者F. Max Müller卒於1900年，1881年英譯本已超過香港文學作品通常作者身後50年的保護期。只用歷史譯文，不取網站現代註解或版面。","https://www.ip.gov.hk/en/types-of-ip/copyright/duration-of-copyright/index.html","https://www.gutenberg.org/ebooks/2017","原文及英文欄為繆勒1881年歷史英譯，並非巴利語；繁體中文為2026-09-21依此英譯獨立新譯，非既有漢譯佛經。","護老者; 文學陪伴; C04; 好忟，好易發脾氣; 佛教; faith:buddhist","原文已與source_text_url所列文本核對，忽略排版空白及標點差異；保留摘句邊界。護老者情境配對屬編輯判斷，並非原作者的臨床建議。 宗教來源已標籤，宜依使用者意願顯示；不把信仰教導當成必須遵守的要求。 不應用來責備憤怒、強迫寬恕或要求忍受虐待。","2026-09-21"
"HCQ0066","C04","好忟，好易發脾氣","被理解、暫停、保護界線","先接住情緒，再留出回應空間；不要求忍受傷害或急於原諒。","English（公版英譯來源；古代經文原語非英語）","Let a man overcome anger by love, let him overcome evil by good; let him overcome the greedy by liberality, the liar by truth!","Let a man overcome anger by love, let him overcome evil by good; let him overcome the greedy by liberality, the liar by truth!","以愛化解憤怒，以善回應惡，以慷慨回應貪婪，以真誠回應謊言。","Gautama Buddha (traditional attribution); F. Max Müller (English translator)","釋迦牟尼佛（傳統歸屬）；麥克斯・繆勒（英譯）","佛陀教導（《法句經》傳承記錄；非逐字歷史錄音）","Dhammapada／《法句經》（F. Max Müller英譯，Sacred Books of the East X, Part I）","Verse 223／第223偈","https://www.gutenberg.org/ebooks/2017","https://www.gutenberg.org/cache/epub/2017/pg2017.txt","古代巴利語經典；所用英譯刊於1881年","古代佛教傳承；英譯者F. Max Müller：1900年","Hong Kong","Public domain historical translation — research assessment","古代佛教經典；所用英譯者F. Max Müller卒於1900年，1881年英譯本已超過香港文學作品通常作者身後50年的保護期。只用歷史譯文，不取網站現代註解或版面。","https://www.ip.gov.hk/en/types-of-ip/copyright/duration-of-copyright/index.html","https://www.gutenberg.org/ebooks/2017","原文及英文欄為繆勒1881年歷史英譯，並非巴利語；繁體中文為2026-09-21依此英譯獨立新譯，非既有漢譯佛經。","護老者; 文學陪伴; C04; 好忟，好易發脾氣; 佛教; faith:buddhist","原文已與source_text_url所列文本核對，忽略排版空白及標點差異；保留摘句邊界。護老者情境配對屬編輯判斷，並非原作者的臨床建議。 宗教來源已標籤，宜依使用者意願顯示；不把信仰教導當成必須遵守的要求。 不應用來責備憤怒、強迫寬恕或要求忍受虐待。","2026-09-21"
"HCQ0156","C04","好忟，好易發脾氣","被理解、暫停、保護界線","先接住情緒，再留出回應空間；不要求忍受傷害或急於原諒。","English（公版英譯來源；古代經文原語非英語）","Let us live happily then, not hating those who hate us! among men who hate us let us dwell free from hatred!","Let us live happily then, not hating those who hate us! among men who hate us let us dwell free from hatred!","讓我們快樂地生活，不以怨恨回應怨恨；即使身處敵意之中，也讓自己不被恨意困住。","Gautama Buddha (traditional attribution); F. Max Müller (English translator)","釋迦牟尼佛（傳統歸屬）；麥克斯・繆勒（英譯）","佛陀教導（《法句經》傳承記錄；非逐字歷史錄音）","Dhammapada／《法句經》（F. Max Müller英譯，Sacred Books of the East X, Part I）","Verse 197／第197偈","https://www.gutenberg.org/ebooks/2017","https://www.gutenberg.org/cache/epub/2017/pg2017.txt","古代巴利語經典；所用英譯刊於1881年","古代佛教傳承；英譯者F. Max Müller：1900年","Hong Kong","Public domain historical translation — research assessment","古代佛教經典；所用英譯者F. Max Müller卒於1900年，1881年英譯本已超過香港文學作品通常作者身後50年的保護期。只用歷史譯文，不取網站現代註解或版面。","https://www.ip.gov.hk/en/types-of-ip/copyright/duration-of-copyright/index.html","https://www.gutenberg.org/ebooks/2017","原文及英文欄為繆勒1881年歷史英譯，並非巴利語；繁體中文為2026-09-21依此英譯獨立新譯，非既有漢譯佛經。","護老者; 文學陪伴; C04; 好忟，好易發脾氣; 佛教; faith:buddhist","原文已與source_text_url所列文本核對，忽略排版空白及標點差異；保留摘句邊界。護老者情境配對屬編輯判斷，並非原作者的臨床建議。 宗教來源已標籤，宜依使用者意願顯示；不把信仰教導當成必須遵守的要求。 不應用來責備憤怒、強迫寬恕或要求忍受虐待。","2026-09-21"
"HCQ0166","C04","好忟，好易發脾氣","被理解、暫停、保護界線","先接住情緒，再留出回應空間；不要求忍受傷害或急於原諒。","English（公版英譯來源；古代經文原語非英語）","Victory breeds hatred, for the conquered is unhappy. He who has given up both victory and defeat, he, the contented, is happy.","Victory breeds hatred, for the conquered is unhappy. He who has given up both victory and defeat, he, the contented, is happy.","勝利容易生出怨恨，落敗的人也不快樂；放下非勝即敗的人，能在知足中得到安樂。","Gautama Buddha (traditional attribution); F. Max Müller (English translator)","釋迦牟尼佛（傳統歸屬）；麥克斯・繆勒（英譯）","佛陀教導（《法句經》傳承記錄；非逐字歷史錄音）","Dhammapada／《法句經》（F. Max Müller英譯，Sacred Books of the East X, Part I）","Verse 201／第201偈","https://www.gutenberg.org/ebooks/2017","https://www.gutenberg.org/cache/epub/2017/pg2017.txt","古代巴利語經典；所用英譯刊於1881年","古代佛教傳承；英譯者F. Max Müller：1900年","Hong Kong","Public domain historical translation — research assessment","古代佛教經典；所用英譯者F. Max Müller卒於1900年，1881年英譯本已超過香港文學作品通常作者身後50年的保護期。只用歷史譯文，不取網站現代註解或版面。","https://www.ip.gov.hk/en/types-of-ip/copyright/duration-of-copyright/index.html","https://www.gutenberg.org/ebooks/2017","原文及英文欄為繆勒1881年歷史英譯，並非巴利語；繁體中文為2026-09-21依此英譯獨立新譯，非既有漢譯佛經。","護老者; 文學陪伴; C04; 好忟，好易發脾氣; 佛教; faith:buddhist","原文已與source_text_url所列文本核對，忽略排版空白及標點差異；保留摘句邊界。護老者情境配對屬編輯判斷，並非原作者的臨床建議。 宗教來源已標籤，宜依使用者意願顯示；不把信仰教導當成必須遵守的要求。 不應用來責備憤怒、強迫寬恕或要求忍受虐待。","2026-09-21"
"HCQ0055","C04","好忟，好易發脾氣","被理解、暫停、保護界線","先接住情緒，再留出回應空間；不要求忍受傷害或急於原諒。","English（公版英譯來源；古代經文原語非英語）","He who holds back rising anger like a rolling chariot, him I call a real driver; other people are but holding the reins.","He who holds back rising anger like a rolling chariot, him I call a real driver; other people are but holding the reins.","能像駕馭奔馳的戰車般，穩住升起的怒氣，才是真正的駕駛者；其他人不過握着韁繩。","Gautama Buddha (traditional attribution); F. Max Müller (English translator)","釋迦牟尼佛（傳統歸屬）；麥克斯・繆勒（英譯）","佛陀教導（《法句經》傳承記錄；非逐字歷史錄音）","Dhammapada／《法句經》（F. Max Müller英譯，Sacred Books of the East X, Part I）","Verse 222／第222偈","https://www.gutenberg.org/ebooks/2017","https://www.gutenberg.org/cache/epub/2017/pg2017.txt","古代巴利語經典；所用英譯刊於1881年","古代佛教傳承；英譯者F. Max Müller：1900年","Hong Kong","Public domain historical translation — research assessment","古代佛教經典；所用英譯者F. Max Müller卒於1900年，1881年英譯本已超過香港文學作品通常作者身後50年的保護期。只用歷史譯文，不取網站現代註解或版面。","https://www.ip.gov.hk/en/types-of-ip/copyright/duration-of-copyright/index.html","https://www.gutenberg.org/ebooks/2017","原文及英文欄為繆勒1881年歷史英譯，並非巴利語；繁體中文為2026-09-21依此英譯獨立新譯，非既有漢譯佛經。","護老者; 文學陪伴; C04; 好忟，好易發脾氣; 佛教; faith:buddhist","原文已與source_text_url所列文本核對，忽略排版空白及標點差異；保留摘句邊界。護老者情境配對屬編輯判斷，並非原作者的臨床建議。 宗教來源已標籤，宜依使用者意願顯示；不把信仰教導當成必須遵守的要求。 不應用來責備憤怒、強迫寬恕或要求忍受虐待。","2026-09-21"
"HCQ0013","C04","好忟，好易發脾氣","被理解、暫停、保護界線","先接住情緒，再留出回應空間；不要求忍受傷害或急於原諒。","English（公版英譯來源；古代經文原語非英語）","And be kind to one another, tender hearted, forgiving each other, just as God also in Christ forgave you.","And be kind to one another, tender hearted, forgiving each other, just as God also in Christ forgave you.","以善意相待，心存溫柔，彼此寬恕，就像上帝在基督裏寬恕了你們。","Paul (traditional attribution)","保羅（傳統歸屬）","保羅（傳統歸屬）","The Holy Bible — Ephesians／《聖經·以弗所書》（World English Bible, engwebp）","Ephesians 4:32／以弗所書 4:32","https://ebible.org/engwebp/EPH04.htm#V32","https://ebible.org/engwebp/EPH04.htm#V32","古代經文；World English Bible 2020 stable text edition（engwebp；2026-09-21核對）","古代作者；現代英譯依出版方公版聲明，不以譯者死亡年限判斷","Hong Kong","Public domain dedication — publisher statement; Hong Kong use assessment","古代聖經文本；所用World English Bible英譯由出版方明確獻予公有領域，並允許複製、分發、出售及引用；不是依賴現代譯者死亡年限。繁體中文為本次由此英譯新譯，並非WEB官方中文版。","https://ebible.org/engwebp/copyright.htm","https://ebible.org/engwebp/copyright.htm","原文及英文欄為World English Bible英譯，並非古代原語；繁體中文為2026-09-21獨立新譯，非WEB官方中文版。","護老者; 文學陪伴; C04; 好忟，好易發脾氣; 基督宗教; faith:christian","原文已與source_text_url所列文本核對，忽略排版空白及標點差異；保留摘句邊界。護老者情境配對屬編輯判斷，並非原作者的臨床建議。 宗教來源已標籤，宜依使用者意願顯示；不把信仰教導當成必須遵守的要求。 不應用來責備憤怒、強迫寬恕或要求忍受虐待。","2026-09-21"
"HCQ0080","C04","好忟，好易發脾氣","被理解、暫停、保護界線","先接住情緒，再留出回應空間；不要求忍受傷害或急於原諒。","English（公版英譯來源；古代經文原語非英語）","If it is possible, as much as it is up to you, be at peace with all men.","If it is possible, as much as it is up to you, be at peace with all men.","只要情況容許，在你能做到的範圍內，與人和平相處。","Paul (traditional attribution)","保羅（傳統歸屬）","保羅（傳統歸屬）","The Holy Bible — Romans／《聖經·羅馬書》（World English Bible, engwebp）","Romans 12:18／羅馬書 12:18","https://ebible.org/engwebp/ROM12.htm#V18","https://ebible.org/engwebp/ROM12.htm#V18","古代經文；World English Bible 2020 stable text edition（engwebp；2026-09-21核對）","古代作者；現代英譯依出版方公版聲明，不以譯者死亡年限判斷","Hong Kong","Public domain dedication — publisher statement; Hong Kong use assessment","古代聖經文本；所用World English Bible英譯由出版方明確獻予公有領域，並允許複製、分發、出售及引用；不是依賴現代譯者死亡年限。繁體中文為本次由此英譯新譯，並非WEB官方中文版。","https://ebible.org/engwebp/copyright.htm","https://ebible.org/engwebp/copyright.htm","原文及英文欄為World English Bible英譯，並非古代原語；繁體中文為2026-09-21獨立新譯，非WEB官方中文版。","護老者; 文學陪伴; C04; 好忟，好易發脾氣; 基督宗教; faith:christian","原文已與source_text_url所列文本核對，忽略排版空白及標點差異；保留摘句邊界。護老者情境配對屬編輯判斷，並非原作者的臨床建議。 宗教來源已標籤，宜依使用者意願顯示；不把信仰教導當成必須遵守的要求。 不應用來責備憤怒、強迫寬恕或要求忍受虐待。","2026-09-21"
"HCQ0041","C04","好忟，好易發脾氣","被理解、暫停、保護界線","先接住情緒，再留出回應空間；不要求忍受傷害或急於原諒。","文言中文","己所不欲，勿施於人。","Do not put upon others what you would not wish upon yourself.","自己不願承受的，也別加在別人身上。","Confucius (recorded in the Analects)","孔子（《論語》記錄）","孔子（《論語》記錄）","《論語》","衛靈公15.24","https://ctext.org/analects/wei-ling-gong","https://ctext.org/analects/wei-ling-gong","先秦傳世文本","公元前479年","Hong Kong","Public domain original — research assessment","先秦／漢代傳世古籍原文，歷史作者及文本年代已遠超一般版權期限；只取古文，不含網站現代譯注或版面。","https://www.ip.gov.hk/en/types-of-ip/copyright/duration-of-copyright/index.html","https://ctext.org/analects/wei-ling-gong","古文保留來源文字；繁體中文白話及英文均為2026-09-21獨立新譯。","護老者; 文學陪伴; C04; 好忟，好易發脾氣; 中國古典哲學","原文已與source_text_url所列文本核對，忽略排版空白及標點差異；保留摘句邊界。護老者情境配對屬編輯判斷，並非原作者的臨床建議。 不應用來責備憤怒、強迫寬恕或要求忍受虐待。","2026-09-21"
"HCQ0160","C04","好忟，好易發脾氣","被理解、暫停、保護界線","先接住情緒，再留出回應空間；不要求忍受傷害或急於原諒。","文言中文","禮之用，和為貴。","In the practice of ritual, harmony is what matters.","禮節的用意，在於讓人和諧相處。","Youzi (recorded in the Analects)","有子（《論語》記錄）","有子（《論語》記錄）","《論語》","學而1.12（有子）","https://ctext.org/analects/xue-er","https://ctext.org/analects/xue-er","先秦傳世文本","古代；生卒年未確定","Hong Kong","Public domain original — research assessment","先秦／漢代傳世古籍原文，歷史作者及文本年代已遠超一般版權期限；只取古文，不含網站現代譯注或版面。","https://www.ip.gov.hk/en/types-of-ip/copyright/duration-of-copyright/index.html","https://ctext.org/analects/xue-er","古文保留來源文字；繁體中文白話及英文均為2026-09-21獨立新譯。","護老者; 文學陪伴; C04; 好忟，好易發脾氣; 中國古典哲學","原文已與source_text_url所列文本核對，忽略排版空白及標點差異；保留摘句邊界。護老者情境配對屬編輯判斷，並非原作者的臨床建議。","2026-09-21"
"HCQ0086","C04","好忟，好易發脾氣","被理解、暫停、保護界線","先接住情緒，再留出回應空間；不要求忍受傷害或急於原諒。","文言中文","善為士者，不武；善戰者，不怒；善勝敵者，不與；善用人者，為之下。","A good commander is not aggressive; a good fighter does not rage; a good victor does not contend; a good leader places himself below others.","善於做將領的人不逞強，善戰的人不靠怒氣，善於取勝的人不硬碰，善用人才的人懂得謙下。","Laozi (traditional attribution)","老子（傳統歸屬）","老子（傳統歸屬）","《道德經》","第68章","https://ctext.org/dao-de-jing","https://ctext.org/dao-de-jing","先秦古籍","古代；生卒年未確定","Hong Kong","Public domain original — research assessment","先秦／漢代傳世古籍原文，歷史作者及文本年代已遠超一般版權期限；只取古文，不含網站現代譯注或版面。","https://www.ip.gov.hk/en/types-of-ip/copyright/duration-of-copyright/index.html","https://ctext.org/dao-de-jing","古文保留來源文字；繁體中文白話及英文均為2026-09-21獨立新譯。","護老者; 文學陪伴; C04; 好忟，好易發脾氣; 中國古典哲學","原文已與source_text_url所列文本核對，忽略排版空白及標點差異；保留摘句邊界。護老者情境配對屬編輯判斷，並非原作者的臨床建議。 不應用來責備憤怒、強迫寬恕或要求忍受虐待。","2026-09-21"
"HCQ0173","C04","好忟，好易發脾氣","被理解、暫停、保護界線","先接住情緒，再留出回應空間；不要求忍受傷害或急於原諒。","文言中文","方而不割，廉而不劌，直而不肆，光而不燿。","Be square without cutting, sharp-edged without wounding, straight without overreaching, and bright without dazzling.","有原則而不割傷人，有稜角而不刺痛人，正直而不放肆，有光而不刺眼。","Laozi (traditional attribution)","老子（傳統歸屬）","老子（傳統歸屬）","《道德經》","第58章","https://ctext.org/dao-de-jing","https://ctext.org/dao-de-jing","先秦古籍","古代；生卒年未確定","Hong Kong","Public domain original — research assessment","先秦／漢代傳世古籍原文，歷史作者及文本年代已遠超一般版權期限；只取古文，不含網站現代譯注或版面。","https://www.ip.gov.hk/en/types-of-ip/copyright/duration-of-copyright/index.html","https://ctext.org/dao-de-jing","古文保留來源文字；繁體中文白話及英文均為2026-09-21獨立新譯。","護老者; 文學陪伴; C04; 好忟，好易發脾氣; 中國古典哲學","原文已與source_text_url所列文本核對，忽略排版空白及標點差異；保留摘句邊界。護老者情境配對屬編輯判斷，並非原作者的臨床建議。","2026-09-21"
"HCQ0133","C04","好忟，好易發脾氣","被理解、暫停、保護界線","先接住情緒，再留出回應空間；不要求忍受傷害或急於原諒。","文言中文","挫其銳，解其紛，和其光，同其塵。","Blunt the sharpness, untangle the confusion, soften the light, and mingle with the dust.","收一收鋒芒，解開紛擾，柔和自己的光，與塵世相處。","Laozi (traditional attribution)","老子（傳統歸屬）","老子（傳統歸屬）","《道德經》","第4章","https://ctext.org/dao-de-jing","https://ctext.org/dao-de-jing","先秦古籍","古代；生卒年未確定","Hong Kong","Public domain original — research assessment","先秦／漢代傳世古籍原文，歷史作者及文本年代已遠超一般版權期限；只取古文，不含網站現代譯注或版面。","https://www.ip.gov.hk/en/types-of-ip/copyright/duration-of-copyright/index.html","https://ctext.org/dao-de-jing","古文保留來源文字；繁體中文白話及英文均為2026-09-21獨立新譯。","護老者; 文學陪伴; C04; 好忟，好易發脾氣; 中國古典哲學","原文已與source_text_url所列文本核對，忽略排版空白及標點差異；保留摘句邊界。護老者情境配對屬編輯判斷，並非原作者的臨床建議。","2026-09-21"
"HCQ0107","C04","好忟，好易發脾氣","被理解、暫停、保護界線","先接住情緒，再留出回應空間；不要求忍受傷害或急於原諒。","文言中文","重為輕根，靜為躁君。","Heaviness is the root of lightness; stillness governs agitation.","沉穩是輕快的根，安靜是躁動的主。","Laozi (traditional attribution)","老子（傳統歸屬）","老子（傳統歸屬）","《道德經》","第26章","https://ctext.org/dao-de-jing","https://ctext.org/dao-de-jing","先秦古籍","古代；生卒年未確定","Hong Kong","Public domain original — research assessment","先秦／漢代傳世古籍原文，歷史作者及文本年代已遠超一般版權期限；只取古文，不含網站現代譯注或版面。","https://www.ip.gov.hk/en/types-of-ip/copyright/duration-of-copyright/index.html","https://ctext.org/dao-de-jing","古文保留來源文字；繁體中文白話及英文均為2026-09-21獨立新譯。","護老者; 文學陪伴; C04; 好忟，好易發脾氣; 中國古典哲學","原文已與source_text_url所列文本核對，忽略排版空白及標點差異；保留摘句邊界。護老者情境配對屬編輯判斷，並非原作者的臨床建議。","2026-09-21"
"HCQ0023","C04","好忟，好易發脾氣","被理解、暫停、保護界線","先接住情緒，再留出回應空間；不要求忍受傷害或急於原諒。","文言中文","孰能濁以靜之徐清？孰能安以久動之徐生？","Who can let muddied water gradually clear through stillness? Who can let what rests gradually come alive through sustained movement?","誰能讓混濁的水安靜下來，慢慢變清？誰能讓靜止的事物，隨着持續的活動慢慢生長？","Laozi (traditional attribution)","老子（傳統歸屬）","老子（傳統歸屬）","《道德經》","第15章","https://ctext.org/dao-de-jing","https://ctext.org/dao-de-jing","先秦古籍","古代；生卒年未確定","Hong Kong","Public domain original — research assessment","先秦／漢代傳世古籍原文，歷史作者及文本年代已遠超一般版權期限；只取古文，不含網站現代譯注或版面。","https://www.ip.gov.hk/en/types-of-ip/copyright/duration-of-copyright/index.html","https://ctext.org/dao-de-jing","古文保留來源文字；繁體中文白話及英文均為2026-09-21獨立新譯。","護老者; 文學陪伴; C04; 好忟，好易發脾氣; 中國古典哲學","原文已與source_text_url所列文本核對，忽略排版空白及標點差異；保留摘句邊界。護老者情境配對屬編輯判斷，並非原作者的臨床建議。","2026-09-21"
"HCQ0042","C04","好忟，好易發脾氣","被理解、暫停、保護界線","先接住情緒，再留出回應空間；不要求忍受傷害或急於原諒。","文言中文","致虛極，守靜篤。","Reach the fullest openness within, and hold firmly to stillness.","讓心騰出空間，好好守住那份安靜。","Laozi (traditional attribution)","老子（傳統歸屬）","老子（傳統歸屬）","《道德經》","第16章","https://ctext.org/dao-de-jing","https://ctext.org/dao-de-jing","先秦古籍","古代；生卒年未確定","Hong Kong","Public domain original — research assessment","先秦／漢代傳世古籍原文，歷史作者及文本年代已遠超一般版權期限；只取古文，不含網站現代譯注或版面。","https://www.ip.gov.hk/en/types-of-ip/copyright/duration-of-copyright/index.html","https://ctext.org/dao-de-jing","古文保留來源文字；繁體中文白話及英文均為2026-09-21獨立新譯。","護老者; 文學陪伴; C04; 好忟，好易發脾氣; 中國古典哲學","原文已與source_text_url所列文本核對，忽略排版空白及標點差異；保留摘句邊界。護老者情境配對屬編輯判斷，並非原作者的臨床建議。","2026-09-21"
"HCQ0034","C04","好忟，好易發脾氣","被理解、暫停、保護界線","先接住情緒，再留出回應空間；不要求忍受傷害或急於原諒。","文言中文","知止而后有定，定而后能靜，靜而后能安，安而后能慮，慮而后能得。","Knowing where to rest brings steadiness; steadiness allows quiet, quiet allows ease, ease allows reflection, and reflection brings understanding.","知道安頓的方向，心才有定；有定才能靜，靜才能安，安才能思量，思量後才有所領悟。","Anonymous; traditional attribution to Zengzi and his school","作者未確定（傳統歸於曾子及其學派）","《大學》文本（作者未確定）","《禮記·大學》","《禮記·大學》首段","https://ctext.org/liji/da-xue","https://ctext.org/liji/da-xue","先秦至漢代傳世文本","古代","Hong Kong","Public domain original — research assessment","先秦／漢代傳世古籍原文，歷史作者及文本年代已遠超一般版權期限；只取古文，不含網站現代譯注或版面。","https://www.ip.gov.hk/en/types-of-ip/copyright/duration-of-copyright/index.html","https://ctext.org/liji/da-xue","古文保留來源文字；繁體中文白話及英文均為2026-09-21獨立新譯。","護老者; 文學陪伴; C04; 好忟，好易發脾氣; 中國古典哲學","原文已與source_text_url所列文本核對，忽略排版空白及標點差異；保留摘句邊界。護老者情境配對屬編輯判斷，並非原作者的臨床建議。","2026-09-21"
"HCQ0001","C04","好忟，好易發脾氣","被理解、暫停、保護界線","先接住情緒，再留出回應空間；不要求忍受傷害或急於原諒。","English","Have you peace, the quiet urge that reveals your power?","Have you peace, the quiet urge that reveals your power?","你心中有平靜嗎？那份安靜的推動力，會讓你的力量顯現。","Kahlil Gibran","紀伯倫","Almustafa／阿爾穆斯塔法（作品人物）","The Prophet／《先知》","On Houses","https://www.gutenberg.org/ebooks/58585","https://www.gutenberg.org/cache/epub/58585/pg58585.txt","1923","1931","Hong Kong","Public domain original — research assessment","原作者卒於1931年，已超過香港文學作品一般作者身後50年的保護期；只取歷史原文，不含現代譯文、編者註解或版面。","https://www.ip.gov.hk/en/types-of-ip/copyright/duration-of-copyright/index.html","https://www.gutenberg.org/ebooks/58585","英文保留來源摘句；繁體中文為2026-09-21獨立新譯，以香港讀者易讀的白話表達，未把護老者情境加進引文本身。","護老者; 文學陪伴; C04; 好忟，好易發脾氣; 寓言散文詩; 靈性文學","原文已與source_text_url所列文本核對，忽略排版空白及標點差異；保留摘句邊界。護老者情境配對屬編輯判斷，並非原作者的臨床建議。 說話者為作品人物Almustafa，並非作者訪談。","2026-09-21"
"HCQ0047","C04","好忟，好易發脾氣","被理解、暫停、保護界線","先接住情緒，再留出回應空間；不要求忍受傷害或急於原諒。","English","CALMNESS of mind is one of the beautiful jewels of wisdom.","CALMNESS of mind is one of the beautiful jewels of wisdom.","心境的平靜，是智慧中一顆美麗的寶石。","James Allen","詹姆斯・艾倫","詹姆斯・艾倫","As a Man Thinketh","Serenity","https://www.gutenberg.org/ebooks/4507","https://www.gutenberg.org/cache/epub/4507/pg4507.txt","1903","1912","Hong Kong","Public domain original — research assessment","原作者卒於1912年，已超過香港文學作品一般作者身後50年的保護期；只取歷史原文，不含現代譯文、編者註解或版面。","https://www.ip.gov.hk/en/types-of-ip/copyright/duration-of-copyright/index.html","https://www.gutenberg.org/ebooks/4507","英文保留來源摘句；繁體中文為2026-09-21獨立新譯，以香港讀者易讀的白話表達，未把護老者情境加進引文本身。","護老者; 文學陪伴; C04; 好忟，好易發脾氣; 文學／哲思","原文已與source_text_url所列文本核對，忽略排版空白及標點差異；保留摘句邊界。護老者情境配對屬編輯判斷，並非原作者的臨床建議。","2026-09-21"
"HCQ0087","C04","好忟，好易發脾氣","被理解、暫停、保護界線","先接住情緒，再留出回應空間；不要求忍受傷害或急於原諒。","English（公版英譯來源；古代經文原語非英語）","Wise people, after they have listened to the laws, become serene, like a deep, smooth, and still lake.","Wise people, after they have listened to the laws, become serene, like a deep, smooth, and still lake.","有智慧的人聽聞教法後，心會安靜下來，像一潭深邃、平滑而寧靜的湖水。","Gautama Buddha (traditional attribution); F. Max Müller (English translator)","釋迦牟尼佛（傳統歸屬）；麥克斯・繆勒（英譯）","佛陀教導（《法句經》傳承記錄；非逐字歷史錄音）","Dhammapada／《法句經》（F. Max Müller英譯，Sacred Books of the East X, Part I）","Verse 82／第82偈","https://www.gutenberg.org/ebooks/2017","https://www.gutenberg.org/cache/epub/2017/pg2017.txt","古代巴利語經典；所用英譯刊於1881年","古代佛教傳承；英譯者F. Max Müller：1900年","Hong Kong","Public domain historical translation — research assessment","古代佛教經典；所用英譯者F. Max Müller卒於1900年，1881年英譯本已超過香港文學作品通常作者身後50年的保護期。只用歷史譯文，不取網站現代註解或版面。","https://www.ip.gov.hk/en/types-of-ip/copyright/duration-of-copyright/index.html","https://www.gutenberg.org/ebooks/2017","原文及英文欄為繆勒1881年歷史英譯，並非巴利語；繁體中文為2026-09-21依此英譯獨立新譯，非既有漢譯佛經。","護老者; 文學陪伴; C04; 好忟，好易發脾氣; 佛教; faith:buddhist","原文已與source_text_url所列文本核對，忽略排版空白及標點差異；保留摘句邊界。護老者情境配對屬編輯判斷，並非原作者的臨床建議。 宗教來源已標籤，宜依使用者意願顯示；不把信仰教導當成必須遵守的要求。","2026-09-21"
"HCQ0121","C04","好忟，好易發脾氣","被理解、暫停、保護界線","先接住情緒，再留出回應空間；不要求忍受傷害或急於原諒。","English（公版英譯來源；古代經文原語非英語）","His thought is quiet, quiet are his word and deed, when he has obtained freedom by true knowledge, when he has thus become a quiet man.","His thought is quiet, quiet are his word and deed, when he has obtained freedom by true knowledge, when he has thus become a quiet man.","當一個人透過真正的理解得到自由，他的思想、言語與行動，也會安靜下來。","Gautama Buddha (traditional attribution); F. Max Müller (English translator)","釋迦牟尼佛（傳統歸屬）；麥克斯・繆勒（英譯）","佛陀教導（《法句經》傳承記錄；非逐字歷史錄音）","Dhammapada／《法句經》（F. Max Müller英譯，Sacred Books of the East X, Part I）","Verse 96／第96偈","https://www.gutenberg.org/ebooks/2017","https://www.gutenberg.org/cache/epub/2017/pg2017.txt","古代巴利語經典；所用英譯刊於1881年","古代佛教傳承；英譯者F. Max Müller：1900年","Hong Kong","Public domain historical translation — research assessment","古代佛教經典；所用英譯者F. Max Müller卒於1900年，1881年英譯本已超過香港文學作品通常作者身後50年的保護期。只用歷史譯文，不取網站現代註解或版面。","https://www.ip.gov.hk/en/types-of-ip/copyright/duration-of-copyright/index.html","https://www.gutenberg.org/ebooks/2017","原文及英文欄為繆勒1881年歷史英譯，並非巴利語；繁體中文為2026-09-21依此英譯獨立新譯，非既有漢譯佛經。","護老者; 文學陪伴; C04; 好忟，好易發脾氣; 佛教; faith:buddhist","原文已與source_text_url所列文本核對，忽略排版空白及標點差異；保留摘句邊界。護老者情境配對屬編輯判斷，並非原作者的臨床建議。 宗教來源已標籤，宜依使用者意願顯示；不把信仰教導當成必須遵守的要求。","2026-09-21"
"HCQ0146","C04","好忟，好易發脾氣","被理解、暫停、保護界線","先接住情緒，再留出回應空間；不要求忍受傷害或急於原諒。","English（公版英譯來源；古代經文原語非英語）","Even though a speech be a thousand (of words), but made up of senseless words, one word of sense is better, which if a man hears, he becomes quiet.","Even though a speech be a thousand (of words), but made up of senseless words, one word of sense is better, which if a man hears, he becomes quiet.","空泛的話說上千句，也不如一句有意義、聽後能讓人安靜下來的話。","Gautama Buddha (traditional attribution); F. Max Müller (English translator)","釋迦牟尼佛（傳統歸屬）；麥克斯・繆勒（英譯）","佛陀教導（《法句經》傳承記錄；非逐字歷史錄音）","Dhammapada／《法句經》（F. Max Müller英譯，Sacred Books of the East X, Part I）","Verse 100／第100偈","https://www.gutenberg.org/ebooks/2017","https://www.gutenberg.org/cache/epub/2017/pg2017.txt","古代巴利語經典；所用英譯刊於1881年","古代佛教傳承；英譯者F. Max Müller：1900年","Hong Kong","Public domain historical translation — research assessment","古代佛教經典；所用英譯者F. Max Müller卒於1900年，1881年英譯本已超過香港文學作品通常作者身後50年的保護期。只用歷史譯文，不取網站現代註解或版面。","https://www.ip.gov.hk/en/types-of-ip/copyright/duration-of-copyright/index.html","https://www.gutenberg.org/ebooks/2017","原文及英文欄為繆勒1881年歷史英譯，並非巴利語；繁體中文為2026-09-21依此英譯獨立新譯，非既有漢譯佛經。","護老者; 文學陪伴; C04; 好忟，好易發脾氣; 佛教; faith:buddhist","原文已與source_text_url所列文本核對，忽略排版空白及標點差異；保留摘句邊界。護老者情境配對屬編輯判斷，並非原作者的臨床建議。 宗教來源已標籤，宜依使用者意願顯示；不把信仰教導當成必須遵守的要求。","2026-09-21"
"HCQ0006","C04","好忟，好易發脾氣","被理解、暫停、保護界線","先接住情緒，再留出回應空間；不要求忍受傷害或急於原諒。","English","Give every man thine ear, but few thy voice:","Give every man thine ear, but few thy voice:","多聽每個人說話，卻不必向每個人都開口。","William Shakespeare","威廉・莎士比亞","Polonius（戲劇角色）","The Complete Works of William Shakespeare","Hamlet, 1.3; Polonius","https://www.gutenberg.org/ebooks/100","https://www.gutenberg.org/cache/epub/100/pg100.txt","16至17世紀","1616","Hong Kong","Public domain original — research assessment","原作者卒於1616年，已超過香港文學作品一般作者身後50年的保護期；只取歷史原文，不含現代譯文、編者註解或版面。","https://www.ip.gov.hk/en/types-of-ip/copyright/duration-of-copyright/index.html","https://www.gutenberg.org/ebooks/100","英文保留來源摘句；繁體中文為2026-09-21獨立新譯，以香港讀者易讀的白話表達，未把護老者情境加進引文本身。","護老者; 文學陪伴; C04; 好忟，好易發脾氣; 文學／哲思","原文已與source_text_url所列文本核對，忽略排版空白及標點差異；保留摘句邊界。護老者情境配對屬編輯判斷，並非原作者的臨床建議。 原作談友誼、婚姻或親子等人際關係；此處借作界線與尊重的思考。","2026-09-21"
"HCQ0154","C04","好忟，好易發脾氣","被理解、暫停、保護界線","先接住情緒，再留出回應空間；不要求忍受傷害或急於原諒。","English","Listening to others, considering well what they say, Pausing, searching, receiving, contemplating,","Listening to others, considering well what they say, Pausing, searching, receiving, contemplating,","聆聽別人，仔細想想他們說的話；停一停，尋找、接收、思量。","Walt Whitman","華特・惠特曼","詩中抒情者","Leaves of Grass／《草葉集》","Song of the Open Road, 5","https://www.gutenberg.org/ebooks/1322","https://www.gutenberg.org/cache/epub/1322/pg1322.txt","1855–1892（多次增訂）","1892","Hong Kong","Public domain original — research assessment","原作者卒於1892年，已超過香港文學作品一般作者身後50年的保護期；只取歷史原文，不含現代譯文、編者註解或版面。","https://www.ip.gov.hk/en/types-of-ip/copyright/duration-of-copyright/index.html","https://www.gutenberg.org/ebooks/1322","英文保留來源摘句；繁體中文為2026-09-21獨立新譯，以香港讀者易讀的白話表達，未把護老者情境加進引文本身。","護老者; 文學陪伴; C04; 好忟，好易發脾氣; 文學／哲思","原文已與source_text_url所列文本核對，忽略排版空白及標點差異；保留摘句邊界。護老者情境配對屬編輯判斷，並非原作者的臨床建議。","2026-09-21"
"HCQ0100","C04","好忟，好易發脾氣","被理解、暫停、保護界線","先接住情緒，再留出回應空間；不要求忍受傷害或急於原諒。","English","And when he is silent your heart ceases not to listen to his heart;","And when he is silent your heart ceases not to listen to his heart;","即使他沉默，你的心也沒有停止聆聽他的心。","Kahlil Gibran","紀伯倫","Almustafa／阿爾穆斯塔法（作品人物）","The Prophet／《先知》","On Friendship","https://www.gutenberg.org/ebooks/58585","https://www.gutenberg.org/cache/epub/58585/pg58585.txt","1923","1931","Hong Kong","Public domain original — research assessment","原作者卒於1931年，已超過香港文學作品一般作者身後50年的保護期；只取歷史原文，不含現代譯文、編者註解或版面。","https://www.ip.gov.hk/en/types-of-ip/copyright/duration-of-copyright/index.html","https://www.gutenberg.org/ebooks/58585","英文保留來源摘句；繁體中文為2026-09-21獨立新譯，以香港讀者易讀的白話表達，未把護老者情境加進引文本身。","護老者; 文學陪伴; C04; 好忟，好易發脾氣; 寓言散文詩; 靈性文學","原文已與source_text_url所列文本核對，忽略排版空白及標點差異；保留摘句邊界。護老者情境配對屬編輯判斷，並非原作者的臨床建議。 說話者為作品人物Almustafa，並非作者訪談。","2026-09-21"
"HCQ0147","C04","好忟，好易發脾氣","被理解、暫停、保護界線","先接住情緒，再留出回應空間；不要求忍受傷害或急於原諒。","English","Was it I who spoke? Was I not also a listener?","Was it I who spoke? Was I not also a listener?","剛才說話的是我嗎？我不也是一個聆聽的人嗎？","Kahlil Gibran","紀伯倫","Almustafa／阿爾穆斯塔法（作品人物）","The Prophet／《先知》","The Farewell","https://www.gutenberg.org/ebooks/58585","https://www.gutenberg.org/cache/epub/58585/pg58585.txt","1923","1931","Hong Kong","Public domain original — research assessment","原作者卒於1931年，已超過香港文學作品一般作者身後50年的保護期；只取歷史原文，不含現代譯文、編者註解或版面。","https://www.ip.gov.hk/en/types-of-ip/copyright/duration-of-copyright/index.html","https://www.gutenberg.org/ebooks/58585","英文保留來源摘句；繁體中文為2026-09-21獨立新譯，以香港讀者易讀的白話表達，未把護老者情境加進引文本身。","護老者; 文學陪伴; C04; 好忟，好易發脾氣; 寓言散文詩; 靈性文學","原文已與source_text_url所列文本核對，忽略排版空白及標點差異；保留摘句邊界。護老者情境配對屬編輯判斷，並非原作者的臨床建議。 說話者為作品人物Almustafa，並非作者訪談。","2026-09-21"
"HCQ0137","C04","好忟，好易發脾氣","被理解、暫停、保護界線","先接住情緒，再留出回應空間；不要求忍受傷害或急於原諒。","English","A friend is a person with whom I may be sincere.","A friend is a person with whom I may be sincere.","朋友，是讓我能夠真誠相待的人。","Ralph Waldo Emerson","拉爾夫・沃爾多・愛默生","拉爾夫・沃爾多・愛默生","Essays／《論文集》","Friendship","https://www.gutenberg.org/ebooks/16643","https://www.gutenberg.org/cache/epub/16643/pg16643.txt","1841（所選文章）","1882","Hong Kong","Public domain original — research assessment","原作者卒於1882年，已超過香港文學作品一般作者身後50年的保護期；只取歷史原文，不含現代譯文、編者註解或版面。","https://www.ip.gov.hk/en/types-of-ip/copyright/duration-of-copyright/index.html","https://www.gutenberg.org/ebooks/16643","英文保留來源摘句；繁體中文為2026-09-21獨立新譯，以香港讀者易讀的白話表達，未把護老者情境加進引文本身。","護老者; 文學陪伴; C04; 好忟，好易發脾氣; 文學／哲思","原文已與source_text_url所列文本核對，忽略排版空白及標點差異；保留摘句邊界。護老者情境配對屬編輯判斷，並非原作者的臨床建議。","2026-09-21"
"HCQ0031","C04","好忟，好易發脾氣","被理解、暫停、保護界線","先接住情緒，再留出回應空間；不要求忍受傷害或急於原諒。","English","And stand together yet not too near together: For the pillars of the temple stand apart, And the oak tree and the cypress grow not in each other’s shadow.","And stand together yet not too near together: For the pillars of the temple stand apart, And the oak tree and the cypress grow not in each other’s shadow.","站在一起，也留一點距離：殿堂的柱子各自站立，橡樹與柏樹也不在彼此的陰影裏生長。","Kahlil Gibran","紀伯倫","Almustafa／阿爾穆斯塔法（作品人物）","The Prophet／《先知》","On Marriage","https://www.gutenberg.org/ebooks/58585","https://www.gutenberg.org/cache/epub/58585/pg58585.txt","1923","1931","Hong Kong","Public domain original — research assessment","原作者卒於1931年，已超過香港文學作品一般作者身後50年的保護期；只取歷史原文，不含現代譯文、編者註解或版面。","https://www.ip.gov.hk/en/types-of-ip/copyright/duration-of-copyright/index.html","https://www.gutenberg.org/ebooks/58585","英文保留來源摘句；繁體中文為2026-09-21獨立新譯，以香港讀者易讀的白話表達，未把護老者情境加進引文本身。","護老者; 文學陪伴; C04; 好忟，好易發脾氣; 寓言散文詩; 靈性文學","原文已與source_text_url所列文本核對，忽略排版空白及標點差異；保留摘句邊界。護老者情境配對屬編輯判斷，並非原作者的臨床建議。 說話者為作品人物Almustafa，並非作者訪談。 原作談友誼、婚姻或親子等人際關係；此處借作界線與尊重的思考。","2026-09-21"
"HCQ0068","C04","好忟，好易發脾氣","被理解、暫停、保護界線","先接住情緒，再留出回應空間；不要求忍受傷害或急於原諒。","English","But let there be spaces in your togetherness, And let the winds of the heavens dance between you.","But let there be spaces in your togetherness, And let the winds of the heavens dance between you.","即使相伴，也為彼此留些空間，讓風能在你們之間起舞。","Kahlil Gibran","紀伯倫","Almustafa／阿爾穆斯塔法（作品人物）","The Prophet／《先知》","On Marriage","https://www.gutenberg.org/ebooks/58585","https://www.gutenberg.org/cache/epub/58585/pg58585.txt","1923","1931","Hong Kong","Public domain original — research assessment","原作者卒於1931年，已超過香港文學作品一般作者身後50年的保護期；只取歷史原文，不含現代譯文、編者註解或版面。","https://www.ip.gov.hk/en/types-of-ip/copyright/duration-of-copyright/index.html","https://www.gutenberg.org/ebooks/58585","英文保留來源摘句；繁體中文為2026-09-21獨立新譯，以香港讀者易讀的白話表達，未把護老者情境加進引文本身。","護老者; 文學陪伴; C04; 好忟，好易發脾氣; 寓言散文詩; 靈性文學","原文已與source_text_url所列文本核對，忽略排版空白及標點差異；保留摘句邊界。護老者情境配對屬編輯判斷，並非原作者的臨床建議。 說話者為作品人物Almustafa，並非作者訪談。 原作談友誼、婚姻或親子等人際關係；此處借作界線與尊重的思考。","2026-09-21"
"HCQ0070","C04","好忟，好易發脾氣","被理解、暫停、保護界線","先接住情緒，再留出回應空間；不要求忍受傷害或急於原諒。","English","You may give them your love but not your thoughts, For they have their own thoughts.","You may give them your love but not your thoughts, For they have their own thoughts.","你可以給他們愛，卻不能把自己的想法強加給他們，因為他們有自己的思想。","Kahlil Gibran","紀伯倫","Almustafa／阿爾穆斯塔法（作品人物）","The Prophet／《先知》","On Children","https://www.gutenberg.org/ebooks/58585","https://www.gutenberg.org/cache/epub/58585/pg58585.txt","1923","1931","Hong Kong","Public domain original — research assessment","原作者卒於1931年，已超過香港文學作品一般作者身後50年的保護期；只取歷史原文，不含現代譯文、編者註解或版面。","https://www.ip.gov.hk/en/types-of-ip/copyright/duration-of-copyright/index.html","https://www.gutenberg.org/ebooks/58585","英文保留來源摘句；繁體中文為2026-09-21獨立新譯，以香港讀者易讀的白話表達，未把護老者情境加進引文本身。","護老者; 文學陪伴; C04; 好忟，好易發脾氣; 寓言散文詩; 靈性文學","原文已與source_text_url所列文本核對，忽略排版空白及標點差異；保留摘句邊界。護老者情境配對屬編輯判斷，並非原作者的臨床建議。 說話者為作品人物Almustafa，並非作者訪談。 原作談友誼、婚姻或親子等人際關係；此處借作界線與尊重的思考。","2026-09-21"
"HCQ0037","C04","好忟，好易發脾氣","被理解、暫停、保護界線","先接住情緒，再留出回應空間；不要求忍受傷害或急於原諒。","English","Love possesses not nor would it be possessed; For love is sufficient unto love.","Love possesses not nor would it be possessed; For love is sufficient unto love.","愛不佔有，也不願被佔有；愛本身，已足以成全愛。","Kahlil Gibran","紀伯倫","Almustafa／阿爾穆斯塔法（作品人物）","The Prophet／《先知》","On Love","https://www.gutenberg.org/ebooks/58585","https://www.gutenberg.org/cache/epub/58585/pg58585.txt","1923","1931","Hong Kong","Public domain original — research assessment","原作者卒於1931年，已超過香港文學作品一般作者身後50年的保護期；只取歷史原文，不含現代譯文、編者註解或版面。","https://www.ip.gov.hk/en/types-of-ip/copyright/duration-of-copyright/index.html","https://www.gutenberg.org/ebooks/58585","英文保留來源摘句；繁體中文為2026-09-21獨立新譯，以香港讀者易讀的白話表達，未把護老者情境加進引文本身。","護老者; 文學陪伴; C04; 好忟，好易發脾氣; 寓言散文詩; 靈性文學","原文已與source_text_url所列文本核對，忽略排版空白及標點差異；保留摘句邊界。護老者情境配對屬編輯判斷，並非原作者的臨床建議。 說話者為作品人物Almustafa，並非作者訪談。 原作談友誼、婚姻或親子等人際關係；此處借作界線與尊重的思考。","2026-09-21"
"HCQ0144","C04","好忟，好易發脾氣","被理解、暫停、保護界線","先接住情緒，再留出回應空間；不要求忍受傷害或急於原諒。","English","Give your hearts, but not into each other’s keeping.","Give your hearts, but not into each other’s keeping.","把心交給彼此，卻不要把它交由對方保管。","Kahlil Gibran","紀伯倫","Almustafa／阿爾穆斯塔法（作品人物）","The Prophet／《先知》","On Marriage","https://www.gutenberg.org/ebooks/58585","https://www.gutenberg.org/cache/epub/58585/pg58585.txt","1923","1931","Hong Kong","Public domain original — research assessment","原作者卒於1931年，已超過香港文學作品一般作者身後50年的保護期；只取歷史原文，不含現代譯文、編者註解或版面。","https://www.ip.gov.hk/en/types-of-ip/copyright/duration-of-copyright/index.html","https://www.gutenberg.org/ebooks/58585","英文保留來源摘句；繁體中文為2026-09-21獨立新譯，以香港讀者易讀的白話表達，未把護老者情境加進引文本身。","護老者; 文學陪伴; C04; 好忟，好易發脾氣; 寓言散文詩; 靈性文學","原文已與source_text_url所列文本核對，忽略排版空白及標點差異；保留摘句邊界。護老者情境配對屬編輯判斷，並非原作者的臨床建議。 說話者為作品人物Almustafa，並非作者訪談。 原作談友誼、婚姻或親子等人際關係；此處借作界線與尊重的思考。","2026-09-21"
"HCQ0026","C04","好忟，好易發脾氣","被理解、暫停、保護界線","先接住情緒，再留出回應空間；不要求忍受傷害或急於原諒。","English","We must be our own before we can be another's.","We must be our own before we can be another's.","我們先要屬於自己，才能屬於另一個人。","Ralph Waldo Emerson","拉爾夫・沃爾多・愛默生","拉爾夫・沃爾多・愛默生","Essays／《論文集》","Friendship","https://www.gutenberg.org/ebooks/16643","https://www.gutenberg.org/cache/epub/16643/pg16643.txt","1841（所選文章）","1882","Hong Kong","Public domain original — research assessment","原作者卒於1882年，已超過香港文學作品一般作者身後50年的保護期；只取歷史原文，不含現代譯文、編者註解或版面。","https://www.ip.gov.hk/en/types-of-ip/copyright/duration-of-copyright/index.html","https://www.gutenberg.org/ebooks/16643","英文保留來源摘句；繁體中文為2026-09-21獨立新譯，以香港讀者易讀的白話表達，未把護老者情境加進引文本身。","護老者; 文學陪伴; C04; 好忟，好易發脾氣; 文學／哲思","原文已與source_text_url所列文本核對，忽略排版空白及標點差異；保留摘句邊界。護老者情境配對屬編輯判斷，並非原作者的臨床建議。","2026-09-21"
"HCQ0053","C04","好忟，好易發脾氣","被理解、暫停、保護界線","先接住情緒，再留出回應空間；不要求忍受傷害或急於原諒。","文言中文","自知不自見；自愛不自貴。","Know yourself without making a display; love yourself without placing yourself above others.","了解自己而不炫耀，珍愛自己而不自抬身價。","Laozi (traditional attribution)","老子（傳統歸屬）","老子（傳統歸屬）","《道德經》","第72章","https://ctext.org/dao-de-jing","https://ctext.org/dao-de-jing","先秦古籍","古代；生卒年未確定","Hong Kong","Public domain original — research assessment","先秦／漢代傳世古籍原文，歷史作者及文本年代已遠超一般版權期限；只取古文，不含網站現代譯注或版面。","https://www.ip.gov.hk/en/types-of-ip/copyright/duration-of-copyright/index.html","https://ctext.org/dao-de-jing","古文保留來源文字；繁體中文白話及英文均為2026-09-21獨立新譯。","護老者; 文學陪伴; C04; 好忟，好易發脾氣; 中國古典哲學","原文已與source_text_url所列文本核對，忽略排版空白及標點差異；保留摘句邊界。護老者情境配對屬編輯判斷，並非原作者的臨床建議。","2026-09-21"
"HCQ0027","C04","好忟，好易發脾氣","被理解、暫停、保護界線","先接住情緒，再留出回應空間；不要求忍受傷害或急於原諒。","English","You are good when you walk to your goal firmly and with bold steps. Yet you are not evil when you go thither limping.","You are good when you walk to your goal firmly and with bold steps. Yet you are not evil when you go thither limping.","你堅定地走向目標，是好的；即使你一拐一拐地前行，也不代表你不好。","Kahlil Gibran","紀伯倫","Almustafa／阿爾穆斯塔法（作品人物）","The Prophet／《先知》","On Good and Evil","https://www.gutenberg.org/ebooks/58585","https://www.gutenberg.org/cache/epub/58585/pg58585.txt","1923","1931","Hong Kong","Public domain original — research assessment","原作者卒於1931年，已超過香港文學作品一般作者身後50年的保護期；只取歷史原文，不含現代譯文、編者註解或版面。","https://www.ip.gov.hk/en/types-of-ip/copyright/duration-of-copyright/index.html","https://www.gutenberg.org/ebooks/58585","英文保留來源摘句；繁體中文為2026-09-21獨立新譯，以香港讀者易讀的白話表達，未把護老者情境加進引文本身。","護老者; 文學陪伴; C04; 好忟，好易發脾氣; 寓言散文詩; 靈性文學","原文已與source_text_url所列文本核對，忽略排版空白及標點差異；保留摘句邊界。護老者情境配對屬編輯判斷，並非原作者的臨床建議。 說話者為作品人物Almustafa，並非作者訪談。","2026-09-21"
"HCQ0049","C04","好忟，好易發脾氣","被理解、暫停、保護界線","先接住情緒，再留出回應空間；不要求忍受傷害或急於原諒。","English","You are good when you are one with yourself. Yet when you are not one with yourself you are not evil.","You are good when you are one with yourself. Yet when you are not one with yourself you are not evil.","與自己和諧相處，是好的；暫時做不到，也不表示你不好。","Kahlil Gibran","紀伯倫","Almustafa／阿爾穆斯塔法（作品人物）","The Prophet／《先知》","On Good and Evil","https://www.gutenberg.org/ebooks/58585","https://www.gutenberg.org/cache/epub/58585/pg58585.txt","1923","1931","Hong Kong","Public domain original — research assessment","原作者卒於1931年，已超過香港文學作品一般作者身後50年的保護期；只取歷史原文，不含現代譯文、編者註解或版面。","https://www.ip.gov.hk/en/types-of-ip/copyright/duration-of-copyright/index.html","https://www.gutenberg.org/ebooks/58585","英文保留來源摘句；繁體中文為2026-09-21獨立新譯，以香港讀者易讀的白話表達，未把護老者情境加進引文本身。","護老者; 文學陪伴; C04; 好忟，好易發脾氣; 寓言散文詩; 靈性文學","原文已與source_text_url所列文本核對，忽略排版空白及標點差異；保留摘句邊界。護老者情境配對屬編輯判斷，並非原作者的臨床建議。 說話者為作品人物Almustafa，並非作者訪談。","2026-09-21"
"HCQ0149","C04","好忟，好易發脾氣","被理解、暫停、保護界線","先接住情緒，再留出回應空間；不要求忍受傷害或急於原諒。","English","To judge you by your failures is to cast blame upon the seasons for their inconstancy.","To judge you by your failures is to cast blame upon the seasons for their inconstancy.","只憑失敗來評斷你，就像責怪季節為甚麼總在變換。","Kahlil Gibran","紀伯倫","Almustafa／阿爾穆斯塔法（作品人物）","The Prophet／《先知》","The Farewell","https://www.gutenberg.org/ebooks/58585","https://www.gutenberg.org/cache/epub/58585/pg58585.txt","1923","1931","Hong Kong","Public domain original — research assessment","原作者卒於1931年，已超過香港文學作品一般作者身後50年的保護期；只取歷史原文，不含現代譯文、編者註解或版面。","https://www.ip.gov.hk/en/types-of-ip/copyright/duration-of-copyright/index.html","https://www.gutenberg.org/ebooks/58585","英文保留來源摘句；繁體中文為2026-09-21獨立新譯，以香港讀者易讀的白話表達，未把護老者情境加進引文本身。","護老者; 文學陪伴; C04; 好忟，好易發脾氣; 寓言散文詩; 靈性文學","原文已與source_text_url所列文本核對，忽略排版空白及標點差異；保留摘句邊界。護老者情境配對屬編輯判斷，並非原作者的臨床建議。 說話者為作品人物Almustafa，並非作者訪談。","2026-09-21"
"HCQ0129","C04","好忟，好易發脾氣","被理解、暫停、保護界線","先接住情緒，再留出回應空間；不要求忍受傷害或急於原諒。","English","To measure you by your smallest deed is to reckon the power of ocean by the frailty of its foam.","To measure you by your smallest deed is to reckon the power of ocean by the frailty of its foam.","只憑你最微小的一次行動衡量你，就像用泡沫的脆弱，判斷大海的力量。","Kahlil Gibran","紀伯倫","Almustafa／阿爾穆斯塔法（作品人物）","The Prophet／《先知》","The Farewell","https://www.gutenberg.org/ebooks/58585","https://www.gutenberg.org/cache/epub/58585/pg58585.txt","1923","1931","Hong Kong","Public domain original — research assessment","原作者卒於1931年，已超過香港文學作品一般作者身後50年的保護期；只取歷史原文，不含現代譯文、編者註解或版面。","https://www.ip.gov.hk/en/types-of-ip/copyright/duration-of-copyright/index.html","https://www.gutenberg.org/ebooks/58585","英文保留來源摘句；繁體中文為2026-09-21獨立新譯，以香港讀者易讀的白話表達，未把護老者情境加進引文本身。","護老者; 文學陪伴; C04; 好忟，好易發脾氣; 寓言散文詩; 靈性文學","原文已與source_text_url所列文本核對，忽略排版空白及標點差異；保留摘句邊界。護老者情境配對屬編輯判斷，並非原作者的臨床建議。 說話者為作品人物Almustafa，並非作者訪談。","2026-09-21"
"HCQ0033","C04","好忟，好易發脾氣","被理解、暫停、保護界線","先接住情緒，再留出回應空間；不要求忍受傷害或急於原諒。","English","And how shall you punish those whose remorse is already greater than their misdeeds?","And how shall you punish those whose remorse is already greater than their misdeeds?","一個人的懊悔已比過失更沉重，你又怎忍心再懲罰他？","Kahlil Gibran","紀伯倫","Almustafa／阿爾穆斯塔法（作品人物）","The Prophet／《先知》","On Crime and Punishment","https://www.gutenberg.org/ebooks/58585","https://www.gutenberg.org/cache/epub/58585/pg58585.txt","1923","1931","Hong Kong","Public domain original — research assessment","原作者卒於1931年，已超過香港文學作品一般作者身後50年的保護期；只取歷史原文，不含現代譯文、編者註解或版面。","https://www.ip.gov.hk/en/types-of-ip/copyright/duration-of-copyright/index.html","https://www.gutenberg.org/ebooks/58585","英文保留來源摘句；繁體中文為2026-09-21獨立新譯，以香港讀者易讀的白話表達，未把護老者情境加進引文本身。","護老者; 文學陪伴; C04; 好忟，好易發脾氣; 寓言散文詩; 靈性文學","原文已與source_text_url所列文本核對，忽略排版空白及標點差異；保留摘句邊界。護老者情境配對屬編輯判斷，並非原作者的臨床建議。 說話者為作品人物Almustafa，並非作者訪談。","2026-09-21"
"HCQ0084","C04","好忟，好易發脾氣","被理解、暫停、保護界線","先接住情緒，再留出回應空間；不要求忍受傷害或急於原諒。","English","But let not him who longs much say to him who longs little, “Wherefore are you slow and halting?”","But let not him who longs much say to him who longs little, “Wherefore are you slow and halting?”","走得急切的人，不要對走得慢的人說：「你怎麼這樣緩慢、踉蹌？」","Kahlil Gibran","紀伯倫","Almustafa／阿爾穆斯塔法（作品人物）","The Prophet／《先知》","On Good and Evil","https://www.gutenberg.org/ebooks/58585","https://www.gutenberg.org/cache/epub/58585/pg58585.txt","1923","1931","Hong Kong","Public domain original — research assessment","原作者卒於1931年，已超過香港文學作品一般作者身後50年的保護期；只取歷史原文，不含現代譯文、編者註解或版面。","https://www.ip.gov.hk/en/types-of-ip/copyright/duration-of-copyright/index.html","https://www.gutenberg.org/ebooks/58585","英文保留來源摘句；繁體中文為2026-09-21獨立新譯，以香港讀者易讀的白話表達，未把護老者情境加進引文本身。","護老者; 文學陪伴; C04; 好忟，好易發脾氣; 寓言散文詩; 靈性文學","原文已與source_text_url所列文本核對，忽略排版空白及標點差異；保留摘句邊界。護老者情境配對屬編輯判斷，並非原作者的臨床建議。 說話者為作品人物Almustafa，並非作者訪談。","2026-09-21"
"HCQ0079","C04","好忟，好易發脾氣","被理解、暫停、保護界線","先接住情緒，再留出回應空間；不要求忍受傷害或急於原諒。","English（公版英譯來源；古代經文原語非英語）","There never was, there never will be, nor is there now, a man who is always blamed, or a man who is always praised.","There never was, there never will be, nor is there now, a man who is always blamed, or a man who is always praised.","從前沒有，將來也不會有，現在更沒有一個人永遠只受責備，或永遠只受稱讚。","Gautama Buddha (traditional attribution); F. Max Müller (English translator)","釋迦牟尼佛（傳統歸屬）；麥克斯・繆勒（英譯）","佛陀教導（《法句經》傳承記錄；非逐字歷史錄音）","Dhammapada／《法句經》（F. Max Müller英譯，Sacred Books of the East X, Part I）","Verse 228／第228偈","https://www.gutenberg.org/ebooks/2017","https://www.gutenberg.org/cache/epub/2017/pg2017.txt","古代巴利語經典；所用英譯刊於1881年","古代佛教傳承；英譯者F. Max Müller：1900年","Hong Kong","Public domain historical translation — research assessment","古代佛教經典；所用英譯者F. Max Müller卒於1900年，1881年英譯本已超過香港文學作品通常作者身後50年的保護期。只用歷史譯文，不取網站現代註解或版面。","https://www.ip.gov.hk/en/types-of-ip/copyright/duration-of-copyright/index.html","https://www.gutenberg.org/ebooks/2017","原文及英文欄為繆勒1881年歷史英譯，並非巴利語；繁體中文為2026-09-21依此英譯獨立新譯，非既有漢譯佛經。","護老者; 文學陪伴; C04; 好忟，好易發脾氣; 佛教; faith:buddhist","原文已與source_text_url所列文本核對，忽略排版空白及標點差異；保留摘句邊界。護老者情境配對屬編輯判斷，並非原作者的臨床建議。 宗教來源已標籤，宜依使用者意願顯示；不把信仰教導當成必須遵守的要求。","2026-09-21"
"HCQ0091","C04","好忟，好易發脾氣","被理解、暫停、保護界線","先接住情緒，再留出回應空間；不要求忍受傷害或急於原諒。","English","For reason, ruling alone, is a force confining; and passion, unattended, is a flame that burns to its own destruction.","For reason, ruling alone, is a force confining; and passion, unattended, is a flame that burns to its own destruction.","只有理性掌權，會成為束縛；沒有照應的激情，則像把自己燒盡的火。","Kahlil Gibran","紀伯倫","Almustafa／阿爾穆斯塔法（作品人物）","The Prophet／《先知》","On Reason and Passion","https://www.gutenberg.org/ebooks/58585","https://www.gutenberg.org/cache/epub/58585/pg58585.txt","1923","1931","Hong Kong","Public domain original — research assessment","原作者卒於1931年，已超過香港文學作品一般作者身後50年的保護期；只取歷史原文，不含現代譯文、編者註解或版面。","https://www.ip.gov.hk/en/types-of-ip/copyright/duration-of-copyright/index.html","https://www.gutenberg.org/ebooks/58585","英文保留來源摘句；繁體中文為2026-09-21獨立新譯，以香港讀者易讀的白話表達，未把護老者情境加進引文本身。","護老者; 文學陪伴; C04; 好忟，好易發脾氣; 寓言散文詩; 靈性文學","原文已與source_text_url所列文本核對，忽略排版空白及標點差異；保留摘句邊界。護老者情境配對屬編輯判斷，並非原作者的臨床建議。 說話者為作品人物Almustafa，並非作者訪談。","2026-09-21"
"HCQ0162","C04","好忟，好易發脾氣","被理解、暫停、保護界線","先接住情緒，再留出回應空間；不要求忍受傷害或急於原諒。","English","I would have you consider your judgment and your appetite even as you would two loved guests in your house.","I would have you consider your judgment and your appetite even as you would two loved guests in your house.","把你的判斷與渴望，都當作家中兩位你珍愛的客人，好好看待。","Kahlil Gibran","紀伯倫","Almustafa／阿爾穆斯塔法（作品人物）","The Prophet／《先知》","On Reason and Passion","https://www.gutenberg.org/ebooks/58585","https://www.gutenberg.org/cache/epub/58585/pg58585.txt","1923","1931","Hong Kong","Public domain original — research assessment","原作者卒於1931年，已超過香港文學作品一般作者身後50年的保護期；只取歷史原文，不含現代譯文、編者註解或版面。","https://www.ip.gov.hk/en/types-of-ip/copyright/duration-of-copyright/index.html","https://www.gutenberg.org/ebooks/58585","英文保留來源摘句；繁體中文為2026-09-21獨立新譯，以香港讀者易讀的白話表達，未把護老者情境加進引文本身。","護老者; 文學陪伴; C04; 好忟，好易發脾氣; 寓言散文詩; 靈性文學","原文已與source_text_url所列文本核對，忽略排版空白及標點差異；保留摘句邊界。護老者情境配對屬編輯判斷，並非原作者的臨床建議。 說話者為作品人物Almustafa，並非作者訪談。","2026-09-21"
"HCQ0170","C04","好忟，好易發脾氣","被理解、暫停、保護界線","先接住情緒，再留出回應空間；不要求忍受傷害或急於原諒。","English","Your reason and your passion are the rudder and the sails of your seafaring soul.","Your reason and your passion are the rudder and the sails of your seafaring soul.","理性與熱情，是你心靈航行時的舵與帆。","Kahlil Gibran","紀伯倫","Almustafa／阿爾穆斯塔法（作品人物）","The Prophet／《先知》","On Reason and Passion","https://www.gutenberg.org/ebooks/58585","https://www.gutenberg.org/cache/epub/58585/pg58585.txt","1923","1931","Hong Kong","Public domain original — research assessment","原作者卒於1931年，已超過香港文學作品一般作者身後50年的保護期；只取歷史原文，不含現代譯文、編者註解或版面。","https://www.ip.gov.hk/en/types-of-ip/copyright/duration-of-copyright/index.html","https://www.gutenberg.org/ebooks/58585","英文保留來源摘句；繁體中文為2026-09-21獨立新譯，以香港讀者易讀的白話表達，未把護老者情境加進引文本身。","護老者; 文學陪伴; C04; 好忟，好易發脾氣; 寓言散文詩; 靈性文學","原文已與source_text_url所列文本核對，忽略排版空白及標點差異；保留摘句邊界。護老者情境配對屬編輯判斷，並非原作者的臨床建議。 說話者為作品人物Almustafa，並非作者訪談。","2026-09-21"
"HCQ0111","C04","好忟，好易發脾氣","被理解、暫停、保護界線","先接住情緒，再留出回應空間；不要求忍受傷害或急於原諒。","English","Even your body knows its heritage and its rightful need and will not be deceived.","Even your body knows its heritage and its rightful need and will not be deceived.","連你的身體，也知道它承接的一切與應有的需要，不會被蒙騙。","Kahlil Gibran","紀伯倫","Almustafa／阿爾穆斯塔法（作品人物）","The Prophet／《先知》","On Pleasure","https://www.gutenberg.org/ebooks/58585","https://www.gutenberg.org/cache/epub/58585/pg58585.txt","1923","1931","Hong Kong","Public domain original — research assessment","原作者卒於1931年，已超過香港文學作品一般作者身後50年的保護期；只取歷史原文，不含現代譯文、編者註解或版面。","https://www.ip.gov.hk/en/types-of-ip/copyright/duration-of-copyright/index.html","https://www.gutenberg.org/ebooks/58585","英文保留來源摘句；繁體中文為2026-09-21獨立新譯，以香港讀者易讀的白話表達，未把護老者情境加進引文本身。","護老者; 文學陪伴; C04; 好忟，好易發脾氣; 寓言散文詩; 靈性文學","原文已與source_text_url所列文本核對，忽略排版空白及標點差異；保留摘句邊界。護老者情境配對屬編輯判斷，並非原作者的臨床建議。 說話者為作品人物Almustafa，並非作者訪談。","2026-09-21"
"HCQ0072","C04","好忟，好易發脾氣","被理解、暫停、保護界線","先接住情緒，再留出回應空間；不要求忍受傷害或急於原諒。","English","I love a broad margin to my life.","I love a broad margin to my life.","我喜歡在生活裏，留下一片寬闊的空白。","Henry David Thoreau","亨利・大衛・梭羅","亨利・大衛・梭羅","Walden／《湖濱散記》","Walden — Sounds","https://www.gutenberg.org/ebooks/205","https://www.gutenberg.org/cache/epub/205/pg205.txt","1854","1862","Hong Kong","Public domain original — research assessment","原作者卒於1862年，已超過香港文學作品一般作者身後50年的保護期；只取歷史原文，不含現代譯文、編者註解或版面。","https://www.ip.gov.hk/en/types-of-ip/copyright/duration-of-copyright/index.html","https://www.gutenberg.org/ebooks/205","英文保留來源摘句；繁體中文為2026-09-21獨立新譯，以香港讀者易讀的白話表達，未把護老者情境加進引文本身。","護老者; 文學陪伴; C04; 好忟，好易發脾氣; 文學／哲思","原文已與source_text_url所列文本核對，忽略排版空白及標點差異；保留摘句邊界。護老者情境配對屬編輯判斷，並非原作者的臨床建議。","2026-09-21"
"HCQ0141","C04","好忟，好易發脾氣","被理解、暫停、保護界線","先接住情緒，再留出回應空間；不要求忍受傷害或急於原諒。","English（公版英譯來源；古代經文原語非英語）","Come away into a deserted place, and rest awhile.","Come away into a deserted place, and rest awhile.","到一個安靜無人的地方，休息一會吧。","Mark (traditional attribution)","馬可（傳統歸屬）","耶穌（福音書所記）","The Holy Bible — Mark／《聖經·馬可福音》（World English Bible, engwebp）","Mark 6:31／馬可福音 6:31（節錄）","https://ebible.org/engwebp/MRK06.htm#V31","https://ebible.org/engwebp/MRK06.htm#V31","古代經文；World English Bible 2020 stable text edition（engwebp；2026-09-21核對）","古代作者；現代英譯依出版方公版聲明，不以譯者死亡年限判斷","Hong Kong","Public domain dedication — publisher statement; Hong Kong use assessment","古代聖經文本；所用World English Bible英譯由出版方明確獻予公有領域，並允許複製、分發、出售及引用；不是依賴現代譯者死亡年限。繁體中文為本次由此英譯新譯，並非WEB官方中文版。","https://ebible.org/engwebp/copyright.htm","https://ebible.org/engwebp/copyright.htm","原文及英文欄為World English Bible英譯，並非古代原語；繁體中文為2026-09-21獨立新譯，非WEB官方中文版。","護老者; 文學陪伴; C04; 好忟，好易發脾氣; 基督宗教; faith:christian","原文已與source_text_url所列文本核對，忽略排版空白及標點差異；保留摘句邊界。護老者情境配對屬編輯判斷，並非原作者的臨床建議。 宗教來源已標籤，宜依使用者意願顯示；不把信仰教導當成必須遵守的要求。","2026-09-21"
"HCQ0159","C04","好忟，好易發脾氣","被理解、暫停、保護界線","先接住情緒，再留出回應空間；不要求忍受傷害或急於原諒。","English","If you tire, give me both burdens, and rest the chuff of your hand on my hip, And in due time you shall repay the same service to me,","If you tire, give me both burdens, and rest the chuff of your hand on my hip, And in due time you shall repay the same service to me,","你若累了，就把兩份行李都交給我，將手掌靠在我的腰旁歇一歇；到了合適的時候，你也可以這樣幫助我。","Walt Whitman","華特・惠特曼","詩中抒情者","Leaves of Grass／《草葉集》","Song of Myself, 46","https://www.gutenberg.org/ebooks/1322","https://www.gutenberg.org/cache/epub/1322/pg1322.txt","1855–1892（多次增訂）","1892","Hong Kong","Public domain original — research assessment","原作者卒於1892年，已超過香港文學作品一般作者身後50年的保護期；只取歷史原文，不含現代譯文、編者註解或版面。","https://www.ip.gov.hk/en/types-of-ip/copyright/duration-of-copyright/index.html","https://www.gutenberg.org/ebooks/1322","英文保留來源摘句；繁體中文為2026-09-21獨立新譯，以香港讀者易讀的白話表達，未把護老者情境加進引文本身。","護老者; 文學陪伴; C04; 好忟，好易發脾氣; 文學／哲思","原文已與source_text_url所列文本核對，忽略排版空白及標點差異；保留摘句邊界。護老者情境配對屬編輯判斷，並非原作者的臨床建議。 互助的文學描寫；求助不以日後有能力回報為前提。","2026-09-21"
"HCQ0027","C05","覺得內疚，做得唔夠好","自我體諒、容許不完美、看見付出","個人價值不由一次失誤決定；容許修補，也容許求助與休息。","English","You are good when you walk to your goal firmly and with bold steps. Yet you are not evil when you go thither limping.","You are good when you walk to your goal firmly and with bold steps. Yet you are not evil when you go thither limping.","你堅定地走向目標，是好的；即使你一拐一拐地前行，也不代表你不好。","Kahlil Gibran","紀伯倫","Almustafa／阿爾穆斯塔法（作品人物）","The Prophet／《先知》","On Good and Evil","https://www.gutenberg.org/ebooks/58585","https://www.gutenberg.org/cache/epub/58585/pg58585.txt","1923","1931","Hong Kong","Public domain original — research assessment","原作者卒於1931年，已超過香港文學作品一般作者身後50年的保護期；只取歷史原文，不含現代譯文、編者註解或版面。","https://www.ip.gov.hk/en/types-of-ip/copyright/duration-of-copyright/index.html","https://www.gutenberg.org/ebooks/58585","英文保留來源摘句；繁體中文為2026-09-21獨立新譯，以香港讀者易讀的白話表達，未把護老者情境加進引文本身。","護老者; 文學陪伴; C05; 覺得內疚，做得唔夠好; 寓言散文詩; 靈性文學","原文已與source_text_url所列文本核對，忽略排版空白及標點差異；保留摘句邊界。護老者情境配對屬編輯判斷，並非原作者的臨床建議。 說話者為作品人物Almustafa，並非作者訪談。","2026-09-21"
"HCQ0049","C05","覺得內疚，做得唔夠好","自我體諒、容許不完美、看見付出","個人價值不由一次失誤決定；容許修補，也容許求助與休息。","English","You are good when you are one with yourself. Yet when you are not one with yourself you are not evil.","You are good when you are one with yourself. Yet when you are not one with yourself you are not evil.","與自己和諧相處，是好的；暫時做不到，也不表示你不好。","Kahlil Gibran","紀伯倫","Almustafa／阿爾穆斯塔法（作品人物）","The Prophet／《先知》","On Good and Evil","https://www.gutenberg.org/ebooks/58585","https://www.gutenberg.org/cache/epub/58585/pg58585.txt","1923","1931","Hong Kong","Public domain original — research assessment","原作者卒於1931年，已超過香港文學作品一般作者身後50年的保護期；只取歷史原文，不含現代譯文、編者註解或版面。","https://www.ip.gov.hk/en/types-of-ip/copyright/duration-of-copyright/index.html","https://www.gutenberg.org/ebooks/58585","英文保留來源摘句；繁體中文為2026-09-21獨立新譯，以香港讀者易讀的白話表達，未把護老者情境加進引文本身。","護老者; 文學陪伴; C05; 覺得內疚，做得唔夠好; 寓言散文詩; 靈性文學","原文已與source_text_url所列文本核對，忽略排版空白及標點差異；保留摘句邊界。護老者情境配對屬編輯判斷，並非原作者的臨床建議。 說話者為作品人物Almustafa，並非作者訪談。","2026-09-21"
"HCQ0129","C05","覺得內疚，做得唔夠好","自我體諒、容許不完美、看見付出","個人價值不由一次失誤決定；容許修補，也容許求助與休息。","English","To measure you by your smallest deed is to reckon the power of ocean by the frailty of its foam.","To measure you by your smallest deed is to reckon the power of ocean by the frailty of its foam.","只憑你最微小的一次行動衡量你，就像用泡沫的脆弱，判斷大海的力量。","Kahlil Gibran","紀伯倫","Almustafa／阿爾穆斯塔法（作品人物）","The Prophet／《先知》","The Farewell","https://www.gutenberg.org/ebooks/58585","https://www.gutenberg.org/cache/epub/58585/pg58585.txt","1923","1931","Hong Kong","Public domain original — research assessment","原作者卒於1931年，已超過香港文學作品一般作者身後50年的保護期；只取歷史原文，不含現代譯文、編者註解或版面。","https://www.ip.gov.hk/en/types-of-ip/copyright/duration-of-copyright/index.html","https://www.gutenberg.org/ebooks/58585","英文保留來源摘句；繁體中文為2026-09-21獨立新譯，以香港讀者易讀的白話表達，未把護老者情境加進引文本身。","護老者; 文學陪伴; C05; 覺得內疚，做得唔夠好; 寓言散文詩; 靈性文學","原文已與source_text_url所列文本核對，忽略排版空白及標點差異；保留摘句邊界。護老者情境配對屬編輯判斷，並非原作者的臨床建議。 說話者為作品人物Almustafa，並非作者訪談。","2026-09-21"
"HCQ0149","C05","覺得內疚，做得唔夠好","自我體諒、容許不完美、看見付出","個人價值不由一次失誤決定；容許修補，也容許求助與休息。","English","To judge you by your failures is to cast blame upon the seasons for their inconstancy.","To judge you by your failures is to cast blame upon the seasons for their inconstancy.","只憑失敗來評斷你，就像責怪季節為甚麼總在變換。","Kahlil Gibran","紀伯倫","Almustafa／阿爾穆斯塔法（作品人物）","The Prophet／《先知》","The Farewell","https://www.gutenberg.org/ebooks/58585","https://www.gutenberg.org/cache/epub/58585/pg58585.txt","1923","1931","Hong Kong","Public domain original — research assessment","原作者卒於1931年，已超過香港文學作品一般作者身後50年的保護期；只取歷史原文，不含現代譯文、編者註解或版面。","https://www.ip.gov.hk/en/types-of-ip/copyright/duration-of-copyright/index.html","https://www.gutenberg.org/ebooks/58585","英文保留來源摘句；繁體中文為2026-09-21獨立新譯，以香港讀者易讀的白話表達，未把護老者情境加進引文本身。","護老者; 文學陪伴; C05; 覺得內疚，做得唔夠好; 寓言散文詩; 靈性文學","原文已與source_text_url所列文本核對，忽略排版空白及標點差異；保留摘句邊界。護老者情境配對屬編輯判斷，並非原作者的臨床建議。 說話者為作品人物Almustafa，並非作者訪談。","2026-09-21"
"HCQ0033","C05","覺得內疚，做得唔夠好","自我體諒、容許不完美、看見付出","個人價值不由一次失誤決定；容許修補，也容許求助與休息。","English","And how shall you punish those whose remorse is already greater than their misdeeds?","And how shall you punish those whose remorse is already greater than their misdeeds?","一個人的懊悔已比過失更沉重，你又怎忍心再懲罰他？","Kahlil Gibran","紀伯倫","Almustafa／阿爾穆斯塔法（作品人物）","The Prophet／《先知》","On Crime and Punishment","https://www.gutenberg.org/ebooks/58585","https://www.gutenberg.org/cache/epub/58585/pg58585.txt","1923","1931","Hong Kong","Public domain original — research assessment","原作者卒於1931年，已超過香港文學作品一般作者身後50年的保護期；只取歷史原文，不含現代譯文、編者註解或版面。","https://www.ip.gov.hk/en/types-of-ip/copyright/duration-of-copyright/index.html","https://www.gutenberg.org/ebooks/58585","英文保留來源摘句；繁體中文為2026-09-21獨立新譯，以香港讀者易讀的白話表達，未把護老者情境加進引文本身。","護老者; 文學陪伴; C05; 覺得內疚，做得唔夠好; 寓言散文詩; 靈性文學","原文已與source_text_url所列文本核對，忽略排版空白及標點差異；保留摘句邊界。護老者情境配對屬編輯判斷，並非原作者的臨床建議。 說話者為作品人物Almustafa，並非作者訪談。","2026-09-21"
"HCQ0084","C05","覺得內疚，做得唔夠好","自我體諒、容許不完美、看見付出","個人價值不由一次失誤決定；容許修補，也容許求助與休息。","English","But let not him who longs much say to him who longs little, “Wherefore are you slow and halting?”","But let not him who longs much say to him who longs little, “Wherefore are you slow and halting?”","走得急切的人，不要對走得慢的人說：「你怎麼這樣緩慢、踉蹌？」","Kahlil Gibran","紀伯倫","Almustafa／阿爾穆斯塔法（作品人物）","The Prophet／《先知》","On Good and Evil","https://www.gutenberg.org/ebooks/58585","https://www.gutenberg.org/cache/epub/58585/pg58585.txt","1923","1931","Hong Kong","Public domain original — research assessment","原作者卒於1931年，已超過香港文學作品一般作者身後50年的保護期；只取歷史原文，不含現代譯文、編者註解或版面。","https://www.ip.gov.hk/en/types-of-ip/copyright/duration-of-copyright/index.html","https://www.gutenberg.org/ebooks/58585","英文保留來源摘句；繁體中文為2026-09-21獨立新譯，以香港讀者易讀的白話表達，未把護老者情境加進引文本身。","護老者; 文學陪伴; C05; 覺得內疚，做得唔夠好; 寓言散文詩; 靈性文學","原文已與source_text_url所列文本核對，忽略排版空白及標點差異；保留摘句邊界。護老者情境配對屬編輯判斷，並非原作者的臨床建議。 說話者為作品人物Almustafa，並非作者訪談。","2026-09-21"
"HCQ0079","C05","覺得內疚，做得唔夠好","自我體諒、容許不完美、看見付出","個人價值不由一次失誤決定；容許修補，也容許求助與休息。","English（公版英譯來源；古代經文原語非英語）","There never was, there never will be, nor is there now, a man who is always blamed, or a man who is always praised.","There never was, there never will be, nor is there now, a man who is always blamed, or a man who is always praised.","從前沒有，將來也不會有，現在更沒有一個人永遠只受責備，或永遠只受稱讚。","Gautama Buddha (traditional attribution); F. Max Müller (English translator)","釋迦牟尼佛（傳統歸屬）；麥克斯・繆勒（英譯）","佛陀教導（《法句經》傳承記錄；非逐字歷史錄音）","Dhammapada／《法句經》（F. Max Müller英譯，Sacred Books of the East X, Part I）","Verse 228／第228偈","https://www.gutenberg.org/ebooks/2017","https://www.gutenberg.org/cache/epub/2017/pg2017.txt","古代巴利語經典；所用英譯刊於1881年","古代佛教傳承；英譯者F. Max Müller：1900年","Hong Kong","Public domain historical translation — research assessment","古代佛教經典；所用英譯者F. Max Müller卒於1900年，1881年英譯本已超過香港文學作品通常作者身後50年的保護期。只用歷史譯文，不取網站現代註解或版面。","https://www.ip.gov.hk/en/types-of-ip/copyright/duration-of-copyright/index.html","https://www.gutenberg.org/ebooks/2017","原文及英文欄為繆勒1881年歷史英譯，並非巴利語；繁體中文為2026-09-21依此英譯獨立新譯，非既有漢譯佛經。","護老者; 文學陪伴; C05; 覺得內疚，做得唔夠好; 佛教; faith:buddhist","原文已與source_text_url所列文本核對，忽略排版空白及標點差異；保留摘句邊界。護老者情境配對屬編輯判斷，並非原作者的臨床建議。 宗教來源已標籤，宜依使用者意願顯示；不把信仰教導當成必須遵守的要求。","2026-09-21"
"HCQ0059","C05","覺得內疚，做得唔夠好","自我體諒、容許不完美、看見付出","個人價值不由一次失誤決定；容許修補，也容許求助與休息。","文言中文","大成若缺，其用不弊。","Great completeness seems imperfect, yet its usefulness does not fail.","最完整的成就，看來也可能有所欠缺，卻不妨礙它發揮作用。","Laozi (traditional attribution)","老子（傳統歸屬）","老子（傳統歸屬）","《道德經》","第45章","https://ctext.org/dao-de-jing","https://ctext.org/dao-de-jing","先秦古籍","古代；生卒年未確定","Hong Kong","Public domain original — research assessment","先秦／漢代傳世古籍原文，歷史作者及文本年代已遠超一般版權期限；只取古文，不含網站現代譯注或版面。","https://www.ip.gov.hk/en/types-of-ip/copyright/duration-of-copyright/index.html","https://ctext.org/dao-de-jing","古文保留來源文字；繁體中文白話及英文均為2026-09-21獨立新譯。","護老者; 文學陪伴; C05; 覺得內疚，做得唔夠好; 中國古典哲學","原文已與source_text_url所列文本核對，忽略排版空白及標點差異；保留摘句邊界。護老者情境配對屬編輯判斷，並非原作者的臨床建議。","2026-09-21"
"HCQ0048","C05","覺得內疚，做得唔夠好","自我體諒、容許不完美、看見付出","個人價值不由一次失誤決定；容許修補，也容許求助與休息。","English","If a man does not keep pace with his companions, perhaps it is because he hears a different drummer. Let him step to the music which he hears, however measured or far away.","If a man does not keep pace with his companions, perhaps it is because he hears a different drummer. Let him step to the music which he hears, however measured or far away.","有人跟不上同伴，也許只是聽見了不同的鼓聲。讓他按自己聽見的節奏走吧，不管那節奏多慢、多遠。","Henry David Thoreau","亨利・大衛・梭羅","亨利・大衛・梭羅","Walden／《湖濱散記》","Walden — Conclusion","https://www.gutenberg.org/ebooks/205","https://www.gutenberg.org/cache/epub/205/pg205.txt","1854","1862","Hong Kong","Public domain original — research assessment","原作者卒於1862年，已超過香港文學作品一般作者身後50年的保護期；只取歷史原文，不含現代譯文、編者註解或版面。","https://www.ip.gov.hk/en/types-of-ip/copyright/duration-of-copyright/index.html","https://www.gutenberg.org/ebooks/205","英文保留來源摘句；繁體中文為2026-09-21獨立新譯，以香港讀者易讀的白話表達，未把護老者情境加進引文本身。","護老者; 文學陪伴; C05; 覺得內疚，做得唔夠好; 文學／哲思","原文已與source_text_url所列文本核對，忽略排版空白及標點差異；保留摘句邊界。護老者情境配對屬編輯判斷，並非原作者的臨床建議。","2026-09-21"
"HCQ0093","C05","覺得內疚，做得唔夠好","自我體諒、容許不完美、看見付出","個人價值不由一次失誤決定；容許修補，也容許求助與休息。","English","It is not important that he should mature as soon as an apple-tree or an oak. Shall he turn his spring into summer?","It is not important that he should mature as soon as an apple-tree or an oak. Shall he turn his spring into summer?","他不必像蘋果樹或橡樹一樣快地成熟。難道要把自己的春天，急着變成夏天？","Henry David Thoreau","亨利・大衛・梭羅","亨利・大衛・梭羅","Walden／《湖濱散記》","Walden — Conclusion","https://www.gutenberg.org/ebooks/205","https://www.gutenberg.org/cache/epub/205/pg205.txt","1854","1862","Hong Kong","Public domain original — research assessment","原作者卒於1862年，已超過香港文學作品一般作者身後50年的保護期；只取歷史原文，不含現代譯文、編者註解或版面。","https://www.ip.gov.hk/en/types-of-ip/copyright/duration-of-copyright/index.html","https://www.gutenberg.org/ebooks/205","英文保留來源摘句；繁體中文為2026-09-21獨立新譯，以香港讀者易讀的白話表達，未把護老者情境加進引文本身。","護老者; 文學陪伴; C05; 覺得內疚，做得唔夠好; 文學／哲思","原文已與source_text_url所列文本核對，忽略排版空白及標點差異；保留摘句邊界。護老者情境配對屬編輯判斷，並非原作者的臨床建議。","2026-09-21"
"HCQ0171","C05","覺得內疚，做得唔夠好","自我體諒、容許不完美、看見付出","個人價值不由一次失誤決定；容許修補，也容許求助與休息。","English","And though heavy-grounded ships await the tide upon your shores, yet, even like an ocean, you cannot hasten your tides.","And though heavy-grounded ships await the tide upon your shores, yet, even like an ocean, you cannot hasten your tides.","即使沉重的船在岸邊等候潮水，你也和大海一樣，無法催促自己的潮汐。","Kahlil Gibran","紀伯倫","Almustafa／阿爾穆斯塔法（作品人物）","The Prophet／《先知》","The Farewell","https://www.gutenberg.org/ebooks/58585","https://www.gutenberg.org/cache/epub/58585/pg58585.txt","1923","1931","Hong Kong","Public domain original — research assessment","原作者卒於1931年，已超過香港文學作品一般作者身後50年的保護期；只取歷史原文，不含現代譯文、編者註解或版面。","https://www.ip.gov.hk/en/types-of-ip/copyright/duration-of-copyright/index.html","https://www.gutenberg.org/ebooks/58585","英文保留來源摘句；繁體中文為2026-09-21獨立新譯，以香港讀者易讀的白話表達，未把護老者情境加進引文本身。","護老者; 文學陪伴; C05; 覺得內疚，做得唔夠好; 寓言散文詩; 靈性文學","原文已與source_text_url所列文本核對，忽略排版空白及標點差異；保留摘句邊界。護老者情境配對屬編輯判斷，並非原作者的臨床建議。 說話者為作品人物Almustafa，並非作者訪談。","2026-09-21"
"HCQ0009","C05","覺得內疚，做得唔夠好","自我體諒、容許不完美、看見付出","個人價值不由一次失誤決定；容許修補，也容許求助與休息。","文言中文","人之不善，何棄之有？","Even when someone falls short of goodness, why should they be abandoned?","人即使有不好的地方，又怎能因此把他捨棄？","Laozi (traditional attribution)","老子（傳統歸屬）","老子（傳統歸屬）","《道德經》","第62章","https://ctext.org/dao-de-jing","https://ctext.org/dao-de-jing","先秦古籍","古代；生卒年未確定","Hong Kong","Public domain original — research assessment","先秦／漢代傳世古籍原文，歷史作者及文本年代已遠超一般版權期限；只取古文，不含網站現代譯注或版面。","https://www.ip.gov.hk/en/types-of-ip/copyright/duration-of-copyright/index.html","https://ctext.org/dao-de-jing","古文保留來源文字；繁體中文白話及英文均為2026-09-21獨立新譯。","護老者; 文學陪伴; C05; 覺得內疚，做得唔夠好; 中國古典哲學","原文已與source_text_url所列文本核對，忽略排版空白及標點差異；保留摘句邊界。護老者情境配對屬編輯判斷，並非原作者的臨床建議。","2026-09-21"
"HCQ0053","C05","覺得內疚，做得唔夠好","自我體諒、容許不完美、看見付出","個人價值不由一次失誤決定；容許修補，也容許求助與休息。","文言中文","自知不自見；自愛不自貴。","Know yourself without making a display; love yourself without placing yourself above others.","了解自己而不炫耀，珍愛自己而不自抬身價。","Laozi (traditional attribution)","老子（傳統歸屬）","老子（傳統歸屬）","《道德經》","第72章","https://ctext.org/dao-de-jing","https://ctext.org/dao-de-jing","先秦古籍","古代；生卒年未確定","Hong Kong","Public domain original — research assessment","先秦／漢代傳世古籍原文，歷史作者及文本年代已遠超一般版權期限；只取古文，不含網站現代譯注或版面。","https://www.ip.gov.hk/en/types-of-ip/copyright/duration-of-copyright/index.html","https://ctext.org/dao-de-jing","古文保留來源文字；繁體中文白話及英文均為2026-09-21獨立新譯。","護老者; 文學陪伴; C05; 覺得內疚，做得唔夠好; 中國古典哲學","原文已與source_text_url所列文本核對，忽略排版空白及標點差異；保留摘句邊界。護老者情境配對屬編輯判斷，並非原作者的臨床建議。","2026-09-21"
"HCQ0026","C05","覺得內疚，做得唔夠好","自我體諒、容許不完美、看見付出","個人價值不由一次失誤決定；容許修補，也容許求助與休息。","English","We must be our own before we can be another's.","We must be our own before we can be another's.","我們先要屬於自己，才能屬於另一個人。","Ralph Waldo Emerson","拉爾夫・沃爾多・愛默生","拉爾夫・沃爾多・愛默生","Essays／《論文集》","Friendship","https://www.gutenberg.org/ebooks/16643","https://www.gutenberg.org/cache/epub/16643/pg16643.txt","1841（所選文章）","1882","Hong Kong","Public domain original — research assessment","原作者卒於1882年，已超過香港文學作品一般作者身後50年的保護期；只取歷史原文，不含現代譯文、編者註解或版面。","https://www.ip.gov.hk/en/types-of-ip/copyright/duration-of-copyright/index.html","https://www.gutenberg.org/ebooks/16643","英文保留來源摘句；繁體中文為2026-09-21獨立新譯，以香港讀者易讀的白話表達，未把護老者情境加進引文本身。","護老者; 文學陪伴; C05; 覺得內疚，做得唔夠好; 文學／哲思","原文已與source_text_url所列文本核對，忽略排版空白及標點差異；保留摘句邊界。護老者情境配對屬編輯判斷，並非原作者的臨床建議。","2026-09-21"
"HCQ0095","C05","覺得內疚，做得唔夠好","自我體諒、容許不完美、看見付出","個人價值不由一次失誤決定；容許修補，也容許求助與休息。","English","This above all: to thine own self be true,","This above all: to thine own self be true,","最要緊的是：忠於你自己。","William Shakespeare","威廉・莎士比亞","Polonius（戲劇角色）","The Complete Works of William Shakespeare","Hamlet, 1.3; Polonius","https://www.gutenberg.org/ebooks/100","https://www.gutenberg.org/cache/epub/100/pg100.txt","16至17世紀","1616","Hong Kong","Public domain original — research assessment","原作者卒於1616年，已超過香港文學作品一般作者身後50年的保護期；只取歷史原文，不含現代譯文、編者註解或版面。","https://www.ip.gov.hk/en/types-of-ip/copyright/duration-of-copyright/index.html","https://www.gutenberg.org/ebooks/100","英文保留來源摘句；繁體中文為2026-09-21獨立新譯，以香港讀者易讀的白話表達，未把護老者情境加進引文本身。","護老者; 文學陪伴; C05; 覺得內疚，做得唔夠好; 文學／哲思","原文已與source_text_url所列文本核對，忽略排版空白及標點差異；保留摘句邊界。護老者情境配對屬編輯判斷，並非原作者的臨床建議。","2026-09-21"
"HCQ0131","C05","覺得內疚，做得唔夠好","自我體諒、容許不完美、看見付出","個人價值不由一次失誤決定；容許修補，也容許求助與休息。","English","Nothing is at last sacred but the integrity of your own mind.","Nothing is at last sacred but the integrity of your own mind.","到最後，最值得守護的，是自己心靈的完整與真誠。","Ralph Waldo Emerson","拉爾夫・沃爾多・愛默生","拉爾夫・沃爾多・愛默生","Essays／《論文集》","Self-Reliance","https://www.gutenberg.org/ebooks/16643","https://www.gutenberg.org/cache/epub/16643/pg16643.txt","1841（所選文章）","1882","Hong Kong","Public domain original — research assessment","原作者卒於1882年，已超過香港文學作品一般作者身後50年的保護期；只取歷史原文，不含現代譯文、編者註解或版面。","https://www.ip.gov.hk/en/types-of-ip/copyright/duration-of-copyright/index.html","https://www.gutenberg.org/ebooks/16643","英文保留來源摘句；繁體中文為2026-09-21獨立新譯，以香港讀者易讀的白話表達，未把護老者情境加進引文本身。","護老者; 文學陪伴; C05; 覺得內疚，做得唔夠好; 文學／哲思","原文已與source_text_url所列文本核對，忽略排版空白及標點差異；保留摘句邊界。護老者情境配對屬編輯判斷，並非原作者的臨床建議。","2026-09-21"
"HCQ0151","C05","覺得內疚，做得唔夠好","自我體諒、容許不完美、看見付出","個人價值不由一次失誤決定；容許修補，也容許求助與休息。","English","Let a man then know his worth, and keep things under his feet.","Let a man then know his worth, and keep things under his feet.","讓人明白自己的價值，別反被外物駕馭。","Ralph Waldo Emerson","拉爾夫・沃爾多・愛默生","拉爾夫・沃爾多・愛默生","Essays／《論文集》","Self-Reliance","https://www.gutenberg.org/ebooks/16643","https://www.gutenberg.org/cache/epub/16643/pg16643.txt","1841（所選文章）","1882","Hong Kong","Public domain original — research assessment","原作者卒於1882年，已超過香港文學作品一般作者身後50年的保護期；只取歷史原文，不含現代譯文、編者註解或版面。","https://www.ip.gov.hk/en/types-of-ip/copyright/duration-of-copyright/index.html","https://www.gutenberg.org/ebooks/16643","英文保留來源摘句；繁體中文為2026-09-21獨立新譯，以香港讀者易讀的白話表達，未把護老者情境加進引文本身。","護老者; 文學陪伴; C05; 覺得內疚，做得唔夠好; 文學／哲思","原文已與source_text_url所列文本核對，忽略排版空白及標點差異；保留摘句邊界。護老者情境配對屬編輯判斷，並非原作者的臨床建議。","2026-09-21"
"HCQ0158","C05","覺得內疚，做得唔夠好","自我體諒、容許不完美、看見付出","個人價值不由一次失誤決定；容許修補，也容許求助與休息。","English","I am larger, better than I thought, I did not know I held so much goodness.","I am larger, better than I thought, I did not know I held so much goodness.","我比自己想的更寬廣、更好；原來我心裏，藏着這麼多善意。","Walt Whitman","華特・惠特曼","詩中抒情者","Leaves of Grass／《草葉集》","Song of the Open Road, 5","https://www.gutenberg.org/ebooks/1322","https://www.gutenberg.org/cache/epub/1322/pg1322.txt","1855–1892（多次增訂）","1892","Hong Kong","Public domain original — research assessment","原作者卒於1892年，已超過香港文學作品一般作者身後50年的保護期；只取歷史原文，不含現代譯文、編者註解或版面。","https://www.ip.gov.hk/en/types-of-ip/copyright/duration-of-copyright/index.html","https://www.gutenberg.org/ebooks/1322","英文保留來源摘句；繁體中文為2026-09-21獨立新譯，以香港讀者易讀的白話表達，未把護老者情境加進引文本身。","護老者; 文學陪伴; C05; 覺得內疚，做得唔夠好; 文學／哲思","原文已與source_text_url所列文本核對，忽略排版空白及標點差異；保留摘句邊界。護老者情境配對屬編輯判斷，並非原作者的臨床建議。","2026-09-21"
"HCQ0168","C05","覺得內疚，做得唔夠好","自我體諒、容許不完美、看見付出","個人價值不由一次失誤決定；容許修補，也容許求助與休息。","English","You are also as strong as your strongest link.","You are also as strong as your strongest link.","你也擁有自己最堅強的那一環的力量。","Kahlil Gibran","紀伯倫","Almustafa／阿爾穆斯塔法（作品人物）","The Prophet／《先知》","The Farewell","https://www.gutenberg.org/ebooks/58585","https://www.gutenberg.org/cache/epub/58585/pg58585.txt","1923","1931","Hong Kong","Public domain original — research assessment","原作者卒於1931年，已超過香港文學作品一般作者身後50年的保護期；只取歷史原文，不含現代譯文、編者註解或版面。","https://www.ip.gov.hk/en/types-of-ip/copyright/duration-of-copyright/index.html","https://www.gutenberg.org/ebooks/58585","英文保留來源摘句；繁體中文為2026-09-21獨立新譯，以香港讀者易讀的白話表達，未把護老者情境加進引文本身。","護老者; 文學陪伴; C05; 覺得內疚，做得唔夠好; 寓言散文詩; 靈性文學","原文已與source_text_url所列文本核對，忽略排版空白及標點差異；保留摘句邊界。護老者情境配對屬編輯判斷，並非原作者的臨床建議。 說話者為作品人物Almustafa，並非作者訪談。","2026-09-21"
"HCQ0003","C05","覺得內疚，做得唔夠好","自我體諒、容許不完美、看見付出","個人價值不由一次失誤決定；容許修補，也容許求助與休息。","English","the corner-stone of the temple is not higher than the lowest stone in its foundation.","the corner-stone of the temple is not higher than the lowest stone in its foundation.","殿堂的基石，並不比地基裏最低的一塊石頭更高貴。","Kahlil Gibran","紀伯倫","Almustafa／阿爾穆斯塔法（作品人物）","The Prophet／《先知》","On Crime and Punishment","https://www.gutenberg.org/ebooks/58585","https://www.gutenberg.org/cache/epub/58585/pg58585.txt","1923","1931","Hong Kong","Public domain original — research assessment","原作者卒於1931年，已超過香港文學作品一般作者身後50年的保護期；只取歷史原文，不含現代譯文、編者註解或版面。","https://www.ip.gov.hk/en/types-of-ip/copyright/duration-of-copyright/index.html","https://www.gutenberg.org/ebooks/58585","英文保留來源摘句；繁體中文為2026-09-21獨立新譯，以香港讀者易讀的白話表達，未把護老者情境加進引文本身。","護老者; 文學陪伴; C05; 覺得內疚，做得唔夠好; 寓言散文詩; 靈性文學","原文已與source_text_url所列文本核對，忽略排版空白及標點差異；保留摘句邊界。護老者情境配對屬編輯判斷，並非原作者的臨床建議。 說話者為作品人物Almustafa，並非作者訪談。","2026-09-21"
"HCQ0092","C05","覺得內疚，做得唔夠好","自我體諒、容許不完美、看見付出","個人價值不由一次失誤決定；容許修補，也容許求助與休息。","English","the wind speaks not more sweetly to the giant oaks than to the least of all the blades of grass;","the wind speaks not more sweetly to the giant oaks than to the least of all the blades of grass;","風對高大的橡樹說話，並不比對最細小的一片草葉更溫柔。","Kahlil Gibran","紀伯倫","Almustafa／阿爾穆斯塔法（作品人物）","The Prophet／《先知》","On Work","https://www.gutenberg.org/ebooks/58585","https://www.gutenberg.org/cache/epub/58585/pg58585.txt","1923","1931","Hong Kong","Public domain original — research assessment","原作者卒於1931年，已超過香港文學作品一般作者身後50年的保護期；只取歷史原文，不含現代譯文、編者註解或版面。","https://www.ip.gov.hk/en/types-of-ip/copyright/duration-of-copyright/index.html","https://www.gutenberg.org/ebooks/58585","英文保留來源摘句；繁體中文為2026-09-21獨立新譯，以香港讀者易讀的白話表達，未把護老者情境加進引文本身。","護老者; 文學陪伴; C05; 覺得內疚，做得唔夠好; 寓言散文詩; 靈性文學","原文已與source_text_url所列文本核對，忽略排版空白及標點差異；保留摘句邊界。護老者情境配對屬編輯判斷，並非原作者的臨床建議。 說話者為作品人物Almustafa，並非作者訪談。","2026-09-21"
"HCQ0148","C05","覺得內疚，做得唔夠好","自我體諒、容許不完美、看見付出","個人價值不由一次失誤決定；容許修補，也容許求助與休息。","English","There is simply the rose; it is perfect in every moment of its existence.","There is simply the rose; it is perfect in every moment of its existence.","眼前就是一朵玫瑰；在它存在的每一刻，都自有它的完整。","Ralph Waldo Emerson","拉爾夫・沃爾多・愛默生","拉爾夫・沃爾多・愛默生","Essays／《論文集》","Self-Reliance","https://www.gutenberg.org/ebooks/16643","https://www.gutenberg.org/cache/epub/16643/pg16643.txt","1841（所選文章）","1882","Hong Kong","Public domain original — research assessment","原作者卒於1882年，已超過香港文學作品一般作者身後50年的保護期；只取歷史原文，不含現代譯文、編者註解或版面。","https://www.ip.gov.hk/en/types-of-ip/copyright/duration-of-copyright/index.html","https://www.gutenberg.org/ebooks/16643","英文保留來源摘句；繁體中文為2026-09-21獨立新譯，以香港讀者易讀的白話表達，未把護老者情境加進引文本身。","護老者; 文學陪伴; C05; 覺得內疚，做得唔夠好; 文學／哲思","原文已與source_text_url所列文本核對，忽略排版空白及標點差異；保留摘句邊界。護老者情境配對屬編輯判斷，並非原作者的臨床建議。","2026-09-21"
"HCQ0134","C05","覺得內疚，做得唔夠好","自我體諒、容許不完美、看見付出","個人價值不由一次失誤決定；容許修補，也容許求助與休息。","English","For there was never yet philosopher That could endure the toothache patiently,","For there was never yet philosopher That could endure the toothache patiently,","世上還沒有哪位哲學家，能面對牙痛而始終耐心。","William Shakespeare","威廉・莎士比亞","Leonato（戲劇角色）","The Complete Works of William Shakespeare","Much Ado About Nothing, 5.1; Leonato","https://www.gutenberg.org/ebooks/100","https://www.gutenberg.org/cache/epub/100/pg100.txt","16至17世紀","1616","Hong Kong","Public domain original — research assessment","原作者卒於1616年，已超過香港文學作品一般作者身後50年的保護期；只取歷史原文，不含現代譯文、編者註解或版面。","https://www.ip.gov.hk/en/types-of-ip/copyright/duration-of-copyright/index.html","https://www.gutenberg.org/ebooks/100","英文保留來源摘句；繁體中文為2026-09-21獨立新譯，以香港讀者易讀的白話表達，未把護老者情境加進引文本身。","護老者; 文學陪伴; C05; 覺得內疚，做得唔夠好; 文學／哲思","原文已與source_text_url所列文本核對，忽略排版空白及標點差異；保留摘句邊界。護老者情境配對屬編輯判斷，並非原作者的臨床建議。","2026-09-21"
"HCQ0060","C05","覺得內疚，做得唔夠好","自我體諒、容許不完美、看見付出","個人價值不由一次失誤決定；容許修補，也容許求助與休息。","文言中文","過則勿憚改。","When you have made a mistake, do not be afraid to correct it.","有了過失，不必害怕改正。","Confucius (recorded in the Analects)","孔子（《論語》記錄）","孔子（《論語》記錄）","《論語》","學而1.8","https://ctext.org/analects/xue-er","https://ctext.org/analects/xue-er","先秦傳世文本","公元前479年","Hong Kong","Public domain original — research assessment","先秦／漢代傳世古籍原文，歷史作者及文本年代已遠超一般版權期限；只取古文，不含網站現代譯注或版面。","https://www.ip.gov.hk/en/types-of-ip/copyright/duration-of-copyright/index.html","https://ctext.org/analects/xue-er","古文保留來源文字；繁體中文白話及英文均為2026-09-21獨立新譯。","護老者; 文學陪伴; C05; 覺得內疚，做得唔夠好; 中國古典哲學","原文已與source_text_url所列文本核對，忽略排版空白及標點差異；保留摘句邊界。護老者情境配對屬編輯判斷，並非原作者的臨床建議。","2026-09-21"
"HCQ0143","C05","覺得內疚，做得唔夠好","自我體諒、容許不完美、看見付出","個人價值不由一次失誤決定；容許修補，也容許求助與休息。","English","And you would accept the seasons of your heart, even as you have always accepted the seasons that pass over your fields.","And you would accept the seasons of your heart, even as you have always accepted the seasons that pass over your fields.","接納心裏的四季，就像你一直容許田野走過不同季節。","Kahlil Gibran","紀伯倫","Almustafa／阿爾穆斯塔法（作品人物）","The Prophet／《先知》","On Pain","https://www.gutenberg.org/ebooks/58585","https://www.gutenberg.org/cache/epub/58585/pg58585.txt","1923","1931","Hong Kong","Public domain original — research assessment","原作者卒於1931年，已超過香港文學作品一般作者身後50年的保護期；只取歷史原文，不含現代譯文、編者註解或版面。","https://www.ip.gov.hk/en/types-of-ip/copyright/duration-of-copyright/index.html","https://www.gutenberg.org/ebooks/58585","英文保留來源摘句；繁體中文為2026-09-21獨立新譯，以香港讀者易讀的白話表達，未把護老者情境加進引文本身。","護老者; 文學陪伴; C05; 覺得內疚，做得唔夠好; 寓言散文詩; 靈性文學","原文已與source_text_url所列文本核對，忽略排版空白及標點差異；保留摘句邊界。護老者情境配對屬編輯判斷，並非原作者的臨床建議。 說話者為作品人物Almustafa，並非作者訪談。","2026-09-21"
"HCQ0155","C05","覺得內疚，做得唔夠好","自我體諒、容許不完美、看見付出","個人價值不由一次失誤決定；容許修補，也容許求助與休息。","文言中文","我非生而知之者，好古，敏以求之者也。","I was not born with knowledge; I love antiquity and seek understanding diligently.","我並不是生來就懂，而是喜愛古人的智慧，勤快地去求知。","Confucius (recorded in the Analects)","孔子（《論語》記錄）","孔子（《論語》記錄）","《論語》","述而7.20","https://ctext.org/analects/shu-er","https://ctext.org/analects/shu-er","先秦傳世文本","公元前479年","Hong Kong","Public domain original — research assessment","先秦／漢代傳世古籍原文，歷史作者及文本年代已遠超一般版權期限；只取古文，不含網站現代譯注或版面。","https://www.ip.gov.hk/en/types-of-ip/copyright/duration-of-copyright/index.html","https://ctext.org/analects/shu-er","古文保留來源文字；繁體中文白話及英文均為2026-09-21獨立新譯。","護老者; 文學陪伴; C05; 覺得內疚，做得唔夠好; 中國古典哲學","原文已與source_text_url所列文本核對，忽略排版空白及標點差異；保留摘句邊界。護老者情境配對屬編輯判斷，並非原作者的臨床建議。","2026-09-21"
"HCQ0062","C05","覺得內疚，做得唔夠好","自我體諒、容許不完美、看見付出","個人價值不由一次失誤決定；容許修補，也容許求助與休息。","文言中文","知之為知之，不知為不知，是知也。","To acknowledge what you know and what you do not know: that is understanding.","知道的承認知道，不知道的承認不知道，這才是明白。","Confucius (recorded in the Analects)","孔子（《論語》記錄）","孔子（《論語》記錄）","《論語》","為政2.17","https://ctext.org/analects/wei-zheng","https://ctext.org/analects/wei-zheng","先秦傳世文本","公元前479年","Hong Kong","Public domain original — research assessment","先秦／漢代傳世古籍原文，歷史作者及文本年代已遠超一般版權期限；只取古文，不含網站現代譯注或版面。","https://www.ip.gov.hk/en/types-of-ip/copyright/duration-of-copyright/index.html","https://ctext.org/analects/wei-zheng","古文保留來源文字；繁體中文白話及英文均為2026-09-21獨立新譯。","護老者; 文學陪伴; C05; 覺得內疚，做得唔夠好; 中國古典哲學","原文已與source_text_url所列文本核對，忽略排版空白及標點差異；保留摘句邊界。護老者情境配對屬編輯判斷，並非原作者的臨床建議。","2026-09-21"
"HCQ0007","C05","覺得內疚，做得唔夠好","自我體諒、容許不完美、看見付出","個人價值不由一次失誤決定；容許修補，也容許求助與休息。","English","Say not, “I have found the truth,” but rather, “I have found a truth.”","Say not, “I have found the truth,” but rather, “I have found a truth.”","別說「我找到了真理」，不妨說「我找到了一份真實」。","Kahlil Gibran","紀伯倫","Almustafa／阿爾穆斯塔法（作品人物）","The Prophet／《先知》","On Self-Knowledge","https://www.gutenberg.org/ebooks/58585","https://www.gutenberg.org/cache/epub/58585/pg58585.txt","1923","1931","Hong Kong","Public domain original — research assessment","原作者卒於1931年，已超過香港文學作品一般作者身後50年的保護期；只取歷史原文，不含現代譯文、編者註解或版面。","https://www.ip.gov.hk/en/types-of-ip/copyright/duration-of-copyright/index.html","https://www.gutenberg.org/ebooks/58585","英文保留來源摘句；繁體中文為2026-09-21獨立新譯，以香港讀者易讀的白話表達，未把護老者情境加進引文本身。","護老者; 文學陪伴; C05; 覺得內疚，做得唔夠好; 寓言散文詩; 靈性文學","原文已與source_text_url所列文本核對，忽略排版空白及標點差異；保留摘句邊界。護老者情境配對屬編輯判斷，並非原作者的臨床建議。 說話者為作品人物Almustafa，並非作者訪談。","2026-09-21"
"HCQ0018","C05","覺得內疚，做得唔夠好","自我體諒、容許不完美、看見付出","個人價值不由一次失誤決定；容許修補，也容許求助與休息。","English","Life, and all that lives, is conceived in the mist and not in the crystal.","Life, and all that lives, is conceived in the mist and not in the crystal.","生命，以及一切有生命的事物，都是在迷霧中孕育，並非從一開始便清晰如水晶。","Kahlil Gibran","紀伯倫","Almustafa／阿爾穆斯塔法（作品人物）","The Prophet／《先知》","The Farewell","https://www.gutenberg.org/ebooks/58585","https://www.gutenberg.org/cache/epub/58585/pg58585.txt","1923","1931","Hong Kong","Public domain original — research assessment","原作者卒於1931年，已超過香港文學作品一般作者身後50年的保護期；只取歷史原文，不含現代譯文、編者註解或版面。","https://www.ip.gov.hk/en/types-of-ip/copyright/duration-of-copyright/index.html","https://www.gutenberg.org/ebooks/58585","英文保留來源摘句；繁體中文為2026-09-21獨立新譯，以香港讀者易讀的白話表達，未把護老者情境加進引文本身。","護老者; 文學陪伴; C05; 覺得內疚，做得唔夠好; 寓言散文詩; 靈性文學","原文已與source_text_url所列文本核對，忽略排版空白及標點差異；保留摘句邊界。護老者情境配對屬編輯判斷，並非原作者的臨床建議。 說話者為作品人物Almustafa，並非作者訪談。","2026-09-21"
"HCQ0101","C05","覺得內疚，做得唔夠好","自我體諒、容許不完美、看見付出","個人價值不由一次失誤決定；容許修補，也容許求助與休息。","English","Vague and nebulous is the beginning of all things, but not their end,","Vague and nebulous is the beginning of all things, but not their end,","萬事的開始，可以模糊不清；但那並不是它們的終點。","Kahlil Gibran","紀伯倫","Almustafa／阿爾穆斯塔法（作品人物）","The Prophet／《先知》","The Farewell","https://www.gutenberg.org/ebooks/58585","https://www.gutenberg.org/cache/epub/58585/pg58585.txt","1923","1931","Hong Kong","Public domain original — research assessment","原作者卒於1931年，已超過香港文學作品一般作者身後50年的保護期；只取歷史原文，不含現代譯文、編者註解或版面。","https://www.ip.gov.hk/en/types-of-ip/copyright/duration-of-copyright/index.html","https://www.gutenberg.org/ebooks/58585","英文保留來源摘句；繁體中文為2026-09-21獨立新譯，以香港讀者易讀的白話表達，未把護老者情境加進引文本身。","護老者; 文學陪伴; C05; 覺得內疚，做得唔夠好; 寓言散文詩; 靈性文學","原文已與source_text_url所列文本核對，忽略排版空白及標點差異；保留摘句邊界。護老者情境配對屬編輯判斷，並非原作者的臨床建議。 說話者為作品人物Almustafa，並非作者訪談。","2026-09-21"
"HCQ0019","C05","覺得內疚，做得唔夠好","自我體諒、容許不完美、看見付出","個人價值不由一次失誤決定；容許修補，也容許求助與休息。","English","The voyage of the best ship is a zigzag line of a hundred tacks.","The voyage of the best ship is a zigzag line of a hundred tacks.","即使是最好的船，航程也會經過上百次轉向，走成一條曲折的線。","Ralph Waldo Emerson","拉爾夫・沃爾多・愛默生","拉爾夫・沃爾多・愛默生","Essays／《論文集》","Self-Reliance","https://www.gutenberg.org/ebooks/16643","https://www.gutenberg.org/cache/epub/16643/pg16643.txt","1841（所選文章）","1882","Hong Kong","Public domain original — research assessment","原作者卒於1882年，已超過香港文學作品一般作者身後50年的保護期；只取歷史原文，不含現代譯文、編者註解或版面。","https://www.ip.gov.hk/en/types-of-ip/copyright/duration-of-copyright/index.html","https://www.gutenberg.org/ebooks/16643","英文保留來源摘句；繁體中文為2026-09-21獨立新譯，以香港讀者易讀的白話表達，未把護老者情境加進引文本身。","護老者; 文學陪伴; C05; 覺得內疚，做得唔夠好; 文學／哲思","原文已與source_text_url所列文本核對，忽略排版空白及標點差異；保留摘句邊界。護老者情境配對屬編輯判斷，並非原作者的臨床建議。","2026-09-21"
"HCQ0088","C05","覺得內疚，做得唔夠好","自我體諒、容許不完美、看見付出","個人價值不由一次失誤決定；容許修補，也容許求助與休息。","文言中文","持而盈之，不如其已；揣而銳之，不可長保。","Rather than keep filling what is already full, stop; an edge sharpened too keenly cannot be preserved for long.","握住已滿的杯還要再添，不如及時停下；把鋒刃磨得太尖，也難以長久保持。","Laozi (traditional attribution)","老子（傳統歸屬）","老子（傳統歸屬）","《道德經》","第9章","https://ctext.org/dao-de-jing","https://ctext.org/dao-de-jing","先秦古籍","古代；生卒年未確定","Hong Kong","Public domain original — research assessment","先秦／漢代傳世古籍原文，歷史作者及文本年代已遠超一般版權期限；只取古文，不含網站現代譯注或版面。","https://www.ip.gov.hk/en/types-of-ip/copyright/duration-of-copyright/index.html","https://ctext.org/dao-de-jing","古文保留來源文字；繁體中文白話及英文均為2026-09-21獨立新譯。","護老者; 文學陪伴; C05; 覺得內疚，做得唔夠好; 中國古典哲學","原文已與source_text_url所列文本核對，忽略排版空白及標點差異；保留摘句邊界。護老者情境配對屬編輯判斷，並非原作者的臨床建議。","2026-09-21"
"HCQ0017","C05","覺得內疚，做得唔夠好","自我體諒、容許不完美、看見付出","個人價值不由一次失誤決定；容許修補，也容許求助與休息。","文言中文","知止所以不殆。","Knowing when to stop is how one avoids danger.","懂得何時停下，才能免於危險。","Laozi (traditional attribution)","老子（傳統歸屬）","老子（傳統歸屬）","《道德經》","第32章","https://ctext.org/dao-de-jing","https://ctext.org/dao-de-jing","先秦古籍","古代；生卒年未確定","Hong Kong","Public domain original — research assessment","先秦／漢代傳世古籍原文，歷史作者及文本年代已遠超一般版權期限；只取古文，不含網站現代譯注或版面。","https://www.ip.gov.hk/en/types-of-ip/copyright/duration-of-copyright/index.html","https://ctext.org/dao-de-jing","古文保留來源文字；繁體中文白話及英文均為2026-09-21獨立新譯。","護老者; 文學陪伴; C05; 覺得內疚，做得唔夠好; 中國古典哲學","原文已與source_text_url所列文本核對，忽略排版空白及標點差異；保留摘句邊界。護老者情境配對屬編輯判斷，並非原作者的臨床建議。","2026-09-21"
"HCQ0103","C05","覺得內疚，做得唔夠好","自我體諒、容許不完美、看見付出","個人價值不由一次失誤決定；容許修補，也容許求助與休息。","文言中文","知足不辱，知止不殆，可以長久。","Knowing enough avoids humiliation; knowing when to stop avoids danger. In this way one can last.","懂得知足，便少受屈辱；知道適可而止，便少陷危險，才能走得長久。","Laozi (traditional attribution)","老子（傳統歸屬）","老子（傳統歸屬）","《道德經》","第44章","https://ctext.org/dao-de-jing","https://ctext.org/dao-de-jing","先秦古籍","古代；生卒年未確定","Hong Kong","Public domain original — research assessment","先秦／漢代傳世古籍原文，歷史作者及文本年代已遠超一般版權期限；只取古文，不含網站現代譯注或版面。","https://www.ip.gov.hk/en/types-of-ip/copyright/duration-of-copyright/index.html","https://ctext.org/dao-de-jing","古文保留來源文字；繁體中文白話及英文均為2026-09-21獨立新譯。","護老者; 文學陪伴; C05; 覺得內疚，做得唔夠好; 中國古典哲學","原文已與source_text_url所列文本核對，忽略排版空白及標點差異；保留摘句邊界。護老者情境配對屬編輯判斷，並非原作者的臨床建議。 知足並不等於放棄合理需要或經濟支援。","2026-09-21"
"HCQ0111","C05","覺得內疚，做得唔夠好","自我體諒、容許不完美、看見付出","個人價值不由一次失誤決定；容許修補，也容許求助與休息。","English","Even your body knows its heritage and its rightful need and will not be deceived.","Even your body knows its heritage and its rightful need and will not be deceived.","連你的身體，也知道它承接的一切與應有的需要，不會被蒙騙。","Kahlil Gibran","紀伯倫","Almustafa／阿爾穆斯塔法（作品人物）","The Prophet／《先知》","On Pleasure","https://www.gutenberg.org/ebooks/58585","https://www.gutenberg.org/cache/epub/58585/pg58585.txt","1923","1931","Hong Kong","Public domain original — research assessment","原作者卒於1931年，已超過香港文學作品一般作者身後50年的保護期；只取歷史原文，不含現代譯文、編者註解或版面。","https://www.ip.gov.hk/en/types-of-ip/copyright/duration-of-copyright/index.html","https://www.gutenberg.org/ebooks/58585","英文保留來源摘句；繁體中文為2026-09-21獨立新譯，以香港讀者易讀的白話表達，未把護老者情境加進引文本身。","護老者; 文學陪伴; C05; 覺得內疚，做得唔夠好; 寓言散文詩; 靈性文學","原文已與source_text_url所列文本核對，忽略排版空白及標點差異；保留摘句邊界。護老者情境配對屬編輯判斷，並非原作者的臨床建議。 說話者為作品人物Almustafa，並非作者訪談。","2026-09-21"
"HCQ0072","C05","覺得內疚，做得唔夠好","自我體諒、容許不完美、看見付出","個人價值不由一次失誤決定；容許修補，也容許求助與休息。","English","I love a broad margin to my life.","I love a broad margin to my life.","我喜歡在生活裏，留下一片寬闊的空白。","Henry David Thoreau","亨利・大衛・梭羅","亨利・大衛・梭羅","Walden／《湖濱散記》","Walden — Sounds","https://www.gutenberg.org/ebooks/205","https://www.gutenberg.org/cache/epub/205/pg205.txt","1854","1862","Hong Kong","Public domain original — research assessment","原作者卒於1862年，已超過香港文學作品一般作者身後50年的保護期；只取歷史原文，不含現代譯文、編者註解或版面。","https://www.ip.gov.hk/en/types-of-ip/copyright/duration-of-copyright/index.html","https://www.gutenberg.org/ebooks/205","英文保留來源摘句；繁體中文為2026-09-21獨立新譯，以香港讀者易讀的白話表達，未把護老者情境加進引文本身。","護老者; 文學陪伴; C05; 覺得內疚，做得唔夠好; 文學／哲思","原文已與source_text_url所列文本核對，忽略排版空白及標點差異；保留摘句邊界。護老者情境配對屬編輯判斷，並非原作者的臨床建議。","2026-09-21"
"HCQ0141","C05","覺得內疚，做得唔夠好","自我體諒、容許不完美、看見付出","個人價值不由一次失誤決定；容許修補，也容許求助與休息。","English（公版英譯來源；古代經文原語非英語）","Come away into a deserted place, and rest awhile.","Come away into a deserted place, and rest awhile.","到一個安靜無人的地方，休息一會吧。","Mark (traditional attribution)","馬可（傳統歸屬）","耶穌（福音書所記）","The Holy Bible — Mark／《聖經·馬可福音》（World English Bible, engwebp）","Mark 6:31／馬可福音 6:31（節錄）","https://ebible.org/engwebp/MRK06.htm#V31","https://ebible.org/engwebp/MRK06.htm#V31","古代經文；World English Bible 2020 stable text edition（engwebp；2026-09-21核對）","古代作者；現代英譯依出版方公版聲明，不以譯者死亡年限判斷","Hong Kong","Public domain dedication — publisher statement; Hong Kong use assessment","古代聖經文本；所用World English Bible英譯由出版方明確獻予公有領域，並允許複製、分發、出售及引用；不是依賴現代譯者死亡年限。繁體中文為本次由此英譯新譯，並非WEB官方中文版。","https://ebible.org/engwebp/copyright.htm","https://ebible.org/engwebp/copyright.htm","原文及英文欄為World English Bible英譯，並非古代原語；繁體中文為2026-09-21獨立新譯，非WEB官方中文版。","護老者; 文學陪伴; C05; 覺得內疚，做得唔夠好; 基督宗教; faith:christian","原文已與source_text_url所列文本核對，忽略排版空白及標點差異；保留摘句邊界。護老者情境配對屬編輯判斷，並非原作者的臨床建議。 宗教來源已標籤，宜依使用者意願顯示；不把信仰教導當成必須遵守的要求。","2026-09-21"
"HCQ0159","C05","覺得內疚，做得唔夠好","自我體諒、容許不完美、看見付出","個人價值不由一次失誤決定；容許修補，也容許求助與休息。","English","If you tire, give me both burdens, and rest the chuff of your hand on my hip, And in due time you shall repay the same service to me,","If you tire, give me both burdens, and rest the chuff of your hand on my hip, And in due time you shall repay the same service to me,","你若累了，就把兩份行李都交給我，將手掌靠在我的腰旁歇一歇；到了合適的時候，你也可以這樣幫助我。","Walt Whitman","華特・惠特曼","詩中抒情者","Leaves of Grass／《草葉集》","Song of Myself, 46","https://www.gutenberg.org/ebooks/1322","https://www.gutenberg.org/cache/epub/1322/pg1322.txt","1855–1892（多次增訂）","1892","Hong Kong","Public domain original — research assessment","原作者卒於1892年，已超過香港文學作品一般作者身後50年的保護期；只取歷史原文，不含現代譯文、編者註解或版面。","https://www.ip.gov.hk/en/types-of-ip/copyright/duration-of-copyright/index.html","https://www.gutenberg.org/ebooks/1322","英文保留來源摘句；繁體中文為2026-09-21獨立新譯，以香港讀者易讀的白話表達，未把護老者情境加進引文本身。","護老者; 文學陪伴; C05; 覺得內疚，做得唔夠好; 文學／哲思","原文已與source_text_url所列文本核對，忽略排版空白及標點差異；保留摘句邊界。護老者情境配對屬編輯判斷，並非原作者的臨床建議。 互助的文學描寫；求助不以日後有能力回報為前提。","2026-09-21"
"HCQ0074","C05","覺得內疚，做得唔夠好","自我體諒、容許不完美、看見付出","個人價值不由一次失誤決定；容許修補，也容許求助與休息。","English","And what desert greater shall there be, than that which lies in the courage and the confidence, nay the charity, of receiving?","And what desert greater shall there be, than that which lies in the courage and the confidence, nay the charity, of receiving?","還有甚麼比願意接受時的勇氣、信任，甚至善意，更值得被珍惜？","Kahlil Gibran","紀伯倫","Almustafa／阿爾穆斯塔法（作品人物）","The Prophet／《先知》","On Giving","https://www.gutenberg.org/ebooks/58585","https://www.gutenberg.org/cache/epub/58585/pg58585.txt","1923","1931","Hong Kong","Public domain original — research assessment","原作者卒於1931年，已超過香港文學作品一般作者身後50年的保護期；只取歷史原文，不含現代譯文、編者註解或版面。","https://www.ip.gov.hk/en/types-of-ip/copyright/duration-of-copyright/index.html","https://www.gutenberg.org/ebooks/58585","英文保留來源摘句；繁體中文為2026-09-21獨立新譯，以香港讀者易讀的白話表達，未把護老者情境加進引文本身。","護老者; 文學陪伴; C05; 覺得內疚，做得唔夠好; 寓言散文詩; 靈性文學","原文已與source_text_url所列文本核對，忽略排版空白及標點差異；保留摘句邊界。護老者情境配對屬編輯判斷，並非原作者的臨床建議。 說話者為作品人物Almustafa，並非作者訪談。","2026-09-21"
"HCQ0021","C05","覺得內疚，做得唔夠好","自我體諒、容許不完美、看見付出","個人價值不由一次失誤決定；容許修補，也容許求助與休息。","English","For to the fruit giving is a need, as receiving is a need to the root.","For to the fruit giving is a need, as receiving is a need to the root.","果實需要給予，正如樹根需要接收。","Kahlil Gibran","紀伯倫","Almustafa／阿爾穆斯塔法（作品人物）","The Prophet／《先知》","On Good and Evil","https://www.gutenberg.org/ebooks/58585","https://www.gutenberg.org/cache/epub/58585/pg58585.txt","1923","1931","Hong Kong","Public domain original — research assessment","原作者卒於1931年，已超過香港文學作品一般作者身後50年的保護期；只取歷史原文，不含現代譯文、編者註解或版面。","https://www.ip.gov.hk/en/types-of-ip/copyright/duration-of-copyright/index.html","https://www.gutenberg.org/ebooks/58585","英文保留來源摘句；繁體中文為2026-09-21獨立新譯，以香港讀者易讀的白話表達，未把護老者情境加進引文本身。","護老者; 文學陪伴; C05; 覺得內疚，做得唔夠好; 寓言散文詩; 靈性文學","原文已與source_text_url所列文本核對，忽略排版空白及標點差異；保留摘句邊界。護老者情境配對屬編輯判斷，並非原作者的臨床建議。 說話者為作品人物Almustafa，並非作者訪談。","2026-09-21"
"HCQ0068","C05","覺得內疚，做得唔夠好","自我體諒、容許不完美、看見付出","個人價值不由一次失誤決定；容許修補，也容許求助與休息。","English","But let there be spaces in your togetherness, And let the winds of the heavens dance between you.","But let there be spaces in your togetherness, And let the winds of the heavens dance between you.","即使相伴，也為彼此留些空間，讓風能在你們之間起舞。","Kahlil Gibran","紀伯倫","Almustafa／阿爾穆斯塔法（作品人物）","The Prophet／《先知》","On Marriage","https://www.gutenberg.org/ebooks/58585","https://www.gutenberg.org/cache/epub/58585/pg58585.txt","1923","1931","Hong Kong","Public domain original — research assessment","原作者卒於1931年，已超過香港文學作品一般作者身後50年的保護期；只取歷史原文，不含現代譯文、編者註解或版面。","https://www.ip.gov.hk/en/types-of-ip/copyright/duration-of-copyright/index.html","https://www.gutenberg.org/ebooks/58585","英文保留來源摘句；繁體中文為2026-09-21獨立新譯，以香港讀者易讀的白話表達，未把護老者情境加進引文本身。","護老者; 文學陪伴; C05; 覺得內疚，做得唔夠好; 寓言散文詩; 靈性文學","原文已與source_text_url所列文本核對，忽略排版空白及標點差異；保留摘句邊界。護老者情境配對屬編輯判斷，並非原作者的臨床建議。 說話者為作品人物Almustafa，並非作者訪談。 原作談友誼、婚姻或親子等人際關係；此處借作界線與尊重的思考。","2026-09-21"
"HCQ0031","C05","覺得內疚，做得唔夠好","自我體諒、容許不完美、看見付出","個人價值不由一次失誤決定；容許修補，也容許求助與休息。","English","And stand together yet not too near together: For the pillars of the temple stand apart, And the oak tree and the cypress grow not in each other’s shadow.","And stand together yet not too near together: For the pillars of the temple stand apart, And the oak tree and the cypress grow not in each other’s shadow.","站在一起，也留一點距離：殿堂的柱子各自站立，橡樹與柏樹也不在彼此的陰影裏生長。","Kahlil Gibran","紀伯倫","Almustafa／阿爾穆斯塔法（作品人物）","The Prophet／《先知》","On Marriage","https://www.gutenberg.org/ebooks/58585","https://www.gutenberg.org/cache/epub/58585/pg58585.txt","1923","1931","Hong Kong","Public domain original — research assessment","原作者卒於1931年，已超過香港文學作品一般作者身後50年的保護期；只取歷史原文，不含現代譯文、編者註解或版面。","https://www.ip.gov.hk/en/types-of-ip/copyright/duration-of-copyright/index.html","https://www.gutenberg.org/ebooks/58585","英文保留來源摘句；繁體中文為2026-09-21獨立新譯，以香港讀者易讀的白話表達，未把護老者情境加進引文本身。","護老者; 文學陪伴; C05; 覺得內疚，做得唔夠好; 寓言散文詩; 靈性文學","原文已與source_text_url所列文本核對，忽略排版空白及標點差異；保留摘句邊界。護老者情境配對屬編輯判斷，並非原作者的臨床建議。 說話者為作品人物Almustafa，並非作者訪談。 原作談友誼、婚姻或親子等人際關係；此處借作界線與尊重的思考。","2026-09-21"
"HCQ0105","C05","覺得內疚，做得唔夠好","自我體諒、容許不完美、看見付出","個人價值不由一次失誤決定；容許修補，也容許求助與休息。","English","Say what you have to say, not what you ought. Any truth is better than make-believe.","Say what you have to say, not what you ought. Any truth is better than make-believe.","說出你真正想說的，不必只說你認為應該說的。真話總比假裝好。","Henry David Thoreau","亨利・大衛・梭羅","亨利・大衛・梭羅","Walden／《湖濱散記》","Walden — Conclusion","https://www.gutenberg.org/ebooks/205","https://www.gutenberg.org/cache/epub/205/pg205.txt","1854","1862","Hong Kong","Public domain original — research assessment","原作者卒於1862年，已超過香港文學作品一般作者身後50年的保護期；只取歷史原文，不含現代譯文、編者註解或版面。","https://www.ip.gov.hk/en/types-of-ip/copyright/duration-of-copyright/index.html","https://www.gutenberg.org/ebooks/205","英文保留來源摘句；繁體中文為2026-09-21獨立新譯，以香港讀者易讀的白話表達，未把護老者情境加進引文本身。","護老者; 文學陪伴; C05; 覺得內疚，做得唔夠好; 文學／哲思","原文已與source_text_url所列文本核對，忽略排版空白及標點差異；保留摘句邊界。護老者情境配對屬編輯判斷，並非原作者的臨床建議。","2026-09-21"
"HCQ0137","C05","覺得內疚，做得唔夠好","自我體諒、容許不完美、看見付出","個人價值不由一次失誤決定；容許修補，也容許求助與休息。","English","A friend is a person with whom I may be sincere.","A friend is a person with whom I may be sincere.","朋友，是讓我能夠真誠相待的人。","Ralph Waldo Emerson","拉爾夫・沃爾多・愛默生","拉爾夫・沃爾多・愛默生","Essays／《論文集》","Friendship","https://www.gutenberg.org/ebooks/16643","https://www.gutenberg.org/cache/epub/16643/pg16643.txt","1841（所選文章）","1882","Hong Kong","Public domain original — research assessment","原作者卒於1882年，已超過香港文學作品一般作者身後50年的保護期；只取歷史原文，不含現代譯文、編者註解或版面。","https://www.ip.gov.hk/en/types-of-ip/copyright/duration-of-copyright/index.html","https://www.gutenberg.org/ebooks/16643","英文保留來源摘句；繁體中文為2026-09-21獨立新譯，以香港讀者易讀的白話表達，未把護老者情境加進引文本身。","護老者; 文學陪伴; C05; 覺得內疚，做得唔夠好; 文學／哲思","原文已與source_text_url所列文本核對，忽略排版空白及標點差異；保留摘句邊界。護老者情境配對屬編輯判斷，並非原作者的臨床建議。","2026-09-21"
"HCQ0030","C05","覺得內疚，做得唔夠好","自我體諒、容許不完美、看見付出","個人價值不由一次失誤決定；容許修補，也容許求助與休息。","English（公版英譯來源；古代經文原語非英語）","Rejoice with those who rejoice. Weep with those who weep.","Rejoice with those who rejoice. Weep with those who weep.","與歡喜的人一起歡喜，與哭泣的人一起哭泣。","Paul (traditional attribution)","保羅（傳統歸屬）","保羅（傳統歸屬）","The Holy Bible — Romans／《聖經·羅馬書》（World English Bible, engwebp）","Romans 12:15／羅馬書 12:15","https://ebible.org/engwebp/ROM12.htm#V15","https://ebible.org/engwebp/ROM12.htm#V15","古代經文；World English Bible 2020 stable text edition（engwebp；2026-09-21核對）","古代作者；現代英譯依出版方公版聲明，不以譯者死亡年限判斷","Hong Kong","Public domain dedication — publisher statement; Hong Kong use assessment","古代聖經文本；所用World English Bible英譯由出版方明確獻予公有領域，並允許複製、分發、出售及引用；不是依賴現代譯者死亡年限。繁體中文為本次由此英譯新譯，並非WEB官方中文版。","https://ebible.org/engwebp/copyright.htm","https://ebible.org/engwebp/copyright.htm","原文及英文欄為World English Bible英譯，並非古代原語；繁體中文為2026-09-21獨立新譯，非WEB官方中文版。","護老者; 文學陪伴; C05; 覺得內疚，做得唔夠好; 基督宗教; faith:christian","原文已與source_text_url所列文本核對，忽略排版空白及標點差異；保留摘句邊界。護老者情境配對屬編輯判斷，並非原作者的臨床建議。 宗教來源已標籤，宜依使用者意願顯示；不把信仰教導當成必須遵守的要求。","2026-09-21"
"HCQ0119","C05","覺得內疚，做得唔夠好","自我體諒、容許不完美、看見付出","個人價值不由一次失誤決定；容許修補，也容許求助與休息。","English（公版英譯來源；古代經文原語非英語）","For if they fall, the one will lift up his fellow;","For if they fall, the one will lift up his fellow;","若其中一人跌倒，另一人可以把同伴扶起。","Qoheleth; traditionally associated with Solomon","傳道者（傳統與所羅門相關）","傳道者（傳統與所羅門相關）","The Holy Bible — Ecclesiastes／《聖經·傳道書》（World English Bible, engwebp）","Ecclesiastes 4:10／傳道書 4:10（節錄）","https://ebible.org/engwebp/ECC04.htm#V10","https://ebible.org/engwebp/ECC04.htm#V10","古代經文；World English Bible 2020 stable text edition（engwebp；2026-09-21核對）","古代作者；現代英譯依出版方公版聲明，不以譯者死亡年限判斷","Hong Kong","Public domain dedication — publisher statement; Hong Kong use assessment","古代聖經文本；所用World English Bible英譯由出版方明確獻予公有領域，並允許複製、分發、出售及引用；不是依賴現代譯者死亡年限。繁體中文為本次由此英譯新譯，並非WEB官方中文版。","https://ebible.org/engwebp/copyright.htm","https://ebible.org/engwebp/copyright.htm","原文及英文欄為World English Bible英譯，並非古代原語；繁體中文為2026-09-21獨立新譯，非WEB官方中文版。","護老者; 文學陪伴; C05; 覺得內疚，做得唔夠好; 基督宗教; faith:christian","原文已與source_text_url所列文本核對，忽略排版空白及標點差異；保留摘句邊界。護老者情境配對屬編輯判斷，並非原作者的臨床建議。 宗教來源已標籤，宜依使用者意願顯示；不把信仰教導當成必須遵守的要求。","2026-09-21"
"HCQ0138","C05","覺得內疚，做得唔夠好","自我體諒、容許不完美、看見付出","個人價值不由一次失誤決定；容許修補，也容許求助與休息。","English（公版英譯來源；古代經文原語非英語）","Two are better than one, because they have a good reward for their labor.","Two are better than one, because they have a good reward for their labor.","兩個人比一個人好，因為彼此的勞作能有美好的成果。","Qoheleth; traditionally associated with Solomon","傳道者（傳統與所羅門相關）","傳道者（傳統與所羅門相關）","The Holy Bible — Ecclesiastes／《聖經·傳道書》（World English Bible, engwebp）","Ecclesiastes 4:9／傳道書 4:9","https://ebible.org/engwebp/ECC04.htm#V9","https://ebible.org/engwebp/ECC04.htm#V9","古代經文；World English Bible 2020 stable text edition（engwebp；2026-09-21核對）","古代作者；現代英譯依出版方公版聲明，不以譯者死亡年限判斷","Hong Kong","Public domain dedication — publisher statement; Hong Kong use assessment","古代聖經文本；所用World English Bible英譯由出版方明確獻予公有領域，並允許複製、分發、出售及引用；不是依賴現代譯者死亡年限。繁體中文為本次由此英譯新譯，並非WEB官方中文版。","https://ebible.org/engwebp/copyright.htm","https://ebible.org/engwebp/copyright.htm","原文及英文欄為World English Bible英譯，並非古代原語；繁體中文為2026-09-21獨立新譯，非WEB官方中文版。","護老者; 文學陪伴; C05; 覺得內疚，做得唔夠好; 基督宗教; faith:christian","原文已與source_text_url所列文本核對，忽略排版空白及標點差異；保留摘句邊界。護老者情境配對屬編輯判斷，並非原作者的臨床建議。 宗教來源已標籤，宜依使用者意願顯示；不把信仰教導當成必須遵守的要求。","2026-09-21"
"HCQ0114","C05","覺得內疚，做得唔夠好","自我體諒、容許不完美、看見付出","個人價值不由一次失誤決定；容許修補，也容許求助與休息。","English","If he is indeed wise he does not bid you enter the house of his wisdom, but rather leads you to the threshold of your own mind.","If he is indeed wise he does not bid you enter the house of his wisdom, but rather leads you to the threshold of your own mind.","真正有智慧的老師，不會要你走進他的智慧之屋，而會帶你來到自己心靈的門前。","Kahlil Gibran","紀伯倫","Almustafa／阿爾穆斯塔法（作品人物）","The Prophet／《先知》","On Teaching","https://www.gutenberg.org/ebooks/58585","https://www.gutenberg.org/cache/epub/58585/pg58585.txt","1923","1931","Hong Kong","Public domain original — research assessment","原作者卒於1931年，已超過香港文學作品一般作者身後50年的保護期；只取歷史原文，不含現代譯文、編者註解或版面。","https://www.ip.gov.hk/en/types-of-ip/copyright/duration-of-copyright/index.html","https://www.gutenberg.org/ebooks/58585","英文保留來源摘句；繁體中文為2026-09-21獨立新譯，以香港讀者易讀的白話表達，未把護老者情境加進引文本身。","護老者; 文學陪伴; C05; 覺得內疚，做得唔夠好; 寓言散文詩; 靈性文學","原文已與source_text_url所列文本核對，忽略排版空白及標點差異；保留摘句邊界。護老者情境配對屬編輯判斷，並非原作者的臨床建議。 說話者為作品人物Almustafa，並非作者訪談。","2026-09-21"
"HCQ0064","C05","覺得內疚，做得唔夠好","自我體諒、容許不完美、看見付出","個人價值不由一次失誤決定；容許修補，也容許求助與休息。","English","The soul unfolds itself, like a lotus of countless petals.","The soul unfolds itself, like a lotus of countless petals.","心靈像一朵有無數花瓣的蓮花，慢慢舒展。","Kahlil Gibran","紀伯倫","Almustafa／阿爾穆斯塔法（作品人物）","The Prophet／《先知》","On Self-Knowledge","https://www.gutenberg.org/ebooks/58585","https://www.gutenberg.org/cache/epub/58585/pg58585.txt","1923","1931","Hong Kong","Public domain original — research assessment","原作者卒於1931年，已超過香港文學作品一般作者身後50年的保護期；只取歷史原文，不含現代譯文、編者註解或版面。","https://www.ip.gov.hk/en/types-of-ip/copyright/duration-of-copyright/index.html","https://www.gutenberg.org/ebooks/58585","英文保留來源摘句；繁體中文為2026-09-21獨立新譯，以香港讀者易讀的白話表達，未把護老者情境加進引文本身。","護老者; 文學陪伴; C05; 覺得內疚，做得唔夠好; 寓言散文詩; 靈性文學","原文已與source_text_url所列文本核對，忽略排版空白及標點差異；保留摘句邊界。護老者情境配對屬編輯判斷，並非原作者的臨床建議。 說話者為作品人物Almustafa，並非作者訪談。","2026-09-21"
"HCQ0157","C05","覺得內疚，做得唔夠好","自我體諒、容許不完美、看見付出","個人價值不由一次失誤決定；容許修補，也容許求助與休息。","English","For self is a sea boundless and measureless.","For self is a sea boundless and measureless.","自我是一片沒有邊界、無法量盡的海。","Kahlil Gibran","紀伯倫","Almustafa／阿爾穆斯塔法（作品人物）","The Prophet／《先知》","On Self-Knowledge","https://www.gutenberg.org/ebooks/58585","https://www.gutenberg.org/cache/epub/58585/pg58585.txt","1923","1931","Hong Kong","Public domain original — research assessment","原作者卒於1931年，已超過香港文學作品一般作者身後50年的保護期；只取歷史原文，不含現代譯文、編者註解或版面。","https://www.ip.gov.hk/en/types-of-ip/copyright/duration-of-copyright/index.html","https://www.gutenberg.org/ebooks/58585","英文保留來源摘句；繁體中文為2026-09-21獨立新譯，以香港讀者易讀的白話表達，未把護老者情境加進引文本身。","護老者; 文學陪伴; C05; 覺得內疚，做得唔夠好; 寓言散文詩; 靈性文學","原文已與source_text_url所列文本核對，忽略排版空白及標點差異；保留摘句邊界。護老者情境配對屬編輯判斷，並非原作者的臨床建議。 說話者為作品人物Almustafa，並非作者訪談。","2026-09-21"
"HCQ0137","C06","好孤單，冇人明白","陪伴、被聆聽、連繫他人","以真誠聆聽與互相扶持回應孤單；不責備求助者缺乏朋友。","English","A friend is a person with whom I may be sincere.","A friend is a person with whom I may be sincere.","朋友，是讓我能夠真誠相待的人。","Ralph Waldo Emerson","拉爾夫・沃爾多・愛默生","拉爾夫・沃爾多・愛默生","Essays／《論文集》","Friendship","https://www.gutenberg.org/ebooks/16643","https://www.gutenberg.org/cache/epub/16643/pg16643.txt","1841（所選文章）","1882","Hong Kong","Public domain original — research assessment","原作者卒於1882年，已超過香港文學作品一般作者身後50年的保護期；只取歷史原文，不含現代譯文、編者註解或版面。","https://www.ip.gov.hk/en/types-of-ip/copyright/duration-of-copyright/index.html","https://www.gutenberg.org/ebooks/16643","英文保留來源摘句；繁體中文為2026-09-21獨立新譯，以香港讀者易讀的白話表達，未把護老者情境加進引文本身。","護老者; 文學陪伴; C06; 好孤單，冇人明白; 文學／哲思","原文已與source_text_url所列文本核對，忽略排版空白及標點差異；保留摘句邊界。護老者情境配對屬編輯判斷，並非原作者的臨床建議。","2026-09-21"
"HCQ0056","C06","好孤單，冇人明白","陪伴、被聆聽、連繫他人","以真誠聆聽與互相扶持回應孤單；不責備求助者缺乏朋友。","English","Camerado, I give you my hand! I give you my love more precious than money,","Camerado, I give you my hand! I give you my love more precious than money,","朋友，我向你伸出手，也把比金錢更珍貴的愛送給你。","Walt Whitman","華特・惠特曼","詩中抒情者","Leaves of Grass／《草葉集》","Song of the Open Road, 15","https://www.gutenberg.org/ebooks/1322","https://www.gutenberg.org/cache/epub/1322/pg1322.txt","1855–1892（多次增訂）","1892","Hong Kong","Public domain original — research assessment","原作者卒於1892年，已超過香港文學作品一般作者身後50年的保護期；只取歷史原文，不含現代譯文、編者註解或版面。","https://www.ip.gov.hk/en/types-of-ip/copyright/duration-of-copyright/index.html","https://www.gutenberg.org/ebooks/1322","英文保留來源摘句；繁體中文為2026-09-21獨立新譯，以香港讀者易讀的白話表達，未把護老者情境加進引文本身。","護老者; 文學陪伴; C06; 好孤單，冇人明白; 文學／哲思","原文已與source_text_url所列文本核對，忽略排版空白及標點差異；保留摘句邊界。護老者情境配對屬編輯判斷，並非原作者的臨床建議。","2026-09-21"
"HCQ0063","C06","好孤單，冇人明白","陪伴、被聆聽、連繫他人","以真誠聆聽與互相扶持回應孤單；不責備求助者缺乏朋友。","English","No one is so accursed by fate, No one so utterly desolate, But some heart, though unknown, Responds unto his own.","No one is so accursed by fate, No one so utterly desolate, But some heart, though unknown, Responds unto his own.","沒有誰會被命運遺棄到全然孤絕；總有一顆心，縱使尚未相識，也能回應他的心。","Henry Wadsworth Longfellow","亨利・沃茲沃思・朗費羅","詩中抒情者","The Complete Poetical Works of Henry Wadsworth Longfellow","Endymion","https://www.gutenberg.org/ebooks/1365","https://www.gutenberg.org/cache/epub/1365/pg1365.txt","19世紀（各詩篇年份不同）","1882","Hong Kong","Public domain original — research assessment","原作者卒於1882年，已超過香港文學作品一般作者身後50年的保護期；只取歷史原文，不含現代譯文、編者註解或版面。","https://www.ip.gov.hk/en/types-of-ip/copyright/duration-of-copyright/index.html","https://www.gutenberg.org/ebooks/1365","英文保留來源摘句；繁體中文為2026-09-21獨立新譯，以香港讀者易讀的白話表達，未把護老者情境加進引文本身。","護老者; 文學陪伴; C06; 好孤單，冇人明白; 文學／哲思","原文已與source_text_url所列文本核對，忽略排版空白及標點差異；保留摘句邊界。護老者情境配對屬編輯判斷，並非原作者的臨床建議。 希望與安慰屬文學表達，不是對病情、關係或情緒恢復時間的保證。","2026-09-21"
"HCQ0065","C06","好孤單，冇人明白","陪伴、被聆聽、連繫他人","以真誠聆聽與互相扶持回應孤單；不責備求助者缺乏朋友。","文言中文","德不孤，必有鄰。","Virtue is not isolated; it will have neighbours.","有德行的人不會孤立，必有與他相親的人。","Confucius (recorded in the Analects)","孔子（《論語》記錄）","孔子（《論語》記錄）","《論語》","里仁4.25","https://ctext.org/analects/li-ren","https://ctext.org/analects/li-ren","先秦傳世文本","公元前479年","Hong Kong","Public domain original — research assessment","先秦／漢代傳世古籍原文，歷史作者及文本年代已遠超一般版權期限；只取古文，不含網站現代譯注或版面。","https://www.ip.gov.hk/en/types-of-ip/copyright/duration-of-copyright/index.html","https://ctext.org/analects/li-ren","古文保留來源文字；繁體中文白話及英文均為2026-09-21獨立新譯。","護老者; 文學陪伴; C06; 好孤單，冇人明白; 中國古典哲學","原文已與source_text_url所列文本核對，忽略排版空白及標點差異；保留摘句邊界。護老者情境配對屬編輯判斷，並非原作者的臨床建議。","2026-09-21"
"HCQ0039","C06","好孤單，冇人明白","陪伴、被聆聽、連繫他人","以真誠聆聽與互相扶持回應孤單；不責備求助者缺乏朋友。","English","And in the sweetness of friendship let there be laughter, and sharing of pleasures.","And in the sweetness of friendship let there be laughter, and sharing of pleasures.","讓友誼的甜美之中，有笑聲，也有一起分享的快樂。","Kahlil Gibran","紀伯倫","Almustafa／阿爾穆斯塔法（作品人物）","The Prophet／《先知》","On Friendship","https://www.gutenberg.org/ebooks/58585","https://www.gutenberg.org/cache/epub/58585/pg58585.txt","1923","1931","Hong Kong","Public domain original — research assessment","原作者卒於1931年，已超過香港文學作品一般作者身後50年的保護期；只取歷史原文，不含現代譯文、編者註解或版面。","https://www.ip.gov.hk/en/types-of-ip/copyright/duration-of-copyright/index.html","https://www.gutenberg.org/ebooks/58585","英文保留來源摘句；繁體中文為2026-09-21獨立新譯，以香港讀者易讀的白話表達，未把護老者情境加進引文本身。","護老者; 文學陪伴; C06; 好孤單，冇人明白; 寓言散文詩; 靈性文學","原文已與source_text_url所列文本核對，忽略排版空白及標點差異；保留摘句邊界。護老者情境配對屬編輯判斷，並非原作者的臨床建議。 說話者為作品人物Almustafa，並非作者訪談。","2026-09-21"
"HCQ0100","C06","好孤單，冇人明白","陪伴、被聆聽、連繫他人","以真誠聆聽與互相扶持回應孤單；不責備求助者缺乏朋友。","English","And when he is silent your heart ceases not to listen to his heart;","And when he is silent your heart ceases not to listen to his heart;","即使他沉默，你的心也沒有停止聆聽他的心。","Kahlil Gibran","紀伯倫","Almustafa／阿爾穆斯塔法（作品人物）","The Prophet／《先知》","On Friendship","https://www.gutenberg.org/ebooks/58585","https://www.gutenberg.org/cache/epub/58585/pg58585.txt","1923","1931","Hong Kong","Public domain original — research assessment","原作者卒於1931年，已超過香港文學作品一般作者身後50年的保護期；只取歷史原文，不含現代譯文、編者註解或版面。","https://www.ip.gov.hk/en/types-of-ip/copyright/duration-of-copyright/index.html","https://www.gutenberg.org/ebooks/58585","英文保留來源摘句；繁體中文為2026-09-21獨立新譯，以香港讀者易讀的白話表達，未把護老者情境加進引文本身。","護老者; 文學陪伴; C06; 好孤單，冇人明白; 寓言散文詩; 靈性文學","原文已與source_text_url所列文本核對，忽略排版空白及標點差異；保留摘句邊界。護老者情境配對屬編輯判斷，並非原作者的臨床建議。 說話者為作品人物Almustafa，並非作者訪談。","2026-09-21"
"HCQ0147","C06","好孤單，冇人明白","陪伴、被聆聽、連繫他人","以真誠聆聽與互相扶持回應孤單；不責備求助者缺乏朋友。","English","Was it I who spoke? Was I not also a listener?","Was it I who spoke? Was I not also a listener?","剛才說話的是我嗎？我不也是一個聆聽的人嗎？","Kahlil Gibran","紀伯倫","Almustafa／阿爾穆斯塔法（作品人物）","The Prophet／《先知》","The Farewell","https://www.gutenberg.org/ebooks/58585","https://www.gutenberg.org/cache/epub/58585/pg58585.txt","1923","1931","Hong Kong","Public domain original — research assessment","原作者卒於1931年，已超過香港文學作品一般作者身後50年的保護期；只取歷史原文，不含現代譯文、編者註解或版面。","https://www.ip.gov.hk/en/types-of-ip/copyright/duration-of-copyright/index.html","https://www.gutenberg.org/ebooks/58585","英文保留來源摘句；繁體中文為2026-09-21獨立新譯，以香港讀者易讀的白話表達，未把護老者情境加進引文本身。","護老者; 文學陪伴; C06; 好孤單，冇人明白; 寓言散文詩; 靈性文學","原文已與source_text_url所列文本核對，忽略排版空白及標點差異；保留摘句邊界。護老者情境配對屬編輯判斷，並非原作者的臨床建議。 說話者為作品人物Almustafa，並非作者訪談。","2026-09-21"
"HCQ0011","C06","好孤單，冇人明白","陪伴、被聆聽、連繫他人","以真誠聆聽與互相扶持回應孤單；不責備求助者缺乏朋友。","English","Seek him always with hours to live.","Seek him always with hours to live.","去找朋友，是為了一起好好生活。","Kahlil Gibran","紀伯倫","Almustafa／阿爾穆斯塔法（作品人物）","The Prophet／《先知》","On Friendship","https://www.gutenberg.org/ebooks/58585","https://www.gutenberg.org/cache/epub/58585/pg58585.txt","1923","1931","Hong Kong","Public domain original — research assessment","原作者卒於1931年，已超過香港文學作品一般作者身後50年的保護期；只取歷史原文，不含現代譯文、編者註解或版面。","https://www.ip.gov.hk/en/types-of-ip/copyright/duration-of-copyright/index.html","https://www.gutenberg.org/ebooks/58585","英文保留來源摘句；繁體中文為2026-09-21獨立新譯，以香港讀者易讀的白話表達，未把護老者情境加進引文本身。","護老者; 文學陪伴; C06; 好孤單，冇人明白; 寓言散文詩; 靈性文學","原文已與source_text_url所列文本核對，忽略排版空白及標點差異；保留摘句邊界。護老者情境配對屬編輯判斷，並非原作者的臨床建議。 說話者為作品人物Almustafa，並非作者訪談。","2026-09-21"
"HCQ0030","C06","好孤單，冇人明白","陪伴、被聆聽、連繫他人","以真誠聆聽與互相扶持回應孤單；不責備求助者缺乏朋友。","English（公版英譯來源；古代經文原語非英語）","Rejoice with those who rejoice. Weep with those who weep.","Rejoice with those who rejoice. Weep with those who weep.","與歡喜的人一起歡喜，與哭泣的人一起哭泣。","Paul (traditional attribution)","保羅（傳統歸屬）","保羅（傳統歸屬）","The Holy Bible — Romans／《聖經·羅馬書》（World English Bible, engwebp）","Romans 12:15／羅馬書 12:15","https://ebible.org/engwebp/ROM12.htm#V15","https://ebible.org/engwebp/ROM12.htm#V15","古代經文；World English Bible 2020 stable text edition（engwebp；2026-09-21核對）","古代作者；現代英譯依出版方公版聲明，不以譯者死亡年限判斷","Hong Kong","Public domain dedication — publisher statement; Hong Kong use assessment","古代聖經文本；所用World English Bible英譯由出版方明確獻予公有領域，並允許複製、分發、出售及引用；不是依賴現代譯者死亡年限。繁體中文為本次由此英譯新譯，並非WEB官方中文版。","https://ebible.org/engwebp/copyright.htm","https://ebible.org/engwebp/copyright.htm","原文及英文欄為World English Bible英譯，並非古代原語；繁體中文為2026-09-21獨立新譯，非WEB官方中文版。","護老者; 文學陪伴; C06; 好孤單，冇人明白; 基督宗教; faith:christian","原文已與source_text_url所列文本核對，忽略排版空白及標點差異；保留摘句邊界。護老者情境配對屬編輯判斷，並非原作者的臨床建議。 宗教來源已標籤，宜依使用者意願顯示；不把信仰教導當成必須遵守的要求。","2026-09-21"
"HCQ0119","C06","好孤單，冇人明白","陪伴、被聆聽、連繫他人","以真誠聆聽與互相扶持回應孤單；不責備求助者缺乏朋友。","English（公版英譯來源；古代經文原語非英語）","For if they fall, the one will lift up his fellow;","For if they fall, the one will lift up his fellow;","若其中一人跌倒，另一人可以把同伴扶起。","Qoheleth; traditionally associated with Solomon","傳道者（傳統與所羅門相關）","傳道者（傳統與所羅門相關）","The Holy Bible — Ecclesiastes／《聖經·傳道書》（World English Bible, engwebp）","Ecclesiastes 4:10／傳道書 4:10（節錄）","https://ebible.org/engwebp/ECC04.htm#V10","https://ebible.org/engwebp/ECC04.htm#V10","古代經文；World English Bible 2020 stable text edition（engwebp；2026-09-21核對）","古代作者；現代英譯依出版方公版聲明，不以譯者死亡年限判斷","Hong Kong","Public domain dedication — publisher statement; Hong Kong use assessment","古代聖經文本；所用World English Bible英譯由出版方明確獻予公有領域，並允許複製、分發、出售及引用；不是依賴現代譯者死亡年限。繁體中文為本次由此英譯新譯，並非WEB官方中文版。","https://ebible.org/engwebp/copyright.htm","https://ebible.org/engwebp/copyright.htm","原文及英文欄為World English Bible英譯，並非古代原語；繁體中文為2026-09-21獨立新譯，非WEB官方中文版。","護老者; 文學陪伴; C06; 好孤單，冇人明白; 基督宗教; faith:christian","原文已與source_text_url所列文本核對，忽略排版空白及標點差異；保留摘句邊界。護老者情境配對屬編輯判斷，並非原作者的臨床建議。 宗教來源已標籤，宜依使用者意願顯示；不把信仰教導當成必須遵守的要求。","2026-09-21"
"HCQ0138","C06","好孤單，冇人明白","陪伴、被聆聽、連繫他人","以真誠聆聽與互相扶持回應孤單；不責備求助者缺乏朋友。","English（公版英譯來源；古代經文原語非英語）","Two are better than one, because they have a good reward for their labor.","Two are better than one, because they have a good reward for their labor.","兩個人比一個人好，因為彼此的勞作能有美好的成果。","Qoheleth; traditionally associated with Solomon","傳道者（傳統與所羅門相關）","傳道者（傳統與所羅門相關）","The Holy Bible — Ecclesiastes／《聖經·傳道書》（World English Bible, engwebp）","Ecclesiastes 4:9／傳道書 4:9","https://ebible.org/engwebp/ECC04.htm#V9","https://ebible.org/engwebp/ECC04.htm#V9","古代經文；World English Bible 2020 stable text edition（engwebp；2026-09-21核對）","古代作者；現代英譯依出版方公版聲明，不以譯者死亡年限判斷","Hong Kong","Public domain dedication — publisher statement; Hong Kong use assessment","古代聖經文本；所用World English Bible英譯由出版方明確獻予公有領域，並允許複製、分發、出售及引用；不是依賴現代譯者死亡年限。繁體中文為本次由此英譯新譯，並非WEB官方中文版。","https://ebible.org/engwebp/copyright.htm","https://ebible.org/engwebp/copyright.htm","原文及英文欄為World English Bible英譯，並非古代原語；繁體中文為2026-09-21獨立新譯，非WEB官方中文版。","護老者; 文學陪伴; C06; 好孤單，冇人明白; 基督宗教; faith:christian","原文已與source_text_url所列文本核對，忽略排版空白及標點差異；保留摘句邊界。護老者情境配對屬編輯判斷，並非原作者的臨床建議。 宗教來源已標籤，宜依使用者意願顯示；不把信仰教導當成必須遵守的要求。","2026-09-21"
"HCQ0112","C06","好孤單，冇人明白","陪伴、被聆聽、連繫他人","以真誠聆聽與互相扶持回應孤單；不責備求助者缺乏朋友。","English（公版英譯來源；古代經文原語非英語）","Bear one another’s burdens, and so fulfill the law of Christ.","Bear one another’s burdens, and so fulfill the law of Christ.","彼此分擔重擔，這樣便實踐了基督的律法。","Paul (traditional attribution)","保羅（傳統歸屬）","保羅（傳統歸屬）","The Holy Bible — Galatians／《聖經·加拉太書》（World English Bible, engwebp）","Galatians 6:2／加拉太書 6:2","https://ebible.org/engwebp/GAL06.htm#V2","https://ebible.org/engwebp/GAL06.htm#V2","古代經文；World English Bible 2020 stable text edition（engwebp；2026-09-21核對）","古代作者；現代英譯依出版方公版聲明，不以譯者死亡年限判斷","Hong Kong","Public domain dedication — publisher statement; Hong Kong use assessment","古代聖經文本；所用World English Bible英譯由出版方明確獻予公有領域，並允許複製、分發、出售及引用；不是依賴現代譯者死亡年限。繁體中文為本次由此英譯新譯，並非WEB官方中文版。","https://ebible.org/engwebp/copyright.htm","https://ebible.org/engwebp/copyright.htm","原文及英文欄為World English Bible英譯，並非古代原語；繁體中文為2026-09-21獨立新譯，非WEB官方中文版。","護老者; 文學陪伴; C06; 好孤單，冇人明白; 基督宗教; faith:christian","原文已與source_text_url所列文本核對，忽略排版空白及標點差異；保留摘句邊界。護老者情境配對屬編輯判斷，並非原作者的臨床建議。 宗教來源已標籤，宜依使用者意願顯示；不把信仰教導當成必須遵守的要求。","2026-09-21"
"HCQ0052","C06","好孤單，冇人明白","陪伴、被聆聽、連繫他人","以真誠聆聽與互相扶持回應孤單；不責備求助者缺乏朋友。","English（公版英譯來源；古代經文原語非英語）","Therefore exhort one another, and build each other up, even as you also do.","Therefore exhort one another, and build each other up, even as you also do.","所以，彼此鼓勵，互相扶持，就像你們一直在做的那樣。","Paul (traditional attribution)","保羅（傳統歸屬）","保羅（傳統歸屬）","The Holy Bible — 1 Thessalonians／《聖經·帖撒羅尼迦前書》（World English Bible, engwebp）","1 Thessalonians 5:11／帖撒羅尼迦前書 5:11","https://ebible.org/engwebp/1TH05.htm#V11","https://ebible.org/engwebp/1TH05.htm#V11","古代經文；World English Bible 2020 stable text edition（engwebp；2026-09-21核對）","古代作者；現代英譯依出版方公版聲明，不以譯者死亡年限判斷","Hong Kong","Public domain dedication — publisher statement; Hong Kong use assessment","古代聖經文本；所用World English Bible英譯由出版方明確獻予公有領域，並允許複製、分發、出售及引用；不是依賴現代譯者死亡年限。繁體中文為本次由此英譯新譯，並非WEB官方中文版。","https://ebible.org/engwebp/copyright.htm","https://ebible.org/engwebp/copyright.htm","原文及英文欄為World English Bible英譯，並非古代原語；繁體中文為2026-09-21獨立新譯，非WEB官方中文版。","護老者; 文學陪伴; C06; 好孤單，冇人明白; 基督宗教; faith:christian","原文已與source_text_url所列文本核對，忽略排版空白及標點差異；保留摘句邊界。護老者情境配對屬編輯判斷，並非原作者的臨床建議。 宗教來源已標籤，宜依使用者意願顯示；不把信仰教導當成必須遵守的要求。","2026-09-21"
"HCQ0150","C06","好孤單，冇人明白","陪伴、被聆聽、連繫他人","以真誠聆聽與互相扶持回應孤單；不責備求助者缺乏朋友。","English（公版英譯來源；古代經文原語非英語）","If a man find a prudent companion who walks with him, is wise, and lives soberly, he may walk with him, overcoming all dangers, happy, but considerate.","If a man find a prudent companion who walks with him, is wise, and lives soberly, he may walk with him, overcoming all dangers, happy, but considerate.","若找到一位審慎、明智、生活清醒的同行者，便與他並肩走吧；一起走過險阻，懷着喜悅，也保持留心。","Gautama Buddha (traditional attribution); F. Max Müller (English translator)","釋迦牟尼佛（傳統歸屬）；麥克斯・繆勒（英譯）","佛陀教導（《法句經》傳承記錄；非逐字歷史錄音）","Dhammapada／《法句經》（F. Max Müller英譯，Sacred Books of the East X, Part I）","Verse 328／第328偈","https://www.gutenberg.org/ebooks/2017","https://www.gutenberg.org/cache/epub/2017/pg2017.txt","古代巴利語經典；所用英譯刊於1881年","古代佛教傳承；英譯者F. Max Müller：1900年","Hong Kong","Public domain historical translation — research assessment","古代佛教經典；所用英譯者F. Max Müller卒於1900年，1881年英譯本已超過香港文學作品通常作者身後50年的保護期。只用歷史譯文，不取網站現代註解或版面。","https://www.ip.gov.hk/en/types-of-ip/copyright/duration-of-copyright/index.html","https://www.gutenberg.org/ebooks/2017","原文及英文欄為繆勒1881年歷史英譯，並非巴利語；繁體中文為2026-09-21依此英譯獨立新譯，非既有漢譯佛經。","護老者; 文學陪伴; C06; 好孤單，冇人明白; 佛教; faith:buddhist","原文已與source_text_url所列文本核對，忽略排版空白及標點差異；保留摘句邊界。護老者情境配對屬編輯判斷，並非原作者的臨床建議。 宗教來源已標籤，宜依使用者意願顯示；不把信仰教導當成必須遵守的要求。","2026-09-21"
"HCQ0159","C06","好孤單，冇人明白","陪伴、被聆聽、連繫他人","以真誠聆聽與互相扶持回應孤單；不責備求助者缺乏朋友。","English","If you tire, give me both burdens, and rest the chuff of your hand on my hip, And in due time you shall repay the same service to me,","If you tire, give me both burdens, and rest the chuff of your hand on my hip, And in due time you shall repay the same service to me,","你若累了，就把兩份行李都交給我，將手掌靠在我的腰旁歇一歇；到了合適的時候，你也可以這樣幫助我。","Walt Whitman","華特・惠特曼","詩中抒情者","Leaves of Grass／《草葉集》","Song of Myself, 46","https://www.gutenberg.org/ebooks/1322","https://www.gutenberg.org/cache/epub/1322/pg1322.txt","1855–1892（多次增訂）","1892","Hong Kong","Public domain original — research assessment","原作者卒於1892年，已超過香港文學作品一般作者身後50年的保護期；只取歷史原文，不含現代譯文、編者註解或版面。","https://www.ip.gov.hk/en/types-of-ip/copyright/duration-of-copyright/index.html","https://www.gutenberg.org/ebooks/1322","英文保留來源摘句；繁體中文為2026-09-21獨立新譯，以香港讀者易讀的白話表達，未把護老者情境加進引文本身。","護老者; 文學陪伴; C06; 好孤單，冇人明白; 文學／哲思","原文已與source_text_url所列文本核對，忽略排版空白及標點差異；保留摘句邊界。護老者情境配對屬編輯判斷，並非原作者的臨床建議。 互助的文學描寫；求助不以日後有能力回報為前提。","2026-09-21"
"HCQ0074","C06","好孤單，冇人明白","陪伴、被聆聽、連繫他人","以真誠聆聽與互相扶持回應孤單；不責備求助者缺乏朋友。","English","And what desert greater shall there be, than that which lies in the courage and the confidence, nay the charity, of receiving?","And what desert greater shall there be, than that which lies in the courage and the confidence, nay the charity, of receiving?","還有甚麼比願意接受時的勇氣、信任，甚至善意，更值得被珍惜？","Kahlil Gibran","紀伯倫","Almustafa／阿爾穆斯塔法（作品人物）","The Prophet／《先知》","On Giving","https://www.gutenberg.org/ebooks/58585","https://www.gutenberg.org/cache/epub/58585/pg58585.txt","1923","1931","Hong Kong","Public domain original — research assessment","原作者卒於1931年，已超過香港文學作品一般作者身後50年的保護期；只取歷史原文，不含現代譯文、編者註解或版面。","https://www.ip.gov.hk/en/types-of-ip/copyright/duration-of-copyright/index.html","https://www.gutenberg.org/ebooks/58585","英文保留來源摘句；繁體中文為2026-09-21獨立新譯，以香港讀者易讀的白話表達，未把護老者情境加進引文本身。","護老者; 文學陪伴; C06; 好孤單，冇人明白; 寓言散文詩; 靈性文學","原文已與source_text_url所列文本核對，忽略排版空白及標點差異；保留摘句邊界。護老者情境配對屬編輯判斷，並非原作者的臨床建議。 說話者為作品人物Almustafa，並非作者訪談。","2026-09-21"
"HCQ0021","C06","好孤單，冇人明白","陪伴、被聆聽、連繫他人","以真誠聆聽與互相扶持回應孤單；不責備求助者缺乏朋友。","English","For to the fruit giving is a need, as receiving is a need to the root.","For to the fruit giving is a need, as receiving is a need to the root.","果實需要給予，正如樹根需要接收。","Kahlil Gibran","紀伯倫","Almustafa／阿爾穆斯塔法（作品人物）","The Prophet／《先知》","On Good and Evil","https://www.gutenberg.org/ebooks/58585","https://www.gutenberg.org/cache/epub/58585/pg58585.txt","1923","1931","Hong Kong","Public domain original — research assessment","原作者卒於1931年，已超過香港文學作品一般作者身後50年的保護期；只取歷史原文，不含現代譯文、編者註解或版面。","https://www.ip.gov.hk/en/types-of-ip/copyright/duration-of-copyright/index.html","https://www.gutenberg.org/ebooks/58585","英文保留來源摘句；繁體中文為2026-09-21獨立新譯，以香港讀者易讀的白話表達，未把護老者情境加進引文本身。","護老者; 文學陪伴; C06; 好孤單，冇人明白; 寓言散文詩; 靈性文學","原文已與source_text_url所列文本核對，忽略排版空白及標點差異；保留摘句邊界。護老者情境配對屬編輯判斷，並非原作者的臨床建議。 說話者為作品人物Almustafa，並非作者訪談。","2026-09-21"
"HCQ0082","C06","好孤單，冇人明白","陪伴、被聆聽、連繫他人","以真誠聆聽與互相扶持回應孤單；不責備求助者缺乏朋友。","English","Sit a while dear son, Here are biscuits to eat and here is milk to drink,","Sit a while dear son, Here are biscuits to eat and here is milk to drink,","親愛的孩子，坐一會吧。這裏有餅乾可以吃，也有牛奶可以喝。","Walt Whitman","華特・惠特曼","詩中抒情者","Leaves of Grass／《草葉集》","Song of Myself, 46","https://www.gutenberg.org/ebooks/1322","https://www.gutenberg.org/cache/epub/1322/pg1322.txt","1855–1892（多次增訂）","1892","Hong Kong","Public domain original — research assessment","原作者卒於1892年，已超過香港文學作品一般作者身後50年的保護期；只取歷史原文，不含現代譯文、編者註解或版面。","https://www.ip.gov.hk/en/types-of-ip/copyright/duration-of-copyright/index.html","https://www.gutenberg.org/ebooks/1322","英文保留來源摘句；繁體中文為2026-09-21獨立新譯，以香港讀者易讀的白話表達，未把護老者情境加進引文本身。","護老者; 文學陪伴; C06; 好孤單，冇人明白; 文學／哲思","原文已與source_text_url所列文本核對，忽略排版空白及標點差異；保留摘句邊界。護老者情境配對屬編輯判斷，並非原作者的臨床建議。","2026-09-21"
"HCQ0075","C06","好孤單，冇人明白","陪伴、被聆聽、連繫他人","以真誠聆聽與互相扶持回應孤單；不責備求助者缺乏朋友。","English","Come, read to me some poem, Some simple and heartfelt lay, That shall soothe this restless feeling, And banish the thoughts of day.","Come, read to me some poem, Some simple and heartfelt lay, That shall soothe this restless feeling, And banish the thoughts of day.","來，為我讀一首詩吧，一首簡單而真摯的歌，安撫這份不安，讓白天的思緒歇下。","Henry Wadsworth Longfellow","亨利・沃茲沃思・朗費羅","詩中抒情者","The Complete Poetical Works of Henry Wadsworth Longfellow","The Day Is Done","https://www.gutenberg.org/ebooks/1365","https://www.gutenberg.org/cache/epub/1365/pg1365.txt","19世紀（各詩篇年份不同）","1882","Hong Kong","Public domain original — research assessment","原作者卒於1882年，已超過香港文學作品一般作者身後50年的保護期；只取歷史原文，不含現代譯文、編者註解或版面。","https://www.ip.gov.hk/en/types-of-ip/copyright/duration-of-copyright/index.html","https://www.gutenberg.org/ebooks/1365","英文保留來源摘句；繁體中文為2026-09-21獨立新譯，以香港讀者易讀的白話表達，未把護老者情境加進引文本身。","護老者; 文學陪伴; C06; 好孤單，冇人明白; 文學／哲思","原文已與source_text_url所列文本核對，忽略排版空白及標點差異；保留摘句邊界。護老者情境配對屬編輯判斷，並非原作者的臨床建議。","2026-09-21"
"HCQ0028","C06","好孤單，冇人明白","陪伴、被聆聽、連繫他人","以真誠聆聽與互相扶持回應孤單；不責備求助者缺乏朋友。","English","And the night shall be filled with music And the cares, that infest the day, Shall fold their tents, like the Arabs, And as silently steal away.","And the night shall be filled with music And the cares, that infest the day, Shall fold their tents, like the Arabs, And as silently steal away.","夜裏將充滿音樂；白天纏繞的煩憂，會像阿拉伯旅人收起帳篷那樣，悄悄離去。","Henry Wadsworth Longfellow","亨利・沃茲沃思・朗費羅","詩中抒情者","The Complete Poetical Works of Henry Wadsworth Longfellow","The Day Is Done","https://www.gutenberg.org/ebooks/1365","https://www.gutenberg.org/cache/epub/1365/pg1365.txt","19世紀（各詩篇年份不同）","1882","Hong Kong","Public domain original — research assessment","原作者卒於1882年，已超過香港文學作品一般作者身後50年的保護期；只取歷史原文，不含現代譯文、編者註解或版面。","https://www.ip.gov.hk/en/types-of-ip/copyright/duration-of-copyright/index.html","https://www.gutenberg.org/ebooks/1365","英文保留來源摘句；繁體中文為2026-09-21獨立新譯，以香港讀者易讀的白話表達，未把護老者情境加進引文本身。","護老者; 文學陪伴; C06; 好孤單，冇人明白; 文學／哲思","原文已與source_text_url所列文本核對，忽略排版空白及標點差異；保留摘句邊界。護老者情境配對屬編輯判斷，並非原作者的臨床建議。 原詩使用阿拉伯旅人收起帳篷的比喻。","2026-09-21"
"HCQ0032","C06","好孤單，冇人明白","陪伴、被聆聽、連繫他人","以真誠聆聽與互相扶持回應孤單；不責備求助者缺乏朋友。","English","O weary hearts! O slumbering eyes! O drooping souls, whose destinies Are fraught with fear and pain, Ye shall be loved again!","O weary hearts! O slumbering eyes! O drooping souls, whose destinies Are fraught with fear and pain, Ye shall be loved again!","疲倦的心、困乏的眼、被恐懼與痛苦壓低的靈魂啊，你們仍會再次被愛。","Henry Wadsworth Longfellow","亨利・沃茲沃思・朗費羅","詩中抒情者","The Complete Poetical Works of Henry Wadsworth Longfellow","Endymion","https://www.gutenberg.org/ebooks/1365","https://www.gutenberg.org/cache/epub/1365/pg1365.txt","19世紀（各詩篇年份不同）","1882","Hong Kong","Public domain original — research assessment","原作者卒於1882年，已超過香港文學作品一般作者身後50年的保護期；只取歷史原文，不含現代譯文、編者註解或版面。","https://www.ip.gov.hk/en/types-of-ip/copyright/duration-of-copyright/index.html","https://www.gutenberg.org/ebooks/1365","英文保留來源摘句；繁體中文為2026-09-21獨立新譯，以香港讀者易讀的白話表達，未把護老者情境加進引文本身。","護老者; 文學陪伴; C06; 好孤單，冇人明白; 文學／哲思","原文已與source_text_url所列文本核對，忽略排版空白及標點差異；保留摘句邊界。護老者情境配對屬編輯判斷，並非原作者的臨床建議。 希望與安慰屬文學表達，不是對病情、關係或情緒恢復時間的保證。","2026-09-21"
"HCQ0031","C06","好孤單，冇人明白","陪伴、被聆聽、連繫他人","以真誠聆聽與互相扶持回應孤單；不責備求助者缺乏朋友。","English","And stand together yet not too near together: For the pillars of the temple stand apart, And the oak tree and the cypress grow not in each other’s shadow.","And stand together yet not too near together: For the pillars of the temple stand apart, And the oak tree and the cypress grow not in each other’s shadow.","站在一起，也留一點距離：殿堂的柱子各自站立，橡樹與柏樹也不在彼此的陰影裏生長。","Kahlil Gibran","紀伯倫","Almustafa／阿爾穆斯塔法（作品人物）","The Prophet／《先知》","On Marriage","https://www.gutenberg.org/ebooks/58585","https://www.gutenberg.org/cache/epub/58585/pg58585.txt","1923","1931","Hong Kong","Public domain original — research assessment","原作者卒於1931年，已超過香港文學作品一般作者身後50年的保護期；只取歷史原文，不含現代譯文、編者註解或版面。","https://www.ip.gov.hk/en/types-of-ip/copyright/duration-of-copyright/index.html","https://www.gutenberg.org/ebooks/58585","英文保留來源摘句；繁體中文為2026-09-21獨立新譯，以香港讀者易讀的白話表達，未把護老者情境加進引文本身。","護老者; 文學陪伴; C06; 好孤單，冇人明白; 寓言散文詩; 靈性文學","原文已與source_text_url所列文本核對，忽略排版空白及標點差異；保留摘句邊界。護老者情境配對屬編輯判斷，並非原作者的臨床建議。 說話者為作品人物Almustafa，並非作者訪談。 原作談友誼、婚姻或親子等人際關係；此處借作界線與尊重的思考。","2026-09-21"
"HCQ0068","C06","好孤單，冇人明白","陪伴、被聆聽、連繫他人","以真誠聆聽與互相扶持回應孤單；不責備求助者缺乏朋友。","English","But let there be spaces in your togetherness, And let the winds of the heavens dance between you.","But let there be spaces in your togetherness, And let the winds of the heavens dance between you.","即使相伴，也為彼此留些空間，讓風能在你們之間起舞。","Kahlil Gibran","紀伯倫","Almustafa／阿爾穆斯塔法（作品人物）","The Prophet／《先知》","On Marriage","https://www.gutenberg.org/ebooks/58585","https://www.gutenberg.org/cache/epub/58585/pg58585.txt","1923","1931","Hong Kong","Public domain original — research assessment","原作者卒於1931年，已超過香港文學作品一般作者身後50年的保護期；只取歷史原文，不含現代譯文、編者註解或版面。","https://www.ip.gov.hk/en/types-of-ip/copyright/duration-of-copyright/index.html","https://www.gutenberg.org/ebooks/58585","英文保留來源摘句；繁體中文為2026-09-21獨立新譯，以香港讀者易讀的白話表達，未把護老者情境加進引文本身。","護老者; 文學陪伴; C06; 好孤單，冇人明白; 寓言散文詩; 靈性文學","原文已與source_text_url所列文本核對，忽略排版空白及標點差異；保留摘句邊界。護老者情境配對屬編輯判斷，並非原作者的臨床建議。 說話者為作品人物Almustafa，並非作者訪談。 原作談友誼、婚姻或親子等人際關係；此處借作界線與尊重的思考。","2026-09-21"
"HCQ0070","C06","好孤單，冇人明白","陪伴、被聆聽、連繫他人","以真誠聆聽與互相扶持回應孤單；不責備求助者缺乏朋友。","English","You may give them your love but not your thoughts, For they have their own thoughts.","You may give them your love but not your thoughts, For they have their own thoughts.","你可以給他們愛，卻不能把自己的想法強加給他們，因為他們有自己的思想。","Kahlil Gibran","紀伯倫","Almustafa／阿爾穆斯塔法（作品人物）","The Prophet／《先知》","On Children","https://www.gutenberg.org/ebooks/58585","https://www.gutenberg.org/cache/epub/58585/pg58585.txt","1923","1931","Hong Kong","Public domain original — research assessment","原作者卒於1931年，已超過香港文學作品一般作者身後50年的保護期；只取歷史原文，不含現代譯文、編者註解或版面。","https://www.ip.gov.hk/en/types-of-ip/copyright/duration-of-copyright/index.html","https://www.gutenberg.org/ebooks/58585","英文保留來源摘句；繁體中文為2026-09-21獨立新譯，以香港讀者易讀的白話表達，未把護老者情境加進引文本身。","護老者; 文學陪伴; C06; 好孤單，冇人明白; 寓言散文詩; 靈性文學","原文已與source_text_url所列文本核對，忽略排版空白及標點差異；保留摘句邊界。護老者情境配對屬編輯判斷，並非原作者的臨床建議。 說話者為作品人物Almustafa，並非作者訪談。 原作談友誼、婚姻或親子等人際關係；此處借作界線與尊重的思考。","2026-09-21"
"HCQ0037","C06","好孤單，冇人明白","陪伴、被聆聽、連繫他人","以真誠聆聽與互相扶持回應孤單；不責備求助者缺乏朋友。","English","Love possesses not nor would it be possessed; For love is sufficient unto love.","Love possesses not nor would it be possessed; For love is sufficient unto love.","愛不佔有，也不願被佔有；愛本身，已足以成全愛。","Kahlil Gibran","紀伯倫","Almustafa／阿爾穆斯塔法（作品人物）","The Prophet／《先知》","On Love","https://www.gutenberg.org/ebooks/58585","https://www.gutenberg.org/cache/epub/58585/pg58585.txt","1923","1931","Hong Kong","Public domain original — research assessment","原作者卒於1931年，已超過香港文學作品一般作者身後50年的保護期；只取歷史原文，不含現代譯文、編者註解或版面。","https://www.ip.gov.hk/en/types-of-ip/copyright/duration-of-copyright/index.html","https://www.gutenberg.org/ebooks/58585","英文保留來源摘句；繁體中文為2026-09-21獨立新譯，以香港讀者易讀的白話表達，未把護老者情境加進引文本身。","護老者; 文學陪伴; C06; 好孤單，冇人明白; 寓言散文詩; 靈性文學","原文已與source_text_url所列文本核對，忽略排版空白及標點差異；保留摘句邊界。護老者情境配對屬編輯判斷，並非原作者的臨床建議。 說話者為作品人物Almustafa，並非作者訪談。 原作談友誼、婚姻或親子等人際關係；此處借作界線與尊重的思考。","2026-09-21"
"HCQ0144","C06","好孤單，冇人明白","陪伴、被聆聽、連繫他人","以真誠聆聽與互相扶持回應孤單；不責備求助者缺乏朋友。","English","Give your hearts, but not into each other’s keeping.","Give your hearts, but not into each other’s keeping.","把心交給彼此，卻不要把它交由對方保管。","Kahlil Gibran","紀伯倫","Almustafa／阿爾穆斯塔法（作品人物）","The Prophet／《先知》","On Marriage","https://www.gutenberg.org/ebooks/58585","https://www.gutenberg.org/cache/epub/58585/pg58585.txt","1923","1931","Hong Kong","Public domain original — research assessment","原作者卒於1931年，已超過香港文學作品一般作者身後50年的保護期；只取歷史原文，不含現代譯文、編者註解或版面。","https://www.ip.gov.hk/en/types-of-ip/copyright/duration-of-copyright/index.html","https://www.gutenberg.org/ebooks/58585","英文保留來源摘句；繁體中文為2026-09-21獨立新譯，以香港讀者易讀的白話表達，未把護老者情境加進引文本身。","護老者; 文學陪伴; C06; 好孤單，冇人明白; 寓言散文詩; 靈性文學","原文已與source_text_url所列文本核對，忽略排版空白及標點差異；保留摘句邊界。護老者情境配對屬編輯判斷，並非原作者的臨床建議。 說話者為作品人物Almustafa，並非作者訪談。 原作談友誼、婚姻或親子等人際關係；此處借作界線與尊重的思考。","2026-09-21"
"HCQ0026","C06","好孤單，冇人明白","陪伴、被聆聽、連繫他人","以真誠聆聽與互相扶持回應孤單；不責備求助者缺乏朋友。","English","We must be our own before we can be another's.","We must be our own before we can be another's.","我們先要屬於自己，才能屬於另一個人。","Ralph Waldo Emerson","拉爾夫・沃爾多・愛默生","拉爾夫・沃爾多・愛默生","Essays／《論文集》","Friendship","https://www.gutenberg.org/ebooks/16643","https://www.gutenberg.org/cache/epub/16643/pg16643.txt","1841（所選文章）","1882","Hong Kong","Public domain original — research assessment","原作者卒於1882年，已超過香港文學作品一般作者身後50年的保護期；只取歷史原文，不含現代譯文、編者註解或版面。","https://www.ip.gov.hk/en/types-of-ip/copyright/duration-of-copyright/index.html","https://www.gutenberg.org/ebooks/16643","英文保留來源摘句；繁體中文為2026-09-21獨立新譯，以香港讀者易讀的白話表達，未把護老者情境加進引文本身。","護老者; 文學陪伴; C06; 好孤單，冇人明白; 文學／哲思","原文已與source_text_url所列文本核對，忽略排版空白及標點差異；保留摘句邊界。護老者情境配對屬編輯判斷，並非原作者的臨床建議。","2026-09-21"
"HCQ0092","C06","好孤單，冇人明白","陪伴、被聆聽、連繫他人","以真誠聆聽與互相扶持回應孤單；不責備求助者缺乏朋友。","English","the wind speaks not more sweetly to the giant oaks than to the least of all the blades of grass;","the wind speaks not more sweetly to the giant oaks than to the least of all the blades of grass;","風對高大的橡樹說話，並不比對最細小的一片草葉更溫柔。","Kahlil Gibran","紀伯倫","Almustafa／阿爾穆斯塔法（作品人物）","The Prophet／《先知》","On Work","https://www.gutenberg.org/ebooks/58585","https://www.gutenberg.org/cache/epub/58585/pg58585.txt","1923","1931","Hong Kong","Public domain original — research assessment","原作者卒於1931年，已超過香港文學作品一般作者身後50年的保護期；只取歷史原文，不含現代譯文、編者註解或版面。","https://www.ip.gov.hk/en/types-of-ip/copyright/duration-of-copyright/index.html","https://www.gutenberg.org/ebooks/58585","英文保留來源摘句；繁體中文為2026-09-21獨立新譯，以香港讀者易讀的白話表達，未把護老者情境加進引文本身。","護老者; 文學陪伴; C06; 好孤單，冇人明白; 寓言散文詩; 靈性文學","原文已與source_text_url所列文本核對，忽略排版空白及標點差異；保留摘句邊界。護老者情境配對屬編輯判斷，並非原作者的臨床建議。 說話者為作品人物Almustafa，並非作者訪談。","2026-09-21"
"HCQ0003","C06","好孤單，冇人明白","陪伴、被聆聽、連繫他人","以真誠聆聽與互相扶持回應孤單；不責備求助者缺乏朋友。","English","the corner-stone of the temple is not higher than the lowest stone in its foundation.","the corner-stone of the temple is not higher than the lowest stone in its foundation.","殿堂的基石，並不比地基裏最低的一塊石頭更高貴。","Kahlil Gibran","紀伯倫","Almustafa／阿爾穆斯塔法（作品人物）","The Prophet／《先知》","On Crime and Punishment","https://www.gutenberg.org/ebooks/58585","https://www.gutenberg.org/cache/epub/58585/pg58585.txt","1923","1931","Hong Kong","Public domain original — research assessment","原作者卒於1931年，已超過香港文學作品一般作者身後50年的保護期；只取歷史原文，不含現代譯文、編者註解或版面。","https://www.ip.gov.hk/en/types-of-ip/copyright/duration-of-copyright/index.html","https://www.gutenberg.org/ebooks/58585","英文保留來源摘句；繁體中文為2026-09-21獨立新譯，以香港讀者易讀的白話表達，未把護老者情境加進引文本身。","護老者; 文學陪伴; C06; 好孤單，冇人明白; 寓言散文詩; 靈性文學","原文已與source_text_url所列文本核對，忽略排版空白及標點差異；保留摘句邊界。護老者情境配對屬編輯判斷，並非原作者的臨床建議。 說話者為作品人物Almustafa，並非作者訪談。","2026-09-21"
"HCQ0151","C06","好孤單，冇人明白","陪伴、被聆聽、連繫他人","以真誠聆聽與互相扶持回應孤單；不責備求助者缺乏朋友。","English","Let a man then know his worth, and keep things under his feet.","Let a man then know his worth, and keep things under his feet.","讓人明白自己的價值，別反被外物駕馭。","Ralph Waldo Emerson","拉爾夫・沃爾多・愛默生","拉爾夫・沃爾多・愛默生","Essays／《論文集》","Self-Reliance","https://www.gutenberg.org/ebooks/16643","https://www.gutenberg.org/cache/epub/16643/pg16643.txt","1841（所選文章）","1882","Hong Kong","Public domain original — research assessment","原作者卒於1882年，已超過香港文學作品一般作者身後50年的保護期；只取歷史原文，不含現代譯文、編者註解或版面。","https://www.ip.gov.hk/en/types-of-ip/copyright/duration-of-copyright/index.html","https://www.gutenberg.org/ebooks/16643","英文保留來源摘句；繁體中文為2026-09-21獨立新譯，以香港讀者易讀的白話表達，未把護老者情境加進引文本身。","護老者; 文學陪伴; C06; 好孤單，冇人明白; 文學／哲思","原文已與source_text_url所列文本核對，忽略排版空白及標點差異；保留摘句邊界。護老者情境配對屬編輯判斷，並非原作者的臨床建議。","2026-09-21"
"HCQ0158","C06","好孤單，冇人明白","陪伴、被聆聽、連繫他人","以真誠聆聽與互相扶持回應孤單；不責備求助者缺乏朋友。","English","I am larger, better than I thought, I did not know I held so much goodness.","I am larger, better than I thought, I did not know I held so much goodness.","我比自己想的更寬廣、更好；原來我心裏，藏着這麼多善意。","Walt Whitman","華特・惠特曼","詩中抒情者","Leaves of Grass／《草葉集》","Song of the Open Road, 5","https://www.gutenberg.org/ebooks/1322","https://www.gutenberg.org/cache/epub/1322/pg1322.txt","1855–1892（多次增訂）","1892","Hong Kong","Public domain original — research assessment","原作者卒於1892年，已超過香港文學作品一般作者身後50年的保護期；只取歷史原文，不含現代譯文、編者註解或版面。","https://www.ip.gov.hk/en/types-of-ip/copyright/duration-of-copyright/index.html","https://www.gutenberg.org/ebooks/1322","英文保留來源摘句；繁體中文為2026-09-21獨立新譯，以香港讀者易讀的白話表達，未把護老者情境加進引文本身。","護老者; 文學陪伴; C06; 好孤單，冇人明白; 文學／哲思","原文已與source_text_url所列文本核對，忽略排版空白及標點差異；保留摘句邊界。護老者情境配對屬編輯判斷，並非原作者的臨床建議。","2026-09-21"
"HCQ0168","C06","好孤單，冇人明白","陪伴、被聆聽、連繫他人","以真誠聆聽與互相扶持回應孤單；不責備求助者缺乏朋友。","English","You are also as strong as your strongest link.","You are also as strong as your strongest link.","你也擁有自己最堅強的那一環的力量。","Kahlil Gibran","紀伯倫","Almustafa／阿爾穆斯塔法（作品人物）","The Prophet／《先知》","The Farewell","https://www.gutenberg.org/ebooks/58585","https://www.gutenberg.org/cache/epub/58585/pg58585.txt","1923","1931","Hong Kong","Public domain original — research assessment","原作者卒於1931年，已超過香港文學作品一般作者身後50年的保護期；只取歷史原文，不含現代譯文、編者註解或版面。","https://www.ip.gov.hk/en/types-of-ip/copyright/duration-of-copyright/index.html","https://www.gutenberg.org/ebooks/58585","英文保留來源摘句；繁體中文為2026-09-21獨立新譯，以香港讀者易讀的白話表達，未把護老者情境加進引文本身。","護老者; 文學陪伴; C06; 好孤單，冇人明白; 寓言散文詩; 靈性文學","原文已與source_text_url所列文本核對，忽略排版空白及標點差異；保留摘句邊界。護老者情境配對屬編輯判斷，並非原作者的臨床建議。 說話者為作品人物Almustafa，並非作者訪談。","2026-09-21"
"HCQ0129","C06","好孤單，冇人明白","陪伴、被聆聽、連繫他人","以真誠聆聽與互相扶持回應孤單；不責備求助者缺乏朋友。","English","To measure you by your smallest deed is to reckon the power of ocean by the frailty of its foam.","To measure you by your smallest deed is to reckon the power of ocean by the frailty of its foam.","只憑你最微小的一次行動衡量你，就像用泡沫的脆弱，判斷大海的力量。","Kahlil Gibran","紀伯倫","Almustafa／阿爾穆斯塔法（作品人物）","The Prophet／《先知》","The Farewell","https://www.gutenberg.org/ebooks/58585","https://www.gutenberg.org/cache/epub/58585/pg58585.txt","1923","1931","Hong Kong","Public domain original — research assessment","原作者卒於1931年，已超過香港文學作品一般作者身後50年的保護期；只取歷史原文，不含現代譯文、編者註解或版面。","https://www.ip.gov.hk/en/types-of-ip/copyright/duration-of-copyright/index.html","https://www.gutenberg.org/ebooks/58585","英文保留來源摘句；繁體中文為2026-09-21獨立新譯，以香港讀者易讀的白話表達，未把護老者情境加進引文本身。","護老者; 文學陪伴; C06; 好孤單，冇人明白; 寓言散文詩; 靈性文學","原文已與source_text_url所列文本核對，忽略排版空白及標點差異；保留摘句邊界。護老者情境配對屬編輯判斷，並非原作者的臨床建議。 說話者為作品人物Almustafa，並非作者訪談。","2026-09-21"
"HCQ0149","C06","好孤單，冇人明白","陪伴、被聆聽、連繫他人","以真誠聆聽與互相扶持回應孤單；不責備求助者缺乏朋友。","English","To judge you by your failures is to cast blame upon the seasons for their inconstancy.","To judge you by your failures is to cast blame upon the seasons for their inconstancy.","只憑失敗來評斷你，就像責怪季節為甚麼總在變換。","Kahlil Gibran","紀伯倫","Almustafa／阿爾穆斯塔法（作品人物）","The Prophet／《先知》","The Farewell","https://www.gutenberg.org/ebooks/58585","https://www.gutenberg.org/cache/epub/58585/pg58585.txt","1923","1931","Hong Kong","Public domain original — research assessment","原作者卒於1931年，已超過香港文學作品一般作者身後50年的保護期；只取歷史原文，不含現代譯文、編者註解或版面。","https://www.ip.gov.hk/en/types-of-ip/copyright/duration-of-copyright/index.html","https://www.gutenberg.org/ebooks/58585","英文保留來源摘句；繁體中文為2026-09-21獨立新譯，以香港讀者易讀的白話表達，未把護老者情境加進引文本身。","護老者; 文學陪伴; C06; 好孤單，冇人明白; 寓言散文詩; 靈性文學","原文已與source_text_url所列文本核對，忽略排版空白及標點差異；保留摘句邊界。護老者情境配對屬編輯判斷，並非原作者的臨床建議。 說話者為作品人物Almustafa，並非作者訪談。","2026-09-21"
"HCQ0027","C06","好孤單，冇人明白","陪伴、被聆聽、連繫他人","以真誠聆聽與互相扶持回應孤單；不責備求助者缺乏朋友。","English","You are good when you walk to your goal firmly and with bold steps. Yet you are not evil when you go thither limping.","You are good when you walk to your goal firmly and with bold steps. Yet you are not evil when you go thither limping.","你堅定地走向目標，是好的；即使你一拐一拐地前行，也不代表你不好。","Kahlil Gibran","紀伯倫","Almustafa／阿爾穆斯塔法（作品人物）","The Prophet／《先知》","On Good and Evil","https://www.gutenberg.org/ebooks/58585","https://www.gutenberg.org/cache/epub/58585/pg58585.txt","1923","1931","Hong Kong","Public domain original — research assessment","原作者卒於1931年，已超過香港文學作品一般作者身後50年的保護期；只取歷史原文，不含現代譯文、編者註解或版面。","https://www.ip.gov.hk/en/types-of-ip/copyright/duration-of-copyright/index.html","https://www.gutenberg.org/ebooks/58585","英文保留來源摘句；繁體中文為2026-09-21獨立新譯，以香港讀者易讀的白話表達，未把護老者情境加進引文本身。","護老者; 文學陪伴; C06; 好孤單，冇人明白; 寓言散文詩; 靈性文學","原文已與source_text_url所列文本核對，忽略排版空白及標點差異；保留摘句邊界。護老者情境配對屬編輯判斷，並非原作者的臨床建議。 說話者為作品人物Almustafa，並非作者訪談。","2026-09-21"
"HCQ0049","C06","好孤單，冇人明白","陪伴、被聆聽、連繫他人","以真誠聆聽與互相扶持回應孤單；不責備求助者缺乏朋友。","English","You are good when you are one with yourself. Yet when you are not one with yourself you are not evil.","You are good when you are one with yourself. Yet when you are not one with yourself you are not evil.","與自己和諧相處，是好的；暫時做不到，也不表示你不好。","Kahlil Gibran","紀伯倫","Almustafa／阿爾穆斯塔法（作品人物）","The Prophet／《先知》","On Good and Evil","https://www.gutenberg.org/ebooks/58585","https://www.gutenberg.org/cache/epub/58585/pg58585.txt","1923","1931","Hong Kong","Public domain original — research assessment","原作者卒於1931年，已超過香港文學作品一般作者身後50年的保護期；只取歷史原文，不含現代譯文、編者註解或版面。","https://www.ip.gov.hk/en/types-of-ip/copyright/duration-of-copyright/index.html","https://www.gutenberg.org/ebooks/58585","英文保留來源摘句；繁體中文為2026-09-21獨立新譯，以香港讀者易讀的白話表達，未把護老者情境加進引文本身。","護老者; 文學陪伴; C06; 好孤單，冇人明白; 寓言散文詩; 靈性文學","原文已與source_text_url所列文本核對，忽略排版空白及標點差異；保留摘句邊界。護老者情境配對屬編輯判斷，並非原作者的臨床建議。 說話者為作品人物Almustafa，並非作者訪談。","2026-09-21"
"HCQ0079","C06","好孤單，冇人明白","陪伴、被聆聽、連繫他人","以真誠聆聽與互相扶持回應孤單；不責備求助者缺乏朋友。","English（公版英譯來源；古代經文原語非英語）","There never was, there never will be, nor is there now, a man who is always blamed, or a man who is always praised.","There never was, there never will be, nor is there now, a man who is always blamed, or a man who is always praised.","從前沒有，將來也不會有，現在更沒有一個人永遠只受責備，或永遠只受稱讚。","Gautama Buddha (traditional attribution); F. Max Müller (English translator)","釋迦牟尼佛（傳統歸屬）；麥克斯・繆勒（英譯）","佛陀教導（《法句經》傳承記錄；非逐字歷史錄音）","Dhammapada／《法句經》（F. Max Müller英譯，Sacred Books of the East X, Part I）","Verse 228／第228偈","https://www.gutenberg.org/ebooks/2017","https://www.gutenberg.org/cache/epub/2017/pg2017.txt","古代巴利語經典；所用英譯刊於1881年","古代佛教傳承；英譯者F. Max Müller：1900年","Hong Kong","Public domain historical translation — research assessment","古代佛教經典；所用英譯者F. Max Müller卒於1900年，1881年英譯本已超過香港文學作品通常作者身後50年的保護期。只用歷史譯文，不取網站現代註解或版面。","https://www.ip.gov.hk/en/types-of-ip/copyright/duration-of-copyright/index.html","https://www.gutenberg.org/ebooks/2017","原文及英文欄為繆勒1881年歷史英譯，並非巴利語；繁體中文為2026-09-21依此英譯獨立新譯，非既有漢譯佛經。","護老者; 文學陪伴; C06; 好孤單，冇人明白; 佛教; faith:buddhist","原文已與source_text_url所列文本核對，忽略排版空白及標點差異；保留摘句邊界。護老者情境配對屬編輯判斷，並非原作者的臨床建議。 宗教來源已標籤，宜依使用者意願顯示；不把信仰教導當成必須遵守的要求。","2026-09-21"
"HCQ0105","C06","好孤單，冇人明白","陪伴、被聆聽、連繫他人","以真誠聆聽與互相扶持回應孤單；不責備求助者缺乏朋友。","English","Say what you have to say, not what you ought. Any truth is better than make-believe.","Say what you have to say, not what you ought. Any truth is better than make-believe.","說出你真正想說的，不必只說你認為應該說的。真話總比假裝好。","Henry David Thoreau","亨利・大衛・梭羅","亨利・大衛・梭羅","Walden／《湖濱散記》","Walden — Conclusion","https://www.gutenberg.org/ebooks/205","https://www.gutenberg.org/cache/epub/205/pg205.txt","1854","1862","Hong Kong","Public domain original — research assessment","原作者卒於1862年，已超過香港文學作品一般作者身後50年的保護期；只取歷史原文，不含現代譯文、編者註解或版面。","https://www.ip.gov.hk/en/types-of-ip/copyright/duration-of-copyright/index.html","https://www.gutenberg.org/ebooks/205","英文保留來源摘句；繁體中文為2026-09-21獨立新譯，以香港讀者易讀的白話表達，未把護老者情境加進引文本身。","護老者; 文學陪伴; C06; 好孤單，冇人明白; 文學／哲思","原文已與source_text_url所列文本核對，忽略排版空白及標點差異；保留摘句邊界。護老者情境配對屬編輯判斷，並非原作者的臨床建議。","2026-09-21"
"HCQ0115","C06","好孤單，冇人明白","陪伴、被聆聽、連繫他人","以真誠聆聽與互相扶持回應孤單；不責備求助者缺乏朋友。","English","And if it is for your comfort to pour your darkness into space, it is also for your delight to pour forth the dawning of your heart.","And if it is for your comfort to pour your darkness into space, it is also for your delight to pour forth the dawning of your heart.","若把內心的黑暗傾訴出來能帶來安慰，那麼，把心裏的晨光說出來，也能帶來喜悅。","Kahlil Gibran","紀伯倫","Almustafa／阿爾穆斯塔法（作品人物）","The Prophet／《先知》","On Prayer","https://www.gutenberg.org/ebooks/58585","https://www.gutenberg.org/cache/epub/58585/pg58585.txt","1923","1931","Hong Kong","Public domain original — research assessment","原作者卒於1931年，已超過香港文學作品一般作者身後50年的保護期；只取歷史原文，不含現代譯文、編者註解或版面。","https://www.ip.gov.hk/en/types-of-ip/copyright/duration-of-copyright/index.html","https://www.gutenberg.org/ebooks/58585","英文保留來源摘句；繁體中文為2026-09-21獨立新譯，以香港讀者易讀的白話表達，未把護老者情境加進引文本身。","護老者; 文學陪伴; C06; 好孤單，冇人明白; 寓言散文詩; 靈性文學","原文已與source_text_url所列文本核對，忽略排版空白及標點差異；保留摘句邊界。護老者情境配對屬編輯判斷，並非原作者的臨床建議。 說話者為作品人物Almustafa，並非作者訪談。","2026-09-21"
"HCQ0126","C06","好孤單，冇人明白","陪伴、被聆聽、連繫他人","以真誠聆聽與互相扶持回應孤單；不責備求助者缺乏朋友。","English","Your hearts know in silence the secrets of the days and the nights.","Your hearts know in silence the secrets of the days and the nights.","在寂靜裏，你的心知道白晝與黑夜的秘密。","Kahlil Gibran","紀伯倫","Almustafa／阿爾穆斯塔法（作品人物）","The Prophet／《先知》","On Self-Knowledge","https://www.gutenberg.org/ebooks/58585","https://www.gutenberg.org/cache/epub/58585/pg58585.txt","1923","1931","Hong Kong","Public domain original — research assessment","原作者卒於1931年，已超過香港文學作品一般作者身後50年的保護期；只取歷史原文，不含現代譯文、編者註解或版面。","https://www.ip.gov.hk/en/types-of-ip/copyright/duration-of-copyright/index.html","https://www.gutenberg.org/ebooks/58585","英文保留來源摘句；繁體中文為2026-09-21獨立新譯，以香港讀者易讀的白話表達，未把護老者情境加進引文本身。","護老者; 文學陪伴; C06; 好孤單，冇人明白; 寓言散文詩; 靈性文學","原文已與source_text_url所列文本核對，忽略排版空白及標點差異；保留摘句邊界。護老者情境配對屬編輯判斷，並非原作者的臨床建議。 說話者為作品人物Almustafa，並非作者訪談。","2026-09-21"
"HCQ0127","C06","好孤單，冇人明白","陪伴、被聆聽、連繫他人","以真誠聆聽與互相扶持回應孤單；不責備求助者缺乏朋友。","English","A seeker of silences am I, and what treasure have I found in silences that I may dispense with confidence?","A seeker of silences am I, and what treasure have I found in silences that I may dispense with confidence?","我是一個尋找寂靜的人；在寂靜裏，我找到了甚麼珍寶，可以放心與人分享？","Kahlil Gibran","紀伯倫","Almustafa／阿爾穆斯塔法（作品人物）","The Prophet／《先知》","The Coming of the Ship","https://www.gutenberg.org/ebooks/58585","https://www.gutenberg.org/cache/epub/58585/pg58585.txt","1923","1931","Hong Kong","Public domain original — research assessment","原作者卒於1931年，已超過香港文學作品一般作者身後50年的保護期；只取歷史原文，不含現代譯文、編者註解或版面。","https://www.ip.gov.hk/en/types-of-ip/copyright/duration-of-copyright/index.html","https://www.gutenberg.org/ebooks/58585","英文保留來源摘句；繁體中文為2026-09-21獨立新譯，以香港讀者易讀的白話表達，未把護老者情境加進引文本身。","護老者; 文學陪伴; C06; 好孤單，冇人明白; 寓言散文詩; 靈性文學","原文已與source_text_url所列文本核對，忽略排版空白及標點差異；保留摘句邊界。護老者情境配對屬編輯判斷，並非原作者的臨床建議。 說話者為作品人物Almustafa，並非作者訪談。","2026-09-21"
"HCQ0064","C06","好孤單，冇人明白","陪伴、被聆聽、連繫他人","以真誠聆聽與互相扶持回應孤單；不責備求助者缺乏朋友。","English","The soul unfolds itself, like a lotus of countless petals.","The soul unfolds itself, like a lotus of countless petals.","心靈像一朵有無數花瓣的蓮花，慢慢舒展。","Kahlil Gibran","紀伯倫","Almustafa／阿爾穆斯塔法（作品人物）","The Prophet／《先知》","On Self-Knowledge","https://www.gutenberg.org/ebooks/58585","https://www.gutenberg.org/cache/epub/58585/pg58585.txt","1923","1931","Hong Kong","Public domain original — research assessment","原作者卒於1931年，已超過香港文學作品一般作者身後50年的保護期；只取歷史原文，不含現代譯文、編者註解或版面。","https://www.ip.gov.hk/en/types-of-ip/copyright/duration-of-copyright/index.html","https://www.gutenberg.org/ebooks/58585","英文保留來源摘句；繁體中文為2026-09-21獨立新譯，以香港讀者易讀的白話表達，未把護老者情境加進引文本身。","護老者; 文學陪伴; C06; 好孤單，冇人明白; 寓言散文詩; 靈性文學","原文已與source_text_url所列文本核對，忽略排版空白及標點差異；保留摘句邊界。護老者情境配對屬編輯判斷，並非原作者的臨床建議。 說話者為作品人物Almustafa，並非作者訪談。","2026-09-21"
"HCQ0157","C06","好孤單，冇人明白","陪伴、被聆聽、連繫他人","以真誠聆聽與互相扶持回應孤單；不責備求助者缺乏朋友。","English","For self is a sea boundless and measureless.","For self is a sea boundless and measureless.","自我是一片沒有邊界、無法量盡的海。","Kahlil Gibran","紀伯倫","Almustafa／阿爾穆斯塔法（作品人物）","The Prophet／《先知》","On Self-Knowledge","https://www.gutenberg.org/ebooks/58585","https://www.gutenberg.org/cache/epub/58585/pg58585.txt","1923","1931","Hong Kong","Public domain original — research assessment","原作者卒於1931年，已超過香港文學作品一般作者身後50年的保護期；只取歷史原文，不含現代譯文、編者註解或版面。","https://www.ip.gov.hk/en/types-of-ip/copyright/duration-of-copyright/index.html","https://www.gutenberg.org/ebooks/58585","英文保留來源摘句；繁體中文為2026-09-21獨立新譯，以香港讀者易讀的白話表達，未把護老者情境加進引文本身。","護老者; 文學陪伴; C06; 好孤單，冇人明白; 寓言散文詩; 靈性文學","原文已與source_text_url所列文本核對，忽略排版空白及標點差異；保留摘句邊界。護老者情境配對屬編輯判斷，並非原作者的臨床建議。 說話者為作品人物Almustafa，並非作者訪談。","2026-09-21"
"HCQ0035","C06","好孤單，冇人明白","陪伴、被聆聽、連繫他人","以真誠聆聽與互相扶持回應孤單；不責備求助者缺乏朋友。","English","And forget not that the earth delights to feel your bare feet and the winds long to play with your hair.","And forget not that the earth delights to feel your bare feet and the winds long to play with your hair.","別忘了，大地喜歡感受你的赤腳，風也渴望輕拂你的頭髮。","Kahlil Gibran","紀伯倫","Almustafa／阿爾穆斯塔法（作品人物）","The Prophet／《先知》","On Clothes","https://www.gutenberg.org/ebooks/58585","https://www.gutenberg.org/cache/epub/58585/pg58585.txt","1923","1931","Hong Kong","Public domain original — research assessment","原作者卒於1931年，已超過香港文學作品一般作者身後50年的保護期；只取歷史原文，不含現代譯文、編者註解或版面。","https://www.ip.gov.hk/en/types-of-ip/copyright/duration-of-copyright/index.html","https://www.gutenberg.org/ebooks/58585","英文保留來源摘句；繁體中文為2026-09-21獨立新譯，以香港讀者易讀的白話表達，未把護老者情境加進引文本身。","護老者; 文學陪伴; C06; 好孤單，冇人明白; 寓言散文詩; 靈性文學","原文已與source_text_url所列文本核對，忽略排版空白及標點差異；保留摘句邊界。護老者情境配對屬編輯判斷，並非原作者的臨床建議。 說話者為作品人物Almustafa，並非作者訪談。","2026-09-21"
"HCQ0069","C06","好孤單，冇人明白","陪伴、被聆聽、連繫他人","以真誠聆聽與互相扶持回應孤單；不責備求助者缺乏朋友。","English","We need the tonic of wildness,","We need the tonic of wildness,","我們需要大自然的野趣，為身心添一點活力。","Henry David Thoreau","亨利・大衛・梭羅","亨利・大衛・梭羅","Walden／《湖濱散記》","Walden — Spring","https://www.gutenberg.org/ebooks/205","https://www.gutenberg.org/cache/epub/205/pg205.txt","1854","1862","Hong Kong","Public domain original — research assessment","原作者卒於1862年，已超過香港文學作品一般作者身後50年的保護期；只取歷史原文，不含現代譯文、編者註解或版面。","https://www.ip.gov.hk/en/types-of-ip/copyright/duration-of-copyright/index.html","https://www.gutenberg.org/ebooks/205","英文保留來源摘句；繁體中文為2026-09-21獨立新譯，以香港讀者易讀的白話表達，未把護老者情境加進引文本身。","護老者; 文學陪伴; C06; 好孤單，冇人明白; 文學／哲思","原文已與source_text_url所列文本核對，忽略排版空白及標點差異；保留摘句邊界。護老者情境配對屬編輯判斷，並非原作者的臨床建議。","2026-09-21"
"HCQ0061","C06","好孤單，冇人明白","陪伴、被聆聽、連繫他人","以真誠聆聽與互相扶持回應孤單；不責備求助者缺乏朋友。","English","For in the dew of little things the heart finds its morning and is refreshed.","For in the dew of little things the heart finds its morning and is refreshed.","在小事的露珠裏，心找到了自己的清晨，重新得到滋養。","Kahlil Gibran","紀伯倫","Almustafa／阿爾穆斯塔法（作品人物）","The Prophet／《先知》","On Friendship","https://www.gutenberg.org/ebooks/58585","https://www.gutenberg.org/cache/epub/58585/pg58585.txt","1923","1931","Hong Kong","Public domain original — research assessment","原作者卒於1931年，已超過香港文學作品一般作者身後50年的保護期；只取歷史原文，不含現代譯文、編者註解或版面。","https://www.ip.gov.hk/en/types-of-ip/copyright/duration-of-copyright/index.html","https://www.gutenberg.org/ebooks/58585","英文保留來源摘句；繁體中文為2026-09-21獨立新譯，以香港讀者易讀的白話表達，未把護老者情境加進引文本身。","護老者; 文學陪伴; C06; 好孤單，冇人明白; 寓言散文詩; 靈性文學","原文已與source_text_url所列文本核對，忽略排版空白及標點差異；保留摘句邊界。護老者情境配對屬編輯判斷，並非原作者的臨床建議。 說話者為作品人物Almustafa，並非作者訪談。","2026-09-21"
"HCQ0148","C06","好孤單，冇人明白","陪伴、被聆聽、連繫他人","以真誠聆聽與互相扶持回應孤單；不責備求助者缺乏朋友。","English","There is simply the rose; it is perfect in every moment of its existence.","There is simply the rose; it is perfect in every moment of its existence.","眼前就是一朵玫瑰；在它存在的每一刻，都自有它的完整。","Ralph Waldo Emerson","拉爾夫・沃爾多・愛默生","拉爾夫・沃爾多・愛默生","Essays／《論文集》","Self-Reliance","https://www.gutenberg.org/ebooks/16643","https://www.gutenberg.org/cache/epub/16643/pg16643.txt","1841（所選文章）","1882","Hong Kong","Public domain original — research assessment","原作者卒於1882年，已超過香港文學作品一般作者身後50年的保護期；只取歷史原文，不含現代譯文、編者註解或版面。","https://www.ip.gov.hk/en/types-of-ip/copyright/duration-of-copyright/index.html","https://www.gutenberg.org/ebooks/16643","英文保留來源摘句；繁體中文為2026-09-21獨立新譯，以香港讀者易讀的白話表達，未把護老者情境加進引文本身。","護老者; 文學陪伴; C06; 好孤單，冇人明白; 文學／哲思","原文已與source_text_url所列文本核對，忽略排版空白及標點差異；保留摘句邊界。護老者情境配對屬編輯判斷，並非原作者的臨床建議。","2026-09-21"
"HCQ0022","C06","好孤單，冇人明白","陪伴、被聆聽、連繫他人","以真誠聆聽與互相扶持回應孤單；不責備求助者缺乏朋友。","English","Hope is the thing with feathers That perches in the soul, And sings the tune without the words, And never stops at all,","Hope is the thing with feathers That perches in the soul, And sings the tune without the words, And never stops at all,","希望是一隻有羽毛的小鳥，停在心靈深處，唱着沒有歌詞的旋律，從不停歇。","Emily Dickinson","艾蜜莉・狄金森","詩中抒情者","Poems by Emily Dickinson, Three Series","Series II — Life VI, Hope","https://www.gutenberg.org/ebooks/12242","https://www.gutenberg.org/cache/epub/12242/pg12242.txt","1890／1891／1896（早期編訂本）","1886","Hong Kong","Public domain original — research assessment","原作者卒於1886年，已超過香港文學作品一般作者身後50年的保護期；只取歷史原文，不含現代譯文、編者註解或版面。所用為19世紀已出版的早期編訂文本，不採1955或1998年現代校訂版本。","https://www.ip.gov.hk/en/types-of-ip/copyright/duration-of-copyright/index.html","https://www.gutenberg.org/ebooks/12242 ; https://www.emilydickinsonmuseum.org/roomitem/mabel-loomis-todd/","英文保留來源摘句；繁體中文為2026-09-21獨立新譯，以香港讀者易讀的白話表達，未把護老者情境加進引文本身。","護老者; 文學陪伴; C06; 好孤單，冇人明白; 文學／哲思","原文已與source_text_url所列文本核對，忽略排版空白及標點差異；保留摘句邊界。護老者情境配對屬編輯判斷，並非原作者的臨床建議。 希望與安慰屬文學表達，不是對病情、關係或情緒恢復時間的保證。","2026-09-21"
"HCQ0117","C06","好孤單，冇人明白","陪伴、被聆聽、連繫他人","以真誠聆聽與互相扶持回應孤單；不責備求助者缺乏朋友。","English","And like seeds dreaming beneath the snow your heart dreams of spring.","And like seeds dreaming beneath the snow your heart dreams of spring.","像白雪下做着夢的種子，你的心也在夢着春天。","Kahlil Gibran","紀伯倫","Almustafa／阿爾穆斯塔法（作品人物）","The Prophet／《先知》","On Death","https://www.gutenberg.org/ebooks/58585","https://www.gutenberg.org/cache/epub/58585/pg58585.txt","1923","1931","Hong Kong","Public domain original — research assessment","原作者卒於1931年，已超過香港文學作品一般作者身後50年的保護期；只取歷史原文，不含現代譯文、編者註解或版面。","https://www.ip.gov.hk/en/types-of-ip/copyright/duration-of-copyright/index.html","https://www.gutenberg.org/ebooks/58585","英文保留來源摘句；繁體中文為2026-09-21獨立新譯，以香港讀者易讀的白話表達，未把護老者情境加進引文本身。","護老者; 文學陪伴; C06; 好孤單，冇人明白; 寓言散文詩; 靈性文學","原文已與source_text_url所列文本核對，忽略排版空白及標點差異；保留摘句邊界。護老者情境配對屬編輯判斷，並非原作者的臨床建議。 說話者為作品人物Almustafa，並非作者訪談。 希望與安慰屬文學表達，不是對病情、關係或情緒恢復時間的保證。","2026-09-21"
"HCQ0172","C06","好孤單，冇人明白","陪伴、被聆聽、連繫他人","以真誠聆聽與互相扶持回應孤單；不責備求助者缺乏朋友。","English","And though in your winter you deny your spring, Yet spring, reposing within you, smiles in her drowsiness and is not offended.","And though in your winter you deny your spring, Yet spring, reposing within you, smiles in her drowsiness and is not offended.","即使在冬天，你不相信春天仍在，心裏休息着的春天，依然帶着睡意微笑，並不怪你。","Kahlil Gibran","紀伯倫","Almustafa／阿爾穆斯塔法（作品人物）","The Prophet／《先知》","The Farewell","https://www.gutenberg.org/ebooks/58585","https://www.gutenberg.org/cache/epub/58585/pg58585.txt","1923","1931","Hong Kong","Public domain original — research assessment","原作者卒於1931年，已超過香港文學作品一般作者身後50年的保護期；只取歷史原文，不含現代譯文、編者註解或版面。","https://www.ip.gov.hk/en/types-of-ip/copyright/duration-of-copyright/index.html","https://www.gutenberg.org/ebooks/58585","英文保留來源摘句；繁體中文為2026-09-21獨立新譯，以香港讀者易讀的白話表達，未把護老者情境加進引文本身。","護老者; 文學陪伴; C06; 好孤單，冇人明白; 寓言散文詩; 靈性文學","原文已與source_text_url所列文本核對，忽略排版空白及標點差異；保留摘句邊界。護老者情境配對屬編輯判斷，並非原作者的臨床建議。 說話者為作品人物Almustafa，並非作者訪談。 希望與安慰屬文學表達，不是對病情、關係或情緒恢復時間的保證。","2026-09-21"
"HCQ0014","C07","好難過，想喊","容許悲傷、表達失落、溫柔陪伴","不催促振作或放下；哀傷可被承接，喪親內容只在適合情境使用。","English","Into each life some rain must fall, Some days must be dark and dreary.","Into each life some rain must fall, Some days must be dark and dreary.","每個人的生命都會遇上雨，有些日子難免灰暗而沉鬱。","Henry Wadsworth Longfellow","亨利・沃茲沃思・朗費羅","詩中抒情者","The Complete Poetical Works of Henry Wadsworth Longfellow","The Rainy Day","https://www.gutenberg.org/ebooks/1365","https://www.gutenberg.org/cache/epub/1365/pg1365.txt","19世紀（各詩篇年份不同）","1882","Hong Kong","Public domain original — research assessment","原作者卒於1882年，已超過香港文學作品一般作者身後50年的保護期；只取歷史原文，不含現代譯文、編者註解或版面。","https://www.ip.gov.hk/en/types-of-ip/copyright/duration-of-copyright/index.html","https://www.gutenberg.org/ebooks/1365","英文保留來源摘句；繁體中文為2026-09-21獨立新譯，以香港讀者易讀的白話表達，未把護老者情境加進引文本身。","護老者; 文學陪伴; C07; 好難過，想喊; 文學／哲思","原文已與source_text_url所列文本核對，忽略排版空白及標點差異；保留摘句邊界。護老者情境配對屬編輯判斷，並非原作者的臨床建議。","2026-09-21"
"HCQ0078","C07","好難過，想喊","容許悲傷、表達失落、溫柔陪伴","不催促振作或放下；哀傷可被承接，喪親內容只在適合情境使用。","English","For every heart best knoweth its own loss.","For every heart best knoweth its own loss.","每一顆心，都最清楚自己失去了甚麼。","Henry Wadsworth Longfellow","亨利・沃茲沃思・朗費羅","詩中抒情者","The Complete Poetical Works of Henry Wadsworth Longfellow","Morituri Salutamus","https://www.gutenberg.org/ebooks/1365","https://www.gutenberg.org/cache/epub/1365/pg1365.txt","19世紀（各詩篇年份不同）","1882","Hong Kong","Public domain original — research assessment","原作者卒於1882年，已超過香港文學作品一般作者身後50年的保護期；只取歷史原文，不含現代譯文、編者註解或版面。","https://www.ip.gov.hk/en/types-of-ip/copyright/duration-of-copyright/index.html","https://www.gutenberg.org/ebooks/1365","英文保留來源摘句；繁體中文為2026-09-21獨立新譯，以香港讀者易讀的白話表達，未把護老者情境加進引文本身。","護老者; 文學陪伴; C07; 好難過，想喊; 文學／哲思","原文已與source_text_url所列文本核對，忽略排版空白及標點差異；保留摘句邊界。護老者情境配對屬編輯判斷，並非原作者的臨床建議。","2026-09-21"
"HCQ0125","C07","好難過，想喊","容許悲傷、表達失落、溫柔陪伴","不催促振作或放下；哀傷可被承接，喪親內容只在適合情境使用。","English","We will be patient, and assuage the feeling We may not wholly stay; By silence sanctifying, not concealing, The grief that must have way.","We will be patient, and assuage the feeling We may not wholly stay; By silence sanctifying, not concealing, The grief that must have way.","我們會耐心安撫那些無法完全止住的感受；以沉默尊重悲傷，而非掩藏它，讓它有路可走。","Henry Wadsworth Longfellow","亨利・沃茲沃思・朗費羅","詩中抒情者","The Complete Poetical Works of Henry Wadsworth Longfellow","Resignation","https://www.gutenberg.org/ebooks/1365","https://www.gutenberg.org/cache/epub/1365/pg1365.txt","19世紀（各詩篇年份不同）","1882","Hong Kong","Public domain original — research assessment","原作者卒於1882年，已超過香港文學作品一般作者身後50年的保護期；只取歷史原文，不含現代譯文、編者註解或版面。","https://www.ip.gov.hk/en/types-of-ip/copyright/duration-of-copyright/index.html","https://www.gutenberg.org/ebooks/1365","英文保留來源摘句；繁體中文為2026-09-21獨立新譯，以香港讀者易讀的白話表達，未把護老者情境加進引文本身。","護老者; 文學陪伴; C07; 好難過，想喊; 文學／哲思","原文已與source_text_url所列文本核對，忽略排版空白及標點差異；保留摘句邊界。護老者情境配對屬編輯判斷，並非原作者的臨床建議。","2026-09-21"
"HCQ0152","C07","好難過，想喊","容許悲傷、表達失落、溫柔陪伴","不催促振作或放下；哀傷可被承接，喪親內容只在適合情境使用。","English（公版英譯來源；古代經文原語非英語）","a time to weep, and a time to laugh; a time to mourn, and a time to dance;","a time to weep, and a time to laugh; a time to mourn, and a time to dance;","有哭泣的時候，也有歡笑的時候；有哀傷的時候，也有起舞的時候。","Qoheleth; traditionally associated with Solomon","傳道者（傳統與所羅門相關）","傳道者（傳統與所羅門相關）","The Holy Bible — Ecclesiastes／《聖經·傳道書》（World English Bible, engwebp）","Ecclesiastes 3:4／傳道書 3:4","https://ebible.org/engwebp/ECC03.htm#V4","https://ebible.org/engwebp/ECC03.htm#V4","古代經文；World English Bible 2020 stable text edition（engwebp；2026-09-21核對）","古代作者；現代英譯依出版方公版聲明，不以譯者死亡年限判斷","Hong Kong","Public domain dedication — publisher statement; Hong Kong use assessment","古代聖經文本；所用World English Bible英譯由出版方明確獻予公有領域，並允許複製、分發、出售及引用；不是依賴現代譯者死亡年限。繁體中文為本次由此英譯新譯，並非WEB官方中文版。","https://ebible.org/engwebp/copyright.htm","https://ebible.org/engwebp/copyright.htm","原文及英文欄為World English Bible英譯，並非古代原語；繁體中文為2026-09-21獨立新譯，非WEB官方中文版。","護老者; 文學陪伴; C07; 好難過，想喊; 基督宗教; faith:christian","原文已與source_text_url所列文本核對，忽略排版空白及標點差異；保留摘句邊界。護老者情境配對屬編輯判斷，並非原作者的臨床建議。 宗教來源已標籤，宜依使用者意願顯示；不把信仰教導當成必須遵守的要求。","2026-09-21"
"HCQ0030","C07","好難過，想喊","容許悲傷、表達失落、溫柔陪伴","不催促振作或放下；哀傷可被承接，喪親內容只在適合情境使用。","English（公版英譯來源；古代經文原語非英語）","Rejoice with those who rejoice. Weep with those who weep.","Rejoice with those who rejoice. Weep with those who weep.","與歡喜的人一起歡喜，與哭泣的人一起哭泣。","Paul (traditional attribution)","保羅（傳統歸屬）","保羅（傳統歸屬）","The Holy Bible — Romans／《聖經·羅馬書》（World English Bible, engwebp）","Romans 12:15／羅馬書 12:15","https://ebible.org/engwebp/ROM12.htm#V15","https://ebible.org/engwebp/ROM12.htm#V15","古代經文；World English Bible 2020 stable text edition（engwebp；2026-09-21核對）","古代作者；現代英譯依出版方公版聲明，不以譯者死亡年限判斷","Hong Kong","Public domain dedication — publisher statement; Hong Kong use assessment","古代聖經文本；所用World English Bible英譯由出版方明確獻予公有領域，並允許複製、分發、出售及引用；不是依賴現代譯者死亡年限。繁體中文為本次由此英譯新譯，並非WEB官方中文版。","https://ebible.org/engwebp/copyright.htm","https://ebible.org/engwebp/copyright.htm","原文及英文欄為World English Bible英譯，並非古代原語；繁體中文為2026-09-21獨立新譯，非WEB官方中文版。","護老者; 文學陪伴; C07; 好難過，想喊; 基督宗教; faith:christian","原文已與source_text_url所列文本核對，忽略排版空白及標點差異；保留摘句邊界。護老者情境配對屬編輯判斷，並非原作者的臨床建議。 宗教來源已標籤，宜依使用者意願顯示；不把信仰教導當成必須遵守的要求。","2026-09-21"
"HCQ0143","C07","好難過，想喊","容許悲傷、表達失落、溫柔陪伴","不催促振作或放下；哀傷可被承接，喪親內容只在適合情境使用。","English","And you would accept the seasons of your heart, even as you have always accepted the seasons that pass over your fields.","And you would accept the seasons of your heart, even as you have always accepted the seasons that pass over your fields.","接納心裏的四季，就像你一直容許田野走過不同季節。","Kahlil Gibran","紀伯倫","Almustafa／阿爾穆斯塔法（作品人物）","The Prophet／《先知》","On Pain","https://www.gutenberg.org/ebooks/58585","https://www.gutenberg.org/cache/epub/58585/pg58585.txt","1923","1931","Hong Kong","Public domain original — research assessment","原作者卒於1931年，已超過香港文學作品一般作者身後50年的保護期；只取歷史原文，不含現代譯文、編者註解或版面。","https://www.ip.gov.hk/en/types-of-ip/copyright/duration-of-copyright/index.html","https://www.gutenberg.org/ebooks/58585","英文保留來源摘句；繁體中文為2026-09-21獨立新譯，以香港讀者易讀的白話表達，未把護老者情境加進引文本身。","護老者; 文學陪伴; C07; 好難過，想喊; 寓言散文詩; 靈性文學","原文已與source_text_url所列文本核對，忽略排版空白及標點差異；保留摘句邊界。護老者情境配對屬編輯判斷，並非原作者的臨床建議。 說話者為作品人物Almustafa，並非作者訪談。","2026-09-21"
"HCQ0058","C07","好難過，想喊","容許悲傷、表達失落、溫柔陪伴","不催促振作或放下；哀傷可被承接，喪親內容只在適合情境使用。","English","And you would watch with serenity through the winters of your grief.","And you would watch with serenity through the winters of your grief.","你也會平靜地守候，度過悲傷的冬季。","Kahlil Gibran","紀伯倫","Almustafa／阿爾穆斯塔法（作品人物）","The Prophet／《先知》","On Pain","https://www.gutenberg.org/ebooks/58585","https://www.gutenberg.org/cache/epub/58585/pg58585.txt","1923","1931","Hong Kong","Public domain original — research assessment","原作者卒於1931年，已超過香港文學作品一般作者身後50年的保護期；只取歷史原文，不含現代譯文、編者註解或版面。","https://www.ip.gov.hk/en/types-of-ip/copyright/duration-of-copyright/index.html","https://www.gutenberg.org/ebooks/58585","英文保留來源摘句；繁體中文為2026-09-21獨立新譯，以香港讀者易讀的白話表達，未把護老者情境加進引文本身。","護老者; 文學陪伴; C07; 好難過，想喊; 寓言散文詩; 靈性文學","原文已與source_text_url所列文本核對，忽略排版空白及標點差異；保留摘句邊界。護老者情境配對屬編輯判斷，並非原作者的臨床建議。 說話者為作品人物Almustafa，並非作者訪談。 希望與安慰屬文學表達，不是對病情、關係或情緒恢復時間的保證。","2026-09-21"
"HCQ0142","C07","好難過，想喊","容許悲傷、表達失落、溫柔陪伴","不催促振作或放下；哀傷可被承接，喪親內容只在適合情境使用。","English","And the selfsame well from which your laughter rises was oftentimes filled with your tears.","And the selfsame well from which your laughter rises was oftentimes filled with your tears.","你笑聲湧出的那口井，也曾盛滿你的眼淚。","Kahlil Gibran","紀伯倫","Almustafa／阿爾穆斯塔法（作品人物）","The Prophet／《先知》","On Joy and Sorrow","https://www.gutenberg.org/ebooks/58585","https://www.gutenberg.org/cache/epub/58585/pg58585.txt","1923","1931","Hong Kong","Public domain original — research assessment","原作者卒於1931年，已超過香港文學作品一般作者身後50年的保護期；只取歷史原文，不含現代譯文、編者註解或版面。","https://www.ip.gov.hk/en/types-of-ip/copyright/duration-of-copyright/index.html","https://www.gutenberg.org/ebooks/58585","英文保留來源摘句；繁體中文為2026-09-21獨立新譯，以香港讀者易讀的白話表達，未把護老者情境加進引文本身。","護老者; 文學陪伴; C07; 好難過，想喊; 寓言散文詩; 靈性文學","原文已與source_text_url所列文本核對，忽略排版空白及標點差異；保留摘句邊界。護老者情境配對屬編輯判斷，並非原作者的臨床建議。 說話者為作品人物Almustafa，並非作者訪談。","2026-09-21"
"HCQ0145","C07","好難過，想喊","容許悲傷、表達失落、溫柔陪伴","不催促振作或放下；哀傷可被承接，喪親內容只在適合情境使用。","English","When you are sorrowful look again in your heart, and you shall see that in truth you are weeping for that which has been your delight.","When you are sorrowful look again in your heart, and you shall see that in truth you are weeping for that which has been your delight.","悲傷時，再看看自己的心；你會發現，自己正為曾帶來喜悅的事物落淚。","Kahlil Gibran","紀伯倫","Almustafa／阿爾穆斯塔法（作品人物）","The Prophet／《先知》","On Joy and Sorrow","https://www.gutenberg.org/ebooks/58585","https://www.gutenberg.org/cache/epub/58585/pg58585.txt","1923","1931","Hong Kong","Public domain original — research assessment","原作者卒於1931年，已超過香港文學作品一般作者身後50年的保護期；只取歷史原文，不含現代譯文、編者註解或版面。","https://www.ip.gov.hk/en/types-of-ip/copyright/duration-of-copyright/index.html","https://www.gutenberg.org/ebooks/58585","英文保留來源摘句；繁體中文為2026-09-21獨立新譯，以香港讀者易讀的白話表達，未把護老者情境加進引文本身。","護老者; 文學陪伴; C07; 好難過，想喊; 寓言散文詩; 靈性文學; 離別／失落; context:separation","原文已與source_text_url所列文本核對，忽略排版空白及標點差異；保留摘句邊界。護老者情境配對屬編輯判斷，並非原作者的臨床建議。 說話者為作品人物Almustafa，並非作者訪談。 涉及離別與回憶，不預設讀者已喪親。","2026-09-21"
"HCQ0036","C07","好難過，想喊","容許悲傷、表達失落、溫柔陪伴","不催促振作或放下；哀傷可被承接，喪親內容只在適合情境使用。","English","And ever has it been that love knows not its own depth until the hour of separation.","And ever has it been that love knows not its own depth until the hour of separation.","愛往往到了分離的一刻，才知道自己有多深。","Kahlil Gibran","紀伯倫","Orphalese的祭司與女祭司（作品人物）","The Prophet／《先知》","The Coming of the Ship","https://www.gutenberg.org/ebooks/58585","https://www.gutenberg.org/cache/epub/58585/pg58585.txt","1923","1931","Hong Kong","Public domain original — research assessment","原作者卒於1931年，已超過香港文學作品一般作者身後50年的保護期；只取歷史原文，不含現代譯文、編者註解或版面。","https://www.ip.gov.hk/en/types-of-ip/copyright/duration-of-copyright/index.html","https://www.gutenberg.org/ebooks/58585","英文保留來源摘句；繁體中文為2026-09-21獨立新譯，以香港讀者易讀的白話表達，未把護老者情境加進引文本身。","護老者; 文學陪伴; C07; 好難過，想喊; 寓言散文詩; 靈性文學; 離別／失落; context:separation","原文已與source_text_url所列文本核對，忽略排版空白及標點差異；保留摘句邊界。護老者情境配對屬編輯判斷，並非原作者的臨床建議。 說話者為作品人物Almustafa，並非作者訪談。 涉及離別與回憶，不預設讀者已喪親。","2026-09-21"
"HCQ0140","C07","好難過，想喊","容許悲傷、表達失落、溫柔陪伴","不催促振作或放下；哀傷可被承接，喪親內容只在適合情境使用。","English","For that which you love most in him may be clearer in his absence, as the mountain to the climber is clearer from the plain.","For that which you love most in him may be clearer in his absence, as the mountain to the climber is clearer from the plain.","朋友不在身旁時，你最珍愛他的地方，或許看得更清楚；就像登山的人回到平地，反而更看清山的模樣。","Kahlil Gibran","紀伯倫","Almustafa／阿爾穆斯塔法（作品人物）","The Prophet／《先知》","On Friendship","https://www.gutenberg.org/ebooks/58585","https://www.gutenberg.org/cache/epub/58585/pg58585.txt","1923","1931","Hong Kong","Public domain original — research assessment","原作者卒於1931年，已超過香港文學作品一般作者身後50年的保護期；只取歷史原文，不含現代譯文、編者註解或版面。","https://www.ip.gov.hk/en/types-of-ip/copyright/duration-of-copyright/index.html","https://www.gutenberg.org/ebooks/58585","英文保留來源摘句；繁體中文為2026-09-21獨立新譯，以香港讀者易讀的白話表達，未把護老者情境加進引文本身。","護老者; 文學陪伴; C07; 好難過，想喊; 寓言散文詩; 靈性文學; 離別／失落; context:separation","原文已與source_text_url所列文本核對，忽略排版空白及標點差異；保留摘句邊界。護老者情境配對屬編輯判斷，並非原作者的臨床建議。 說話者為作品人物Almustafa，並非作者訪談。 涉及離別與回憶，不預設讀者已喪親。","2026-09-21"
"HCQ0050","C07","好難過，想喊","容許悲傷、表達失落、溫柔陪伴","不催促振作或放下；哀傷可被承接，喪親內容只在適合情境使用。","English","If in the twilight of memory we should meet once more, we shall speak again together and you shall sing to me a deeper song.","If in the twilight of memory we should meet once more, we shall speak again together and you shall sing to me a deeper song.","若我們在回憶的暮色裏再次相遇，便再一起說話，讓你為我唱一首更深的歌。","Kahlil Gibran","紀伯倫","Almustafa／阿爾穆斯塔法（作品人物）","The Prophet／《先知》","The Farewell","https://www.gutenberg.org/ebooks/58585","https://www.gutenberg.org/cache/epub/58585/pg58585.txt","1923","1931","Hong Kong","Public domain original — research assessment","原作者卒於1931年，已超過香港文學作品一般作者身後50年的保護期；只取歷史原文，不含現代譯文、編者註解或版面。","https://www.ip.gov.hk/en/types-of-ip/copyright/duration-of-copyright/index.html","https://www.gutenberg.org/ebooks/58585","英文保留來源摘句；繁體中文為2026-09-21獨立新譯，以香港讀者易讀的白話表達，未把護老者情境加進引文本身。","護老者; 文學陪伴; C07; 好難過，想喊; 寓言散文詩; 靈性文學; 喪親情境; context:bereavement","原文已與source_text_url所列文本核對，忽略排版空白及標點差異；保留摘句邊界。護老者情境配對屬編輯判斷，並非原作者的臨床建議。 說話者為作品人物Almustafa，並非作者訪談。 涉及死亡或喪親，只供適合此情境的使用者選讀。","2026-09-21"
"HCQ0012","C07","好難過，想喊","容許悲傷、表達失落、溫柔陪伴","不催促振作或放下；哀傷可被承接，喪親內容只在適合情境使用。","English","Thus do we walk with her, and keep unbroken The bond which nature gives, Thinking that our remembrance, though unspoken, May reach her where she lives.","Thus do we walk with her, and keep unbroken The bond which nature gives, Thinking that our remembrance, though unspoken, May reach her where she lives.","我們就這樣與她同行，守住天性賦予的連繫；相信那些未曾說出口的思念，也能抵達她所在的地方。","Henry Wadsworth Longfellow","亨利・沃茲沃思・朗費羅","詩中抒情者","The Complete Poetical Works of Henry Wadsworth Longfellow","Resignation","https://www.gutenberg.org/ebooks/1365","https://www.gutenberg.org/cache/epub/1365/pg1365.txt","19世紀（各詩篇年份不同）","1882","Hong Kong","Public domain original — research assessment","原作者卒於1882年，已超過香港文學作品一般作者身後50年的保護期；只取歷史原文，不含現代譯文、編者註解或版面。","https://www.ip.gov.hk/en/types-of-ip/copyright/duration-of-copyright/index.html","https://www.gutenberg.org/ebooks/1365","英文保留來源摘句；繁體中文為2026-09-21獨立新譯，以香港讀者易讀的白話表達，未把護老者情境加進引文本身。","護老者; 文學陪伴; C07; 好難過，想喊; 文學／哲思; 喪親情境; context:bereavement","原文已與source_text_url所列文本核對，忽略排版空白及標點差異；保留摘句邊界。護老者情境配對屬編輯判斷，並非原作者的臨床建議。 涉及死亡或喪親，只供適合此情境的使用者選讀。","2026-09-21"
"HCQ0071","C07","好難過，想喊","容許悲傷、表達失落、溫柔陪伴","不催促振作或放下；哀傷可被承接，喪親內容只在適合情境使用。","English","There is no fireside, howsoe'er defended, But has one vacant chair!","There is no fireside, howsoe'er defended, But has one vacant chair!","不管一個家守護得多周全，爐邊總會有一張空下來的椅子。","Henry Wadsworth Longfellow","亨利・沃茲沃思・朗費羅","詩中抒情者","The Complete Poetical Works of Henry Wadsworth Longfellow","Resignation","https://www.gutenberg.org/ebooks/1365","https://www.gutenberg.org/cache/epub/1365/pg1365.txt","19世紀（各詩篇年份不同）","1882","Hong Kong","Public domain original — research assessment","原作者卒於1882年，已超過香港文學作品一般作者身後50年的保護期；只取歷史原文，不含現代譯文、編者註解或版面。","https://www.ip.gov.hk/en/types-of-ip/copyright/duration-of-copyright/index.html","https://www.gutenberg.org/ebooks/1365","英文保留來源摘句；繁體中文為2026-09-21獨立新譯，以香港讀者易讀的白話表達，未把護老者情境加進引文本身。","護老者; 文學陪伴; C07; 好難過，想喊; 文學／哲思; 喪親情境; context:bereavement","原文已與source_text_url所列文本核對，忽略排版空白及標點差異；保留摘句邊界。護老者情境配對屬編輯判斷，並非原作者的臨床建議。 涉及死亡或喪親，只供適合此情境的使用者選讀。","2026-09-21"
"HCQ0002","C07","好難過，想喊","容許悲傷、表達失落、溫柔陪伴","不催促振作或放下；哀傷可被承接，喪親內容只在適合情境使用。","English","The bustle in a house The morning after death Is solemnest of industries Enacted upon earth,","The bustle in a house The morning after death Is solemnest of industries Enacted upon earth,","死亡過後的翌晨，屋內忙碌的收拾，是世間最莊嚴的勞作。","Emily Dickinson","艾蜜莉・狄金森","詩中抒情者","Poems by Emily Dickinson, Three Series","Series I — Time and Eternity XXII","https://www.gutenberg.org/ebooks/12242","https://www.gutenberg.org/cache/epub/12242/pg12242.txt","1890／1891／1896（早期編訂本）","1886","Hong Kong","Public domain original — research assessment","原作者卒於1886年，已超過香港文學作品一般作者身後50年的保護期；只取歷史原文，不含現代譯文、編者註解或版面。所用為19世紀已出版的早期編訂文本，不採1955或1998年現代校訂版本。","https://www.ip.gov.hk/en/types-of-ip/copyright/duration-of-copyright/index.html","https://www.gutenberg.org/ebooks/12242 ; https://www.emilydickinsonmuseum.org/roomitem/mabel-loomis-todd/","英文保留來源摘句；繁體中文為2026-09-21獨立新譯，以香港讀者易讀的白話表達，未把護老者情境加進引文本身。","護老者; 文學陪伴; C07; 好難過，想喊; 文學／哲思; 喪親情境; context:bereavement","原文已與source_text_url所列文本核對，忽略排版空白及標點差異；保留摘句邊界。護老者情境配對屬編輯判斷，並非原作者的臨床建議。 涉及死亡或喪親，只供適合此情境的使用者選讀。 使用19世紀已出版的早期編訂版本，並非現代手稿校訂本。","2026-09-21"
"HCQ0148","C07","好難過，想喊","容許悲傷、表達失落、溫柔陪伴","不催促振作或放下；哀傷可被承接，喪親內容只在適合情境使用。","English","There is simply the rose; it is perfect in every moment of its existence.","There is simply the rose; it is perfect in every moment of its existence.","眼前就是一朵玫瑰；在它存在的每一刻，都自有它的完整。","Ralph Waldo Emerson","拉爾夫・沃爾多・愛默生","拉爾夫・沃爾多・愛默生","Essays／《論文集》","Self-Reliance","https://www.gutenberg.org/ebooks/16643","https://www.gutenberg.org/cache/epub/16643/pg16643.txt","1841（所選文章）","1882","Hong Kong","Public domain original — research assessment","原作者卒於1882年，已超過香港文學作品一般作者身後50年的保護期；只取歷史原文，不含現代譯文、編者註解或版面。","https://www.ip.gov.hk/en/types-of-ip/copyright/duration-of-copyright/index.html","https://www.gutenberg.org/ebooks/16643","英文保留來源摘句；繁體中文為2026-09-21獨立新譯，以香港讀者易讀的白話表達，未把護老者情境加進引文本身。","護老者; 文學陪伴; C07; 好難過，想喊; 文學／哲思","原文已與source_text_url所列文本核對，忽略排版空白及標點差異；保留摘句邊界。護老者情境配對屬編輯判斷，並非原作者的臨床建議。","2026-09-21"
"HCQ0032","C07","好難過，想喊","容許悲傷、表達失落、溫柔陪伴","不催促振作或放下；哀傷可被承接，喪親內容只在適合情境使用。","English","O weary hearts! O slumbering eyes! O drooping souls, whose destinies Are fraught with fear and pain, Ye shall be loved again!","O weary hearts! O slumbering eyes! O drooping souls, whose destinies Are fraught with fear and pain, Ye shall be loved again!","疲倦的心、困乏的眼、被恐懼與痛苦壓低的靈魂啊，你們仍會再次被愛。","Henry Wadsworth Longfellow","亨利・沃茲沃思・朗費羅","詩中抒情者","The Complete Poetical Works of Henry Wadsworth Longfellow","Endymion","https://www.gutenberg.org/ebooks/1365","https://www.gutenberg.org/cache/epub/1365/pg1365.txt","19世紀（各詩篇年份不同）","1882","Hong Kong","Public domain original — research assessment","原作者卒於1882年，已超過香港文學作品一般作者身後50年的保護期；只取歷史原文，不含現代譯文、編者註解或版面。","https://www.ip.gov.hk/en/types-of-ip/copyright/duration-of-copyright/index.html","https://www.gutenberg.org/ebooks/1365","英文保留來源摘句；繁體中文為2026-09-21獨立新譯，以香港讀者易讀的白話表達，未把護老者情境加進引文本身。","護老者; 文學陪伴; C07; 好難過，想喊; 文學／哲思","原文已與source_text_url所列文本核對，忽略排版空白及標點差異；保留摘句邊界。護老者情境配對屬編輯判斷，並非原作者的臨床建議。 希望與安慰屬文學表達，不是對病情、關係或情緒恢復時間的保證。","2026-09-21"
"HCQ0063","C07","好難過，想喊","容許悲傷、表達失落、溫柔陪伴","不催促振作或放下；哀傷可被承接，喪親內容只在適合情境使用。","English","No one is so accursed by fate, No one so utterly desolate, But some heart, though unknown, Responds unto his own.","No one is so accursed by fate, No one so utterly desolate, But some heart, though unknown, Responds unto his own.","沒有誰會被命運遺棄到全然孤絕；總有一顆心，縱使尚未相識，也能回應他的心。","Henry Wadsworth Longfellow","亨利・沃茲沃思・朗費羅","詩中抒情者","The Complete Poetical Works of Henry Wadsworth Longfellow","Endymion","https://www.gutenberg.org/ebooks/1365","https://www.gutenberg.org/cache/epub/1365/pg1365.txt","19世紀（各詩篇年份不同）","1882","Hong Kong","Public domain original — research assessment","原作者卒於1882年，已超過香港文學作品一般作者身後50年的保護期；只取歷史原文，不含現代譯文、編者註解或版面。","https://www.ip.gov.hk/en/types-of-ip/copyright/duration-of-copyright/index.html","https://www.gutenberg.org/ebooks/1365","英文保留來源摘句；繁體中文為2026-09-21獨立新譯，以香港讀者易讀的白話表達，未把護老者情境加進引文本身。","護老者; 文學陪伴; C07; 好難過，想喊; 文學／哲思","原文已與source_text_url所列文本核對，忽略排版空白及標點差異；保留摘句邊界。護老者情境配對屬編輯判斷，並非原作者的臨床建議。 希望與安慰屬文學表達，不是對病情、關係或情緒恢復時間的保證。","2026-09-21"
"HCQ0137","C07","好難過，想喊","容許悲傷、表達失落、溫柔陪伴","不催促振作或放下；哀傷可被承接，喪親內容只在適合情境使用。","English","A friend is a person with whom I may be sincere.","A friend is a person with whom I may be sincere.","朋友，是讓我能夠真誠相待的人。","Ralph Waldo Emerson","拉爾夫・沃爾多・愛默生","拉爾夫・沃爾多・愛默生","Essays／《論文集》","Friendship","https://www.gutenberg.org/ebooks/16643","https://www.gutenberg.org/cache/epub/16643/pg16643.txt","1841（所選文章）","1882","Hong Kong","Public domain original — research assessment","原作者卒於1882年，已超過香港文學作品一般作者身後50年的保護期；只取歷史原文，不含現代譯文、編者註解或版面。","https://www.ip.gov.hk/en/types-of-ip/copyright/duration-of-copyright/index.html","https://www.gutenberg.org/ebooks/16643","英文保留來源摘句；繁體中文為2026-09-21獨立新譯，以香港讀者易讀的白話表達，未把護老者情境加進引文本身。","護老者; 文學陪伴; C07; 好難過，想喊; 文學／哲思","原文已與source_text_url所列文本核對，忽略排版空白及標點差異；保留摘句邊界。護老者情境配對屬編輯判斷，並非原作者的臨床建議。","2026-09-21"
"HCQ0056","C07","好難過，想喊","容許悲傷、表達失落、溫柔陪伴","不催促振作或放下；哀傷可被承接，喪親內容只在適合情境使用。","English","Camerado, I give you my hand! I give you my love more precious than money,","Camerado, I give you my hand! I give you my love more precious than money,","朋友，我向你伸出手，也把比金錢更珍貴的愛送給你。","Walt Whitman","華特・惠特曼","詩中抒情者","Leaves of Grass／《草葉集》","Song of the Open Road, 15","https://www.gutenberg.org/ebooks/1322","https://www.gutenberg.org/cache/epub/1322/pg1322.txt","1855–1892（多次增訂）","1892","Hong Kong","Public domain original — research assessment","原作者卒於1892年，已超過香港文學作品一般作者身後50年的保護期；只取歷史原文，不含現代譯文、編者註解或版面。","https://www.ip.gov.hk/en/types-of-ip/copyright/duration-of-copyright/index.html","https://www.gutenberg.org/ebooks/1322","英文保留來源摘句；繁體中文為2026-09-21獨立新譯，以香港讀者易讀的白話表達，未把護老者情境加進引文本身。","護老者; 文學陪伴; C07; 好難過，想喊; 文學／哲思","原文已與source_text_url所列文本核對，忽略排版空白及標點差異；保留摘句邊界。護老者情境配對屬編輯判斷，並非原作者的臨床建議。","2026-09-21"
"HCQ0100","C07","好難過，想喊","容許悲傷、表達失落、溫柔陪伴","不催促振作或放下；哀傷可被承接，喪親內容只在適合情境使用。","English","And when he is silent your heart ceases not to listen to his heart;","And when he is silent your heart ceases not to listen to his heart;","即使他沉默，你的心也沒有停止聆聽他的心。","Kahlil Gibran","紀伯倫","Almustafa／阿爾穆斯塔法（作品人物）","The Prophet／《先知》","On Friendship","https://www.gutenberg.org/ebooks/58585","https://www.gutenberg.org/cache/epub/58585/pg58585.txt","1923","1931","Hong Kong","Public domain original — research assessment","原作者卒於1931年，已超過香港文學作品一般作者身後50年的保護期；只取歷史原文，不含現代譯文、編者註解或版面。","https://www.ip.gov.hk/en/types-of-ip/copyright/duration-of-copyright/index.html","https://www.gutenberg.org/ebooks/58585","英文保留來源摘句；繁體中文為2026-09-21獨立新譯，以香港讀者易讀的白話表達，未把護老者情境加進引文本身。","護老者; 文學陪伴; C07; 好難過，想喊; 寓言散文詩; 靈性文學","原文已與source_text_url所列文本核對，忽略排版空白及標點差異；保留摘句邊界。護老者情境配對屬編輯判斷，並非原作者的臨床建議。 說話者為作品人物Almustafa，並非作者訪談。","2026-09-21"
"HCQ0147","C07","好難過，想喊","容許悲傷、表達失落、溫柔陪伴","不催促振作或放下；哀傷可被承接，喪親內容只在適合情境使用。","English","Was it I who spoke? Was I not also a listener?","Was it I who spoke? Was I not also a listener?","剛才說話的是我嗎？我不也是一個聆聽的人嗎？","Kahlil Gibran","紀伯倫","Almustafa／阿爾穆斯塔法（作品人物）","The Prophet／《先知》","The Farewell","https://www.gutenberg.org/ebooks/58585","https://www.gutenberg.org/cache/epub/58585/pg58585.txt","1923","1931","Hong Kong","Public domain original — research assessment","原作者卒於1931年，已超過香港文學作品一般作者身後50年的保護期；只取歷史原文，不含現代譯文、編者註解或版面。","https://www.ip.gov.hk/en/types-of-ip/copyright/duration-of-copyright/index.html","https://www.gutenberg.org/ebooks/58585","英文保留來源摘句；繁體中文為2026-09-21獨立新譯，以香港讀者易讀的白話表達，未把護老者情境加進引文本身。","護老者; 文學陪伴; C07; 好難過，想喊; 寓言散文詩; 靈性文學","原文已與source_text_url所列文本核對，忽略排版空白及標點差異；保留摘句邊界。護老者情境配對屬編輯判斷，並非原作者的臨床建議。 說話者為作品人物Almustafa，並非作者訪談。","2026-09-21"
"HCQ0082","C07","好難過，想喊","容許悲傷、表達失落、溫柔陪伴","不催促振作或放下；哀傷可被承接，喪親內容只在適合情境使用。","English","Sit a while dear son, Here are biscuits to eat and here is milk to drink,","Sit a while dear son, Here are biscuits to eat and here is milk to drink,","親愛的孩子，坐一會吧。這裏有餅乾可以吃，也有牛奶可以喝。","Walt Whitman","華特・惠特曼","詩中抒情者","Leaves of Grass／《草葉集》","Song of Myself, 46","https://www.gutenberg.org/ebooks/1322","https://www.gutenberg.org/cache/epub/1322/pg1322.txt","1855–1892（多次增訂）","1892","Hong Kong","Public domain original — research assessment","原作者卒於1892年，已超過香港文學作品一般作者身後50年的保護期；只取歷史原文，不含現代譯文、編者註解或版面。","https://www.ip.gov.hk/en/types-of-ip/copyright/duration-of-copyright/index.html","https://www.gutenberg.org/ebooks/1322","英文保留來源摘句；繁體中文為2026-09-21獨立新譯，以香港讀者易讀的白話表達，未把護老者情境加進引文本身。","護老者; 文學陪伴; C07; 好難過，想喊; 文學／哲思","原文已與source_text_url所列文本核對，忽略排版空白及標點差異；保留摘句邊界。護老者情境配對屬編輯判斷，並非原作者的臨床建議。","2026-09-21"
"HCQ0075","C07","好難過，想喊","容許悲傷、表達失落、溫柔陪伴","不催促振作或放下；哀傷可被承接，喪親內容只在適合情境使用。","English","Come, read to me some poem, Some simple and heartfelt lay, That shall soothe this restless feeling, And banish the thoughts of day.","Come, read to me some poem, Some simple and heartfelt lay, That shall soothe this restless feeling, And banish the thoughts of day.","來，為我讀一首詩吧，一首簡單而真摯的歌，安撫這份不安，讓白天的思緒歇下。","Henry Wadsworth Longfellow","亨利・沃茲沃思・朗費羅","詩中抒情者","The Complete Poetical Works of Henry Wadsworth Longfellow","The Day Is Done","https://www.gutenberg.org/ebooks/1365","https://www.gutenberg.org/cache/epub/1365/pg1365.txt","19世紀（各詩篇年份不同）","1882","Hong Kong","Public domain original — research assessment","原作者卒於1882年，已超過香港文學作品一般作者身後50年的保護期；只取歷史原文，不含現代譯文、編者註解或版面。","https://www.ip.gov.hk/en/types-of-ip/copyright/duration-of-copyright/index.html","https://www.gutenberg.org/ebooks/1365","英文保留來源摘句；繁體中文為2026-09-21獨立新譯，以香港讀者易讀的白話表達，未把護老者情境加進引文本身。","護老者; 文學陪伴; C07; 好難過，想喊; 文學／哲思","原文已與source_text_url所列文本核對，忽略排版空白及標點差異；保留摘句邊界。護老者情境配對屬編輯判斷，並非原作者的臨床建議。","2026-09-21"
"HCQ0028","C07","好難過，想喊","容許悲傷、表達失落、溫柔陪伴","不催促振作或放下；哀傷可被承接，喪親內容只在適合情境使用。","English","And the night shall be filled with music And the cares, that infest the day, Shall fold their tents, like the Arabs, And as silently steal away.","And the night shall be filled with music And the cares, that infest the day, Shall fold their tents, like the Arabs, And as silently steal away.","夜裏將充滿音樂；白天纏繞的煩憂，會像阿拉伯旅人收起帳篷那樣，悄悄離去。","Henry Wadsworth Longfellow","亨利・沃茲沃思・朗費羅","詩中抒情者","The Complete Poetical Works of Henry Wadsworth Longfellow","The Day Is Done","https://www.gutenberg.org/ebooks/1365","https://www.gutenberg.org/cache/epub/1365/pg1365.txt","19世紀（各詩篇年份不同）","1882","Hong Kong","Public domain original — research assessment","原作者卒於1882年，已超過香港文學作品一般作者身後50年的保護期；只取歷史原文，不含現代譯文、編者註解或版面。","https://www.ip.gov.hk/en/types-of-ip/copyright/duration-of-copyright/index.html","https://www.gutenberg.org/ebooks/1365","英文保留來源摘句；繁體中文為2026-09-21獨立新譯，以香港讀者易讀的白話表達，未把護老者情境加進引文本身。","護老者; 文學陪伴; C07; 好難過，想喊; 文學／哲思","原文已與source_text_url所列文本核對，忽略排版空白及標點差異；保留摘句邊界。護老者情境配對屬編輯判斷，並非原作者的臨床建議。 原詩使用阿拉伯旅人收起帳篷的比喻。","2026-09-21"
"HCQ0159","C07","好難過，想喊","容許悲傷、表達失落、溫柔陪伴","不催促振作或放下；哀傷可被承接，喪親內容只在適合情境使用。","English","If you tire, give me both burdens, and rest the chuff of your hand on my hip, And in due time you shall repay the same service to me,","If you tire, give me both burdens, and rest the chuff of your hand on my hip, And in due time you shall repay the same service to me,","你若累了，就把兩份行李都交給我，將手掌靠在我的腰旁歇一歇；到了合適的時候，你也可以這樣幫助我。","Walt Whitman","華特・惠特曼","詩中抒情者","Leaves of Grass／《草葉集》","Song of Myself, 46","https://www.gutenberg.org/ebooks/1322","https://www.gutenberg.org/cache/epub/1322/pg1322.txt","1855–1892（多次增訂）","1892","Hong Kong","Public domain original — research assessment","原作者卒於1892年，已超過香港文學作品一般作者身後50年的保護期；只取歷史原文，不含現代譯文、編者註解或版面。","https://www.ip.gov.hk/en/types-of-ip/copyright/duration-of-copyright/index.html","https://www.gutenberg.org/ebooks/1322","英文保留來源摘句；繁體中文為2026-09-21獨立新譯，以香港讀者易讀的白話表達，未把護老者情境加進引文本身。","護老者; 文學陪伴; C07; 好難過，想喊; 文學／哲思","原文已與source_text_url所列文本核對，忽略排版空白及標點差異；保留摘句邊界。護老者情境配對屬編輯判斷，並非原作者的臨床建議。 互助的文學描寫；求助不以日後有能力回報為前提。","2026-09-21"
"HCQ0119","C07","好難過，想喊","容許悲傷、表達失落、溫柔陪伴","不催促振作或放下；哀傷可被承接，喪親內容只在適合情境使用。","English（公版英譯來源；古代經文原語非英語）","For if they fall, the one will lift up his fellow;","For if they fall, the one will lift up his fellow;","若其中一人跌倒，另一人可以把同伴扶起。","Qoheleth; traditionally associated with Solomon","傳道者（傳統與所羅門相關）","傳道者（傳統與所羅門相關）","The Holy Bible — Ecclesiastes／《聖經·傳道書》（World English Bible, engwebp）","Ecclesiastes 4:10／傳道書 4:10（節錄）","https://ebible.org/engwebp/ECC04.htm#V10","https://ebible.org/engwebp/ECC04.htm#V10","古代經文；World English Bible 2020 stable text edition（engwebp；2026-09-21核對）","古代作者；現代英譯依出版方公版聲明，不以譯者死亡年限判斷","Hong Kong","Public domain dedication — publisher statement; Hong Kong use assessment","古代聖經文本；所用World English Bible英譯由出版方明確獻予公有領域，並允許複製、分發、出售及引用；不是依賴現代譯者死亡年限。繁體中文為本次由此英譯新譯，並非WEB官方中文版。","https://ebible.org/engwebp/copyright.htm","https://ebible.org/engwebp/copyright.htm","原文及英文欄為World English Bible英譯，並非古代原語；繁體中文為2026-09-21獨立新譯，非WEB官方中文版。","護老者; 文學陪伴; C07; 好難過，想喊; 基督宗教; faith:christian","原文已與source_text_url所列文本核對，忽略排版空白及標點差異；保留摘句邊界。護老者情境配對屬編輯判斷，並非原作者的臨床建議。 宗教來源已標籤，宜依使用者意願顯示；不把信仰教導當成必須遵守的要求。","2026-09-21"
"HCQ0138","C07","好難過，想喊","容許悲傷、表達失落、溫柔陪伴","不催促振作或放下；哀傷可被承接，喪親內容只在適合情境使用。","English（公版英譯來源；古代經文原語非英語）","Two are better than one, because they have a good reward for their labor.","Two are better than one, because they have a good reward for their labor.","兩個人比一個人好，因為彼此的勞作能有美好的成果。","Qoheleth; traditionally associated with Solomon","傳道者（傳統與所羅門相關）","傳道者（傳統與所羅門相關）","The Holy Bible — Ecclesiastes／《聖經·傳道書》（World English Bible, engwebp）","Ecclesiastes 4:9／傳道書 4:9","https://ebible.org/engwebp/ECC04.htm#V9","https://ebible.org/engwebp/ECC04.htm#V9","古代經文；World English Bible 2020 stable text edition（engwebp；2026-09-21核對）","古代作者；現代英譯依出版方公版聲明，不以譯者死亡年限判斷","Hong Kong","Public domain dedication — publisher statement; Hong Kong use assessment","古代聖經文本；所用World English Bible英譯由出版方明確獻予公有領域，並允許複製、分發、出售及引用；不是依賴現代譯者死亡年限。繁體中文為本次由此英譯新譯，並非WEB官方中文版。","https://ebible.org/engwebp/copyright.htm","https://ebible.org/engwebp/copyright.htm","原文及英文欄為World English Bible英譯，並非古代原語；繁體中文為2026-09-21獨立新譯，非WEB官方中文版。","護老者; 文學陪伴; C07; 好難過，想喊; 基督宗教; faith:christian","原文已與source_text_url所列文本核對，忽略排版空白及標點差異；保留摘句邊界。護老者情境配對屬編輯判斷，並非原作者的臨床建議。 宗教來源已標籤，宜依使用者意願顯示；不把信仰教導當成必須遵守的要求。","2026-09-21"
"HCQ0021","C07","好難過，想喊","容許悲傷、表達失落、溫柔陪伴","不催促振作或放下；哀傷可被承接，喪親內容只在適合情境使用。","English","For to the fruit giving is a need, as receiving is a need to the root.","For to the fruit giving is a need, as receiving is a need to the root.","果實需要給予，正如樹根需要接收。","Kahlil Gibran","紀伯倫","Almustafa／阿爾穆斯塔法（作品人物）","The Prophet／《先知》","On Good and Evil","https://www.gutenberg.org/ebooks/58585","https://www.gutenberg.org/cache/epub/58585/pg58585.txt","1923","1931","Hong Kong","Public domain original — research assessment","原作者卒於1931年，已超過香港文學作品一般作者身後50年的保護期；只取歷史原文，不含現代譯文、編者註解或版面。","https://www.ip.gov.hk/en/types-of-ip/copyright/duration-of-copyright/index.html","https://www.gutenberg.org/ebooks/58585","英文保留來源摘句；繁體中文為2026-09-21獨立新譯，以香港讀者易讀的白話表達，未把護老者情境加進引文本身。","護老者; 文學陪伴; C07; 好難過，想喊; 寓言散文詩; 靈性文學","原文已與source_text_url所列文本核對，忽略排版空白及標點差異；保留摘句邊界。護老者情境配對屬編輯判斷，並非原作者的臨床建議。 說話者為作品人物Almustafa，並非作者訪談。","2026-09-21"
"HCQ0074","C07","好難過，想喊","容許悲傷、表達失落、溫柔陪伴","不催促振作或放下；哀傷可被承接，喪親內容只在適合情境使用。","English","And what desert greater shall there be, than that which lies in the courage and the confidence, nay the charity, of receiving?","And what desert greater shall there be, than that which lies in the courage and the confidence, nay the charity, of receiving?","還有甚麼比願意接受時的勇氣、信任，甚至善意，更值得被珍惜？","Kahlil Gibran","紀伯倫","Almustafa／阿爾穆斯塔法（作品人物）","The Prophet／《先知》","On Giving","https://www.gutenberg.org/ebooks/58585","https://www.gutenberg.org/cache/epub/58585/pg58585.txt","1923","1931","Hong Kong","Public domain original — research assessment","原作者卒於1931年，已超過香港文學作品一般作者身後50年的保護期；只取歷史原文，不含現代譯文、編者註解或版面。","https://www.ip.gov.hk/en/types-of-ip/copyright/duration-of-copyright/index.html","https://www.gutenberg.org/ebooks/58585","英文保留來源摘句；繁體中文為2026-09-21獨立新譯，以香港讀者易讀的白話表達，未把護老者情境加進引文本身。","護老者; 文學陪伴; C07; 好難過，想喊; 寓言散文詩; 靈性文學","原文已與source_text_url所列文本核對，忽略排版空白及標點差異；保留摘句邊界。護老者情境配對屬編輯判斷，並非原作者的臨床建議。 說話者為作品人物Almustafa，並非作者訪談。","2026-09-21"
"HCQ0027","C07","好難過，想喊","容許悲傷、表達失落、溫柔陪伴","不催促振作或放下；哀傷可被承接，喪親內容只在適合情境使用。","English","You are good when you walk to your goal firmly and with bold steps. Yet you are not evil when you go thither limping.","You are good when you walk to your goal firmly and with bold steps. Yet you are not evil when you go thither limping.","你堅定地走向目標，是好的；即使你一拐一拐地前行，也不代表你不好。","Kahlil Gibran","紀伯倫","Almustafa／阿爾穆斯塔法（作品人物）","The Prophet／《先知》","On Good and Evil","https://www.gutenberg.org/ebooks/58585","https://www.gutenberg.org/cache/epub/58585/pg58585.txt","1923","1931","Hong Kong","Public domain original — research assessment","原作者卒於1931年，已超過香港文學作品一般作者身後50年的保護期；只取歷史原文，不含現代譯文、編者註解或版面。","https://www.ip.gov.hk/en/types-of-ip/copyright/duration-of-copyright/index.html","https://www.gutenberg.org/ebooks/58585","英文保留來源摘句；繁體中文為2026-09-21獨立新譯，以香港讀者易讀的白話表達，未把護老者情境加進引文本身。","護老者; 文學陪伴; C07; 好難過，想喊; 寓言散文詩; 靈性文學","原文已與source_text_url所列文本核對，忽略排版空白及標點差異；保留摘句邊界。護老者情境配對屬編輯判斷，並非原作者的臨床建議。 說話者為作品人物Almustafa，並非作者訪談。","2026-09-21"
"HCQ0049","C07","好難過，想喊","容許悲傷、表達失落、溫柔陪伴","不催促振作或放下；哀傷可被承接，喪親內容只在適合情境使用。","English","You are good when you are one with yourself. Yet when you are not one with yourself you are not evil.","You are good when you are one with yourself. Yet when you are not one with yourself you are not evil.","與自己和諧相處，是好的；暫時做不到，也不表示你不好。","Kahlil Gibran","紀伯倫","Almustafa／阿爾穆斯塔法（作品人物）","The Prophet／《先知》","On Good and Evil","https://www.gutenberg.org/ebooks/58585","https://www.gutenberg.org/cache/epub/58585/pg58585.txt","1923","1931","Hong Kong","Public domain original — research assessment","原作者卒於1931年，已超過香港文學作品一般作者身後50年的保護期；只取歷史原文，不含現代譯文、編者註解或版面。","https://www.ip.gov.hk/en/types-of-ip/copyright/duration-of-copyright/index.html","https://www.gutenberg.org/ebooks/58585","英文保留來源摘句；繁體中文為2026-09-21獨立新譯，以香港讀者易讀的白話表達，未把護老者情境加進引文本身。","護老者; 文學陪伴; C07; 好難過，想喊; 寓言散文詩; 靈性文學","原文已與source_text_url所列文本核對，忽略排版空白及標點差異；保留摘句邊界。護老者情境配對屬編輯判斷，並非原作者的臨床建議。 說話者為作品人物Almustafa，並非作者訪談。","2026-09-21"
"HCQ0084","C07","好難過，想喊","容許悲傷、表達失落、溫柔陪伴","不催促振作或放下；哀傷可被承接，喪親內容只在適合情境使用。","English","But let not him who longs much say to him who longs little, “Wherefore are you slow and halting?”","But let not him who longs much say to him who longs little, “Wherefore are you slow and halting?”","走得急切的人，不要對走得慢的人說：「你怎麼這樣緩慢、踉蹌？」","Kahlil Gibran","紀伯倫","Almustafa／阿爾穆斯塔法（作品人物）","The Prophet／《先知》","On Good and Evil","https://www.gutenberg.org/ebooks/58585","https://www.gutenberg.org/cache/epub/58585/pg58585.txt","1923","1931","Hong Kong","Public domain original — research assessment","原作者卒於1931年，已超過香港文學作品一般作者身後50年的保護期；只取歷史原文，不含現代譯文、編者註解或版面。","https://www.ip.gov.hk/en/types-of-ip/copyright/duration-of-copyright/index.html","https://www.gutenberg.org/ebooks/58585","英文保留來源摘句；繁體中文為2026-09-21獨立新譯，以香港讀者易讀的白話表達，未把護老者情境加進引文本身。","護老者; 文學陪伴; C07; 好難過，想喊; 寓言散文詩; 靈性文學","原文已與source_text_url所列文本核對，忽略排版空白及標點差異；保留摘句邊界。護老者情境配對屬編輯判斷，並非原作者的臨床建議。 說話者為作品人物Almustafa，並非作者訪談。","2026-09-21"
"HCQ0171","C07","好難過，想喊","容許悲傷、表達失落、溫柔陪伴","不催促振作或放下；哀傷可被承接，喪親內容只在適合情境使用。","English","And though heavy-grounded ships await the tide upon your shores, yet, even like an ocean, you cannot hasten your tides.","And though heavy-grounded ships await the tide upon your shores, yet, even like an ocean, you cannot hasten your tides.","即使沉重的船在岸邊等候潮水，你也和大海一樣，無法催促自己的潮汐。","Kahlil Gibran","紀伯倫","Almustafa／阿爾穆斯塔法（作品人物）","The Prophet／《先知》","The Farewell","https://www.gutenberg.org/ebooks/58585","https://www.gutenberg.org/cache/epub/58585/pg58585.txt","1923","1931","Hong Kong","Public domain original — research assessment","原作者卒於1931年，已超過香港文學作品一般作者身後50年的保護期；只取歷史原文，不含現代譯文、編者註解或版面。","https://www.ip.gov.hk/en/types-of-ip/copyright/duration-of-copyright/index.html","https://www.gutenberg.org/ebooks/58585","英文保留來源摘句；繁體中文為2026-09-21獨立新譯，以香港讀者易讀的白話表達，未把護老者情境加進引文本身。","護老者; 文學陪伴; C07; 好難過，想喊; 寓言散文詩; 靈性文學","原文已與source_text_url所列文本核對，忽略排版空白及標點差異；保留摘句邊界。護老者情境配對屬編輯判斷，並非原作者的臨床建議。 說話者為作品人物Almustafa，並非作者訪談。","2026-09-21"
"HCQ0093","C07","好難過，想喊","容許悲傷、表達失落、溫柔陪伴","不催促振作或放下；哀傷可被承接，喪親內容只在適合情境使用。","English","It is not important that he should mature as soon as an apple-tree or an oak. Shall he turn his spring into summer?","It is not important that he should mature as soon as an apple-tree or an oak. Shall he turn his spring into summer?","他不必像蘋果樹或橡樹一樣快地成熟。難道要把自己的春天，急着變成夏天？","Henry David Thoreau","亨利・大衛・梭羅","亨利・大衛・梭羅","Walden／《湖濱散記》","Walden — Conclusion","https://www.gutenberg.org/ebooks/205","https://www.gutenberg.org/cache/epub/205/pg205.txt","1854","1862","Hong Kong","Public domain original — research assessment","原作者卒於1862年，已超過香港文學作品一般作者身後50年的保護期；只取歷史原文，不含現代譯文、編者註解或版面。","https://www.ip.gov.hk/en/types-of-ip/copyright/duration-of-copyright/index.html","https://www.gutenberg.org/ebooks/205","英文保留來源摘句；繁體中文為2026-09-21獨立新譯，以香港讀者易讀的白話表達，未把護老者情境加進引文本身。","護老者; 文學陪伴; C07; 好難過，想喊; 文學／哲思","原文已與source_text_url所列文本核對，忽略排版空白及標點差異；保留摘句邊界。護老者情境配對屬編輯判斷，並非原作者的臨床建議。","2026-09-21"
"HCQ0117","C07","好難過，想喊","容許悲傷、表達失落、溫柔陪伴","不催促振作或放下；哀傷可被承接，喪親內容只在適合情境使用。","English","And like seeds dreaming beneath the snow your heart dreams of spring.","And like seeds dreaming beneath the snow your heart dreams of spring.","像白雪下做着夢的種子，你的心也在夢着春天。","Kahlil Gibran","紀伯倫","Almustafa／阿爾穆斯塔法（作品人物）","The Prophet／《先知》","On Death","https://www.gutenberg.org/ebooks/58585","https://www.gutenberg.org/cache/epub/58585/pg58585.txt","1923","1931","Hong Kong","Public domain original — research assessment","原作者卒於1931年，已超過香港文學作品一般作者身後50年的保護期；只取歷史原文，不含現代譯文、編者註解或版面。","https://www.ip.gov.hk/en/types-of-ip/copyright/duration-of-copyright/index.html","https://www.gutenberg.org/ebooks/58585","英文保留來源摘句；繁體中文為2026-09-21獨立新譯，以香港讀者易讀的白話表達，未把護老者情境加進引文本身。","護老者; 文學陪伴; C07; 好難過，想喊; 寓言散文詩; 靈性文學","原文已與source_text_url所列文本核對，忽略排版空白及標點差異；保留摘句邊界。護老者情境配對屬編輯判斷，並非原作者的臨床建議。 說話者為作品人物Almustafa，並非作者訪談。 希望與安慰屬文學表達，不是對病情、關係或情緒恢復時間的保證。","2026-09-21"
"HCQ0172","C07","好難過，想喊","容許悲傷、表達失落、溫柔陪伴","不催促振作或放下；哀傷可被承接，喪親內容只在適合情境使用。","English","And though in your winter you deny your spring, Yet spring, reposing within you, smiles in her drowsiness and is not offended.","And though in your winter you deny your spring, Yet spring, reposing within you, smiles in her drowsiness and is not offended.","即使在冬天，你不相信春天仍在，心裏休息着的春天，依然帶着睡意微笑，並不怪你。","Kahlil Gibran","紀伯倫","Almustafa／阿爾穆斯塔法（作品人物）","The Prophet／《先知》","The Farewell","https://www.gutenberg.org/ebooks/58585","https://www.gutenberg.org/cache/epub/58585/pg58585.txt","1923","1931","Hong Kong","Public domain original — research assessment","原作者卒於1931年，已超過香港文學作品一般作者身後50年的保護期；只取歷史原文，不含現代譯文、編者註解或版面。","https://www.ip.gov.hk/en/types-of-ip/copyright/duration-of-copyright/index.html","https://www.gutenberg.org/ebooks/58585","英文保留來源摘句；繁體中文為2026-09-21獨立新譯，以香港讀者易讀的白話表達，未把護老者情境加進引文本身。","護老者; 文學陪伴; C07; 好難過，想喊; 寓言散文詩; 靈性文學","原文已與source_text_url所列文本核對，忽略排版空白及標點差異；保留摘句邊界。護老者情境配對屬編輯判斷，並非原作者的臨床建議。 說話者為作品人物Almustafa，並非作者訪談。 希望與安慰屬文學表達，不是對病情、關係或情緒恢復時間的保證。","2026-09-21"
"HCQ0022","C07","好難過，想喊","容許悲傷、表達失落、溫柔陪伴","不催促振作或放下；哀傷可被承接，喪親內容只在適合情境使用。","English","Hope is the thing with feathers That perches in the soul, And sings the tune without the words, And never stops at all,","Hope is the thing with feathers That perches in the soul, And sings the tune without the words, And never stops at all,","希望是一隻有羽毛的小鳥，停在心靈深處，唱着沒有歌詞的旋律，從不停歇。","Emily Dickinson","艾蜜莉・狄金森","詩中抒情者","Poems by Emily Dickinson, Three Series","Series II — Life VI, Hope","https://www.gutenberg.org/ebooks/12242","https://www.gutenberg.org/cache/epub/12242/pg12242.txt","1890／1891／1896（早期編訂本）","1886","Hong Kong","Public domain original — research assessment","原作者卒於1886年，已超過香港文學作品一般作者身後50年的保護期；只取歷史原文，不含現代譯文、編者註解或版面。所用為19世紀已出版的早期編訂文本，不採1955或1998年現代校訂版本。","https://www.ip.gov.hk/en/types-of-ip/copyright/duration-of-copyright/index.html","https://www.gutenberg.org/ebooks/12242 ; https://www.emilydickinsonmuseum.org/roomitem/mabel-loomis-todd/","英文保留來源摘句；繁體中文為2026-09-21獨立新譯，以香港讀者易讀的白話表達，未把護老者情境加進引文本身。","護老者; 文學陪伴; C07; 好難過，想喊; 文學／哲思","原文已與source_text_url所列文本核對，忽略排版空白及標點差異；保留摘句邊界。護老者情境配對屬編輯判斷，並非原作者的臨床建議。 希望與安慰屬文學表達，不是對病情、關係或情緒恢復時間的保證。","2026-09-21"
"HCQ0010","C07","好難過，想喊","容許悲傷、表達失落、溫柔陪伴","不催促振作或放下；哀傷可被承接，喪親內容只在適合情境使用。","English","Here a mist, and there a mist, Afterwards -- day!","Here a mist, and there a mist, Afterwards -- day!","這裏一片霧，那裏一片霧；霧後，就是白晝。","Emily Dickinson","艾蜜莉・狄金森","詩中抒情者","Poems by Emily Dickinson, Three Series","Series I — Life II","https://www.gutenberg.org/ebooks/12242","https://www.gutenberg.org/cache/epub/12242/pg12242.txt","1890／1891／1896（早期編訂本）","1886","Hong Kong","Public domain original — research assessment","原作者卒於1886年，已超過香港文學作品一般作者身後50年的保護期；只取歷史原文，不含現代譯文、編者註解或版面。所用為19世紀已出版的早期編訂文本，不採1955或1998年現代校訂版本。","https://www.ip.gov.hk/en/types-of-ip/copyright/duration-of-copyright/index.html","https://www.gutenberg.org/ebooks/12242 ; https://www.emilydickinsonmuseum.org/roomitem/mabel-loomis-todd/","英文保留來源摘句；繁體中文為2026-09-21獨立新譯，以香港讀者易讀的白話表達，未把護老者情境加進引文本身。","護老者; 文學陪伴; C07; 好難過，想喊; 文學／哲思","原文已與source_text_url所列文本核對，忽略排版空白及標點差異；保留摘句邊界。護老者情境配對屬編輯判斷，並非原作者的臨床建議。","2026-09-21"
"HCQ0004","C07","好難過，想喊","容許悲傷、表達失落、溫柔陪伴","不催促振作或放下；哀傷可被承接，喪親內容只在適合情境使用。","文言中文","飄風不終朝，驟雨不終日。","A fierce wind does not blow all morning, nor does heavy rain fall all day.","狂風不會吹足一個早上，暴雨也不會下足一整天。","Laozi (traditional attribution)","老子（傳統歸屬）","老子（傳統歸屬）","《道德經》","第23章","https://ctext.org/dao-de-jing","https://ctext.org/dao-de-jing","先秦古籍","古代；生卒年未確定","Hong Kong","Public domain original — research assessment","先秦／漢代傳世古籍原文，歷史作者及文本年代已遠超一般版權期限；只取古文，不含網站現代譯注或版面。","https://www.ip.gov.hk/en/types-of-ip/copyright/duration-of-copyright/index.html","https://ctext.org/dao-de-jing","古文保留來源文字；繁體中文白話及英文均為2026-09-21獨立新譯。","護老者; 文學陪伴; C07; 好難過，想喊; 中國古典哲學","原文已與source_text_url所列文本核對，忽略排版空白及標點差異；保留摘句邊界。護老者情境配對屬編輯判斷，並非原作者的臨床建議。","2026-09-21"
"HCQ0020","C07","好難過，想喊","容許悲傷、表達失落、溫柔陪伴","不催促振作或放下；哀傷可被承接，喪親內容只在適合情境使用。","English","Behind the clouds is the sun still shining;","Behind the clouds is the sun still shining;","雲層後面，太陽依然在照耀。","Henry Wadsworth Longfellow","亨利・沃茲沃思・朗費羅","詩中抒情者","The Complete Poetical Works of Henry Wadsworth Longfellow","The Rainy Day","https://www.gutenberg.org/ebooks/1365","https://www.gutenberg.org/cache/epub/1365/pg1365.txt","19世紀（各詩篇年份不同）","1882","Hong Kong","Public domain original — research assessment","原作者卒於1882年，已超過香港文學作品一般作者身後50年的保護期；只取歷史原文，不含現代譯文、編者註解或版面。","https://www.ip.gov.hk/en/types-of-ip/copyright/duration-of-copyright/index.html","https://www.gutenberg.org/ebooks/1365","英文保留來源摘句；繁體中文為2026-09-21獨立新譯，以香港讀者易讀的白話表達，未把護老者情境加進引文本身。","護老者; 文學陪伴; C07; 好難過，想喊; 文學／哲思","原文已與source_text_url所列文本核對，忽略排版空白及標點差異；保留摘句邊界。護老者情境配對屬編輯判斷，並非原作者的臨床建議。 希望與安慰屬文學表達，不是對病情、關係或情緒恢復時間的保證。","2026-09-21"
"HCQ0122","C07","好難過，想喊","容許悲傷、表達失落、溫柔陪伴","不催促振作或放下；哀傷可被承接，喪親內容只在適合情境使用。","English","And as the evening twilight fades away The sky is filled with stars, invisible by day.","And as the evening twilight fades away The sky is filled with stars, invisible by day.","當暮色漸漸退去，天空佈滿了白天看不見的星星。","Henry Wadsworth Longfellow","亨利・沃茲沃思・朗費羅","詩中抒情者","The Complete Poetical Works of Henry Wadsworth Longfellow","Morituri Salutamus","https://www.gutenberg.org/ebooks/1365","https://www.gutenberg.org/cache/epub/1365/pg1365.txt","19世紀（各詩篇年份不同）","1882","Hong Kong","Public domain original — research assessment","原作者卒於1882年，已超過香港文學作品一般作者身後50年的保護期；只取歷史原文，不含現代譯文、編者註解或版面。","https://www.ip.gov.hk/en/types-of-ip/copyright/duration-of-copyright/index.html","https://www.gutenberg.org/ebooks/1365","英文保留來源摘句；繁體中文為2026-09-21獨立新譯，以香港讀者易讀的白話表達，未把護老者情境加進引文本身。","護老者; 文學陪伴; C07; 好難過，想喊; 文學／哲思","原文已與source_text_url所列文本核對，忽略排版空白及標點差異；保留摘句邊界。護老者情境配對屬編輯判斷，並非原作者的臨床建議。","2026-09-21"
"HCQ0130","C07","好難過，想喊","容許悲傷、表達失落、溫柔陪伴","不催促振作或放下；哀傷可被承接，喪親內容只在適合情境使用。","English","And let today embrace the past with remembrance and the future with longing.","And let today embrace the past with remembrance and the future with longing.","讓今天以回憶擁抱過去，以盼望擁抱未來。","Kahlil Gibran","紀伯倫","Almustafa／阿爾穆斯塔法（作品人物）","The Prophet／《先知》","On Time","https://www.gutenberg.org/ebooks/58585","https://www.gutenberg.org/cache/epub/58585/pg58585.txt","1923","1931","Hong Kong","Public domain original — research assessment","原作者卒於1931年，已超過香港文學作品一般作者身後50年的保護期；只取歷史原文，不含現代譯文、編者註解或版面。","https://www.ip.gov.hk/en/types-of-ip/copyright/duration-of-copyright/index.html","https://www.gutenberg.org/ebooks/58585","英文保留來源摘句；繁體中文為2026-09-21獨立新譯，以香港讀者易讀的白話表達，未把護老者情境加進引文本身。","護老者; 文學陪伴; C07; 好難過，想喊; 寓言散文詩; 靈性文學","原文已與source_text_url所列文本核對，忽略排版空白及標點差異；保留摘句邊界。護老者情境配對屬編輯判斷，並非原作者的臨床建議。 說話者為作品人物Almustafa，並非作者訪談。","2026-09-21"
"HCQ0005","C07","好難過，想喊","容許悲傷、表達失落、溫柔陪伴","不催促振作或放下；哀傷可被承接，喪親內容只在適合情境使用。","English","And knows that yesterday is but today’s memory and tomorrow is today’s dream.","And knows that yesterday is but today’s memory and tomorrow is today’s dream.","昨天只是今天的回憶，明天則是今天的夢。","Kahlil Gibran","紀伯倫","Almustafa／阿爾穆斯塔法（作品人物）","The Prophet／《先知》","On Time","https://www.gutenberg.org/ebooks/58585","https://www.gutenberg.org/cache/epub/58585/pg58585.txt","1923","1931","Hong Kong","Public domain original — research assessment","原作者卒於1931年，已超過香港文學作品一般作者身後50年的保護期；只取歷史原文，不含現代譯文、編者註解或版面。","https://www.ip.gov.hk/en/types-of-ip/copyright/duration-of-copyright/index.html","https://www.gutenberg.org/ebooks/58585","英文保留來源摘句；繁體中文為2026-09-21獨立新譯，以香港讀者易讀的白話表達，未把護老者情境加進引文本身。","護老者; 文學陪伴; C07; 好難過，想喊; 寓言散文詩; 靈性文學","原文已與source_text_url所列文本核對，忽略排版空白及標點差異；保留摘句邊界。護老者情境配對屬編輯判斷，並非原作者的臨床建議。 說話者為作品人物Almustafa，並非作者訪談。","2026-09-21"
"HCQ0115","C07","好難過，想喊","容許悲傷、表達失落、溫柔陪伴","不催促振作或放下；哀傷可被承接，喪親內容只在適合情境使用。","English","And if it is for your comfort to pour your darkness into space, it is also for your delight to pour forth the dawning of your heart.","And if it is for your comfort to pour your darkness into space, it is also for your delight to pour forth the dawning of your heart.","若把內心的黑暗傾訴出來能帶來安慰，那麼，把心裏的晨光說出來，也能帶來喜悅。","Kahlil Gibran","紀伯倫","Almustafa／阿爾穆斯塔法（作品人物）","The Prophet／《先知》","On Prayer","https://www.gutenberg.org/ebooks/58585","https://www.gutenberg.org/cache/epub/58585/pg58585.txt","1923","1931","Hong Kong","Public domain original — research assessment","原作者卒於1931年，已超過香港文學作品一般作者身後50年的保護期；只取歷史原文，不含現代譯文、編者註解或版面。","https://www.ip.gov.hk/en/types-of-ip/copyright/duration-of-copyright/index.html","https://www.gutenberg.org/ebooks/58585","英文保留來源摘句；繁體中文為2026-09-21獨立新譯，以香港讀者易讀的白話表達，未把護老者情境加進引文本身。","護老者; 文學陪伴; C07; 好難過，想喊; 寓言散文詩; 靈性文學","原文已與source_text_url所列文本核對，忽略排版空白及標點差異；保留摘句邊界。護老者情境配對屬編輯判斷，並非原作者的臨床建議。 說話者為作品人物Almustafa，並非作者訪談。","2026-09-21"
"HCQ0105","C07","好難過，想喊","容許悲傷、表達失落、溫柔陪伴","不催促振作或放下；哀傷可被承接，喪親內容只在適合情境使用。","English","Say what you have to say, not what you ought. Any truth is better than make-believe.","Say what you have to say, not what you ought. Any truth is better than make-believe.","說出你真正想說的，不必只說你認為應該說的。真話總比假裝好。","Henry David Thoreau","亨利・大衛・梭羅","亨利・大衛・梭羅","Walden／《湖濱散記》","Walden — Conclusion","https://www.gutenberg.org/ebooks/205","https://www.gutenberg.org/cache/epub/205/pg205.txt","1854","1862","Hong Kong","Public domain original — research assessment","原作者卒於1862年，已超過香港文學作品一般作者身後50年的保護期；只取歷史原文，不含現代譯文、編者註解或版面。","https://www.ip.gov.hk/en/types-of-ip/copyright/duration-of-copyright/index.html","https://www.gutenberg.org/ebooks/205","英文保留來源摘句；繁體中文為2026-09-21獨立新譯，以香港讀者易讀的白話表達，未把護老者情境加進引文本身。","護老者; 文學陪伴; C07; 好難過，想喊; 文學／哲思","原文已與source_text_url所列文本核對，忽略排版空白及標點差異；保留摘句邊界。護老者情境配對屬編輯判斷，並非原作者的臨床建議。","2026-09-21"
"HCQ0126","C07","好難過，想喊","容許悲傷、表達失落、溫柔陪伴","不催促振作或放下；哀傷可被承接，喪親內容只在適合情境使用。","English","Your hearts know in silence the secrets of the days and the nights.","Your hearts know in silence the secrets of the days and the nights.","在寂靜裏，你的心知道白晝與黑夜的秘密。","Kahlil Gibran","紀伯倫","Almustafa／阿爾穆斯塔法（作品人物）","The Prophet／《先知》","On Self-Knowledge","https://www.gutenberg.org/ebooks/58585","https://www.gutenberg.org/cache/epub/58585/pg58585.txt","1923","1931","Hong Kong","Public domain original — research assessment","原作者卒於1931年，已超過香港文學作品一般作者身後50年的保護期；只取歷史原文，不含現代譯文、編者註解或版面。","https://www.ip.gov.hk/en/types-of-ip/copyright/duration-of-copyright/index.html","https://www.gutenberg.org/ebooks/58585","英文保留來源摘句；繁體中文為2026-09-21獨立新譯，以香港讀者易讀的白話表達，未把護老者情境加進引文本身。","護老者; 文學陪伴; C07; 好難過，想喊; 寓言散文詩; 靈性文學","原文已與source_text_url所列文本核對，忽略排版空白及標點差異；保留摘句邊界。護老者情境配對屬編輯判斷，並非原作者的臨床建議。 說話者為作品人物Almustafa，並非作者訪談。","2026-09-21"
"HCQ0064","C07","好難過，想喊","容許悲傷、表達失落、溫柔陪伴","不催促振作或放下；哀傷可被承接，喪親內容只在適合情境使用。","English","The soul unfolds itself, like a lotus of countless petals.","The soul unfolds itself, like a lotus of countless petals.","心靈像一朵有無數花瓣的蓮花，慢慢舒展。","Kahlil Gibran","紀伯倫","Almustafa／阿爾穆斯塔法（作品人物）","The Prophet／《先知》","On Self-Knowledge","https://www.gutenberg.org/ebooks/58585","https://www.gutenberg.org/cache/epub/58585/pg58585.txt","1923","1931","Hong Kong","Public domain original — research assessment","原作者卒於1931年，已超過香港文學作品一般作者身後50年的保護期；只取歷史原文，不含現代譯文、編者註解或版面。","https://www.ip.gov.hk/en/types-of-ip/copyright/duration-of-copyright/index.html","https://www.gutenberg.org/ebooks/58585","英文保留來源摘句；繁體中文為2026-09-21獨立新譯，以香港讀者易讀的白話表達，未把護老者情境加進引文本身。","護老者; 文學陪伴; C07; 好難過，想喊; 寓言散文詩; 靈性文學","原文已與source_text_url所列文本核對，忽略排版空白及標點差異；保留摘句邊界。護老者情境配對屬編輯判斷，並非原作者的臨床建議。 說話者為作品人物Almustafa，並非作者訪談。","2026-09-21"
"HCQ0157","C07","好難過，想喊","容許悲傷、表達失落、溫柔陪伴","不催促振作或放下；哀傷可被承接，喪親內容只在適合情境使用。","English","For self is a sea boundless and measureless.","For self is a sea boundless and measureless.","自我是一片沒有邊界、無法量盡的海。","Kahlil Gibran","紀伯倫","Almustafa／阿爾穆斯塔法（作品人物）","The Prophet／《先知》","On Self-Knowledge","https://www.gutenberg.org/ebooks/58585","https://www.gutenberg.org/cache/epub/58585/pg58585.txt","1923","1931","Hong Kong","Public domain original — research assessment","原作者卒於1931年，已超過香港文學作品一般作者身後50年的保護期；只取歷史原文，不含現代譯文、編者註解或版面。","https://www.ip.gov.hk/en/types-of-ip/copyright/duration-of-copyright/index.html","https://www.gutenberg.org/ebooks/58585","英文保留來源摘句；繁體中文為2026-09-21獨立新譯，以香港讀者易讀的白話表達，未把護老者情境加進引文本身。","護老者; 文學陪伴; C07; 好難過，想喊; 寓言散文詩; 靈性文學","原文已與source_text_url所列文本核對，忽略排版空白及標點差異；保留摘句邊界。護老者情境配對屬編輯判斷，並非原作者的臨床建議。 說話者為作品人物Almustafa，並非作者訪談。","2026-09-21"
"HCQ0035","C07","好難過，想喊","容許悲傷、表達失落、溫柔陪伴","不催促振作或放下；哀傷可被承接，喪親內容只在適合情境使用。","English","And forget not that the earth delights to feel your bare feet and the winds long to play with your hair.","And forget not that the earth delights to feel your bare feet and the winds long to play with your hair.","別忘了，大地喜歡感受你的赤腳，風也渴望輕拂你的頭髮。","Kahlil Gibran","紀伯倫","Almustafa／阿爾穆斯塔法（作品人物）","The Prophet／《先知》","On Clothes","https://www.gutenberg.org/ebooks/58585","https://www.gutenberg.org/cache/epub/58585/pg58585.txt","1923","1931","Hong Kong","Public domain original — research assessment","原作者卒於1931年，已超過香港文學作品一般作者身後50年的保護期；只取歷史原文，不含現代譯文、編者註解或版面。","https://www.ip.gov.hk/en/types-of-ip/copyright/duration-of-copyright/index.html","https://www.gutenberg.org/ebooks/58585","英文保留來源摘句；繁體中文為2026-09-21獨立新譯，以香港讀者易讀的白話表達，未把護老者情境加進引文本身。","護老者; 文學陪伴; C07; 好難過，想喊; 寓言散文詩; 靈性文學","原文已與source_text_url所列文本核對，忽略排版空白及標點差異；保留摘句邊界。護老者情境配對屬編輯判斷，並非原作者的臨床建議。 說話者為作品人物Almustafa，並非作者訪談。","2026-09-21"
"HCQ0089","C08","好無助，唔知點算","找回選擇、小步前行、獲得支援","從小步、資訊與同行者開始；不要求單靠意志解決照顧困境。","文言中文","君子生非異也，善假於物也。","The cultivated person is not different by birth, but knows how to draw on outside help.","有修養的人並非天生與眾不同，只是懂得借助外在的幫助。","Xunzi","荀子","荀子","《荀子·勸學》","勸學","https://ctext.org/xunzi/quan-xue","https://ctext.org/xunzi/quan-xue","先秦古籍","約公元前238年","Hong Kong","Public domain original — research assessment","先秦／漢代傳世古籍原文，歷史作者及文本年代已遠超一般版權期限；只取古文，不含網站現代譯注或版面。","https://www.ip.gov.hk/en/types-of-ip/copyright/duration-of-copyright/index.html","https://ctext.org/xunzi/quan-xue","古文保留來源文字；繁體中文白話及英文均為2026-09-21獨立新譯。","護老者; 文學陪伴; C08; 好無助，唔知點算; 中國古典哲學","原文已與source_text_url所列文本核對，忽略排版空白及標點差異；保留摘句邊界。護老者情境配對屬編輯判斷，並非原作者的臨床建議。","2026-09-21"
"HCQ0165","C08","好無助，唔知點算","找回選擇、小步前行、獲得支援","從小步、資訊與同行者開始；不要求單靠意志解決照顧困境。","文言中文","工欲善其事，必先利其器。","A craftsperson wishing to do good work must first prepare sharp tools.","想把事情做好，先準備好合適的工具。","Confucius (recorded in the Analects)","孔子（《論語》記錄）","孔子（《論語》記錄）","《論語》","衛靈公15.10","https://ctext.org/analects/wei-ling-gong","https://ctext.org/analects/wei-ling-gong","先秦傳世文本","公元前479年","Hong Kong","Public domain original — research assessment","先秦／漢代傳世古籍原文，歷史作者及文本年代已遠超一般版權期限；只取古文，不含網站現代譯注或版面。","https://www.ip.gov.hk/en/types-of-ip/copyright/duration-of-copyright/index.html","https://ctext.org/analects/wei-ling-gong","古文保留來源文字；繁體中文白話及英文均為2026-09-21獨立新譯。","護老者; 文學陪伴; C08; 好無助，唔知點算; 中國古典哲學","原文已與source_text_url所列文本核對，忽略排版空白及標點差異；保留摘句邊界。護老者情境配對屬編輯判斷，並非原作者的臨床建議。","2026-09-21"
"HCQ0062","C08","好無助，唔知點算","找回選擇、小步前行、獲得支援","從小步、資訊與同行者開始；不要求單靠意志解決照顧困境。","文言中文","知之為知之，不知為不知，是知也。","To acknowledge what you know and what you do not know: that is understanding.","知道的承認知道，不知道的承認不知道，這才是明白。","Confucius (recorded in the Analects)","孔子（《論語》記錄）","孔子（《論語》記錄）","《論語》","為政2.17","https://ctext.org/analects/wei-zheng","https://ctext.org/analects/wei-zheng","先秦傳世文本","公元前479年","Hong Kong","Public domain original — research assessment","先秦／漢代傳世古籍原文，歷史作者及文本年代已遠超一般版權期限；只取古文，不含網站現代譯注或版面。","https://www.ip.gov.hk/en/types-of-ip/copyright/duration-of-copyright/index.html","https://ctext.org/analects/wei-zheng","古文保留來源文字；繁體中文白話及英文均為2026-09-21獨立新譯。","護老者; 文學陪伴; C08; 好無助，唔知點算; 中國古典哲學","原文已與source_text_url所列文本核對，忽略排版空白及標點差異；保留摘句邊界。護老者情境配對屬編輯判斷，並非原作者的臨床建議。","2026-09-21"
"HCQ0128","C08","好無助，唔知點算","找回選擇、小步前行、獲得支援","從小步、資訊與同行者開始；不要求單靠意志解決照顧困境。","文言中文","吾嘗終日而思矣，不如須臾之所學也。","I once thought all day, but it helped less than a brief period of learning.","我曾整天獨自思索，卻不如花片刻去學習。","Xunzi","荀子","荀子","《荀子·勸學》","勸學","https://ctext.org/xunzi/quan-xue","https://ctext.org/xunzi/quan-xue","先秦古籍","約公元前238年","Hong Kong","Public domain original — research assessment","先秦／漢代傳世古籍原文，歷史作者及文本年代已遠超一般版權期限；只取古文，不含網站現代譯注或版面。","https://www.ip.gov.hk/en/types-of-ip/copyright/duration-of-copyright/index.html","https://ctext.org/xunzi/quan-xue","古文保留來源文字；繁體中文白話及英文均為2026-09-21獨立新譯。","護老者; 文學陪伴; C08; 好無助，唔知點算; 中國古典哲學","原文已與source_text_url所列文本核對，忽略排版空白及標點差異；保留摘句邊界。護老者情境配對屬編輯判斷，並非原作者的臨床建議。","2026-09-21"
"HCQ0154","C08","好無助，唔知點算","找回選擇、小步前行、獲得支援","從小步、資訊與同行者開始；不要求單靠意志解決照顧困境。","English","Listening to others, considering well what they say, Pausing, searching, receiving, contemplating,","Listening to others, considering well what they say, Pausing, searching, receiving, contemplating,","聆聽別人，仔細想想他們說的話；停一停，尋找、接收、思量。","Walt Whitman","華特・惠特曼","詩中抒情者","Leaves of Grass／《草葉集》","Song of the Open Road, 5","https://www.gutenberg.org/ebooks/1322","https://www.gutenberg.org/cache/epub/1322/pg1322.txt","1855–1892（多次增訂）","1892","Hong Kong","Public domain original — research assessment","原作者卒於1892年，已超過香港文學作品一般作者身後50年的保護期；只取歷史原文，不含現代譯文、編者註解或版面。","https://www.ip.gov.hk/en/types-of-ip/copyright/duration-of-copyright/index.html","https://www.gutenberg.org/ebooks/1322","英文保留來源摘句；繁體中文為2026-09-21獨立新譯，以香港讀者易讀的白話表達，未把護老者情境加進引文本身。","護老者; 文學陪伴; C08; 好無助，唔知點算; 文學／哲思","原文已與source_text_url所列文本核對，忽略排版空白及標點差異；保留摘句邊界。護老者情境配對屬編輯判斷，並非原作者的臨床建議。","2026-09-21"
"HCQ0083","C08","好無助，唔知點算","找回選擇、小步前行、獲得支援","從小步、資訊與同行者開始；不要求單靠意志解決照顧困境。","English（公版英譯來源；古代經文原語非英語）","Where there is no counsel, plans fail; but in a multitude of counselors they are established.","Where there is no counsel, plans fail; but in a multitude of counselors they are established.","缺少商量，計劃容易落空；多聽幾位願意出主意的人，計劃便能站穩。","Ancient wisdom writers; collection traditionally associated with Solomon","古代智慧作者群（傳統與所羅門相關的合集）","古代智慧作者群（傳統與所羅門相關的合集）","The Holy Bible — Proverbs／《聖經·箴言》（World English Bible, engwebp）","Proverbs 15:22／箴言 15:22","https://ebible.org/engwebp/PRO15.htm#V22","https://ebible.org/engwebp/PRO15.htm#V22","古代經文；World English Bible 2020 stable text edition（engwebp；2026-09-21核對）","古代作者；現代英譯依出版方公版聲明，不以譯者死亡年限判斷","Hong Kong","Public domain dedication — publisher statement; Hong Kong use assessment","古代聖經文本；所用World English Bible英譯由出版方明確獻予公有領域，並允許複製、分發、出售及引用；不是依賴現代譯者死亡年限。繁體中文為本次由此英譯新譯，並非WEB官方中文版。","https://ebible.org/engwebp/copyright.htm","https://ebible.org/engwebp/copyright.htm","原文及英文欄為World English Bible英譯，並非古代原語；繁體中文為2026-09-21獨立新譯，非WEB官方中文版。","護老者; 文學陪伴; C08; 好無助，唔知點算; 基督宗教; faith:christian","原文已與source_text_url所列文本核對，忽略排版空白及標點差異；保留摘句邊界。護老者情境配對屬編輯判斷，並非原作者的臨床建議。 宗教來源已標籤，宜依使用者意願顯示；不把信仰教導當成必須遵守的要求。","2026-09-21"
"HCQ0114","C08","好無助，唔知點算","找回選擇、小步前行、獲得支援","從小步、資訊與同行者開始；不要求單靠意志解決照顧困境。","English","If he is indeed wise he does not bid you enter the house of his wisdom, but rather leads you to the threshold of your own mind.","If he is indeed wise he does not bid you enter the house of his wisdom, but rather leads you to the threshold of your own mind.","真正有智慧的老師，不會要你走進他的智慧之屋，而會帶你來到自己心靈的門前。","Kahlil Gibran","紀伯倫","Almustafa／阿爾穆斯塔法（作品人物）","The Prophet／《先知》","On Teaching","https://www.gutenberg.org/ebooks/58585","https://www.gutenberg.org/cache/epub/58585/pg58585.txt","1923","1931","Hong Kong","Public domain original — research assessment","原作者卒於1931年，已超過香港文學作品一般作者身後50年的保護期；只取歷史原文，不含現代譯文、編者註解或版面。","https://www.ip.gov.hk/en/types-of-ip/copyright/duration-of-copyright/index.html","https://www.gutenberg.org/ebooks/58585","英文保留來源摘句；繁體中文為2026-09-21獨立新譯，以香港讀者易讀的白話表達，未把護老者情境加進引文本身。","護老者; 文學陪伴; C08; 好無助，唔知點算; 寓言散文詩; 靈性文學","原文已與source_text_url所列文本核對，忽略排版空白及標點差異；保留摘句邊界。護老者情境配對屬編輯判斷，並非原作者的臨床建議。 說話者為作品人物Almustafa，並非作者訪談。","2026-09-21"
"HCQ0007","C08","好無助，唔知點算","找回選擇、小步前行、獲得支援","從小步、資訊與同行者開始；不要求單靠意志解決照顧困境。","English","Say not, “I have found the truth,” but rather, “I have found a truth.”","Say not, “I have found the truth,” but rather, “I have found a truth.”","別說「我找到了真理」，不妨說「我找到了一份真實」。","Kahlil Gibran","紀伯倫","Almustafa／阿爾穆斯塔法（作品人物）","The Prophet／《先知》","On Self-Knowledge","https://www.gutenberg.org/ebooks/58585","https://www.gutenberg.org/cache/epub/58585/pg58585.txt","1923","1931","Hong Kong","Public domain original — research assessment","原作者卒於1931年，已超過香港文學作品一般作者身後50年的保護期；只取歷史原文，不含現代譯文、編者註解或版面。","https://www.ip.gov.hk/en/types-of-ip/copyright/duration-of-copyright/index.html","https://www.gutenberg.org/ebooks/58585","英文保留來源摘句；繁體中文為2026-09-21獨立新譯，以香港讀者易讀的白話表達，未把護老者情境加進引文本身。","護老者; 文學陪伴; C08; 好無助，唔知點算; 寓言散文詩; 靈性文學","原文已與source_text_url所列文本核對，忽略排版空白及標點差異；保留摘句邊界。護老者情境配對屬編輯判斷，並非原作者的臨床建議。 說話者為作品人物Almustafa，並非作者訪談。","2026-09-21"
"HCQ0018","C08","好無助，唔知點算","找回選擇、小步前行、獲得支援","從小步、資訊與同行者開始；不要求單靠意志解決照顧困境。","English","Life, and all that lives, is conceived in the mist and not in the crystal.","Life, and all that lives, is conceived in the mist and not in the crystal.","生命，以及一切有生命的事物，都是在迷霧中孕育，並非從一開始便清晰如水晶。","Kahlil Gibran","紀伯倫","Almustafa／阿爾穆斯塔法（作品人物）","The Prophet／《先知》","The Farewell","https://www.gutenberg.org/ebooks/58585","https://www.gutenberg.org/cache/epub/58585/pg58585.txt","1923","1931","Hong Kong","Public domain original — research assessment","原作者卒於1931年，已超過香港文學作品一般作者身後50年的保護期；只取歷史原文，不含現代譯文、編者註解或版面。","https://www.ip.gov.hk/en/types-of-ip/copyright/duration-of-copyright/index.html","https://www.gutenberg.org/ebooks/58585","英文保留來源摘句；繁體中文為2026-09-21獨立新譯，以香港讀者易讀的白話表達，未把護老者情境加進引文本身。","護老者; 文學陪伴; C08; 好無助，唔知點算; 寓言散文詩; 靈性文學","原文已與source_text_url所列文本核對，忽略排版空白及標點差異；保留摘句邊界。護老者情境配對屬編輯判斷，並非原作者的臨床建議。 說話者為作品人物Almustafa，並非作者訪談。","2026-09-21"
"HCQ0101","C08","好無助，唔知點算","找回選擇、小步前行、獲得支援","從小步、資訊與同行者開始；不要求單靠意志解決照顧困境。","English","Vague and nebulous is the beginning of all things, but not their end,","Vague and nebulous is the beginning of all things, but not their end,","萬事的開始，可以模糊不清；但那並不是它們的終點。","Kahlil Gibran","紀伯倫","Almustafa／阿爾穆斯塔法（作品人物）","The Prophet／《先知》","The Farewell","https://www.gutenberg.org/ebooks/58585","https://www.gutenberg.org/cache/epub/58585/pg58585.txt","1923","1931","Hong Kong","Public domain original — research assessment","原作者卒於1931年，已超過香港文學作品一般作者身後50年的保護期；只取歷史原文，不含現代譯文、編者註解或版面。","https://www.ip.gov.hk/en/types-of-ip/copyright/duration-of-copyright/index.html","https://www.gutenberg.org/ebooks/58585","英文保留來源摘句；繁體中文為2026-09-21獨立新譯，以香港讀者易讀的白話表達，未把護老者情境加進引文本身。","護老者; 文學陪伴; C08; 好無助，唔知點算; 寓言散文詩; 靈性文學","原文已與source_text_url所列文本核對，忽略排版空白及標點差異；保留摘句邊界。護老者情境配對屬編輯判斷，並非原作者的臨床建議。 說話者為作品人物Almustafa，並非作者訪談。","2026-09-21"
"HCQ0102","C08","好無助，唔知點算","找回選擇、小步前行、獲得支援","從小步、資訊與同行者開始；不要求單靠意志解決照顧困境。","English","The distant mountains, that uprear Their solid bastions to the skies, Are crossed by pathways, that appear As we to higher levels rise.","The distant mountains, that uprear Their solid bastions to the skies, Are crossed by pathways, that appear As we to higher levels rise.","遠山像堡壘般高聳入天；當我們走到更高的地方，才看見穿越山間的小路。","Henry Wadsworth Longfellow","亨利・沃茲沃思・朗費羅","詩中抒情者","The Complete Poetical Works of Henry Wadsworth Longfellow","The Ladder of St. Augustine","https://www.gutenberg.org/ebooks/1365","https://www.gutenberg.org/cache/epub/1365/pg1365.txt","19世紀（各詩篇年份不同）","1882","Hong Kong","Public domain original — research assessment","原作者卒於1882年，已超過香港文學作品一般作者身後50年的保護期；只取歷史原文，不含現代譯文、編者註解或版面。","https://www.ip.gov.hk/en/types-of-ip/copyright/duration-of-copyright/index.html","https://www.gutenberg.org/ebooks/1365","英文保留來源摘句；繁體中文為2026-09-21獨立新譯，以香港讀者易讀的白話表達，未把護老者情境加進引文本身。","護老者; 文學陪伴; C08; 好無助，唔知點算; 文學／哲思","原文已與source_text_url所列文本核對，忽略排版空白及標點差異；保留摘句邊界。護老者情境配對屬編輯判斷，並非原作者的臨床建議。","2026-09-21"
"HCQ0019","C08","好無助，唔知點算","找回選擇、小步前行、獲得支援","從小步、資訊與同行者開始；不要求單靠意志解決照顧困境。","English","The voyage of the best ship is a zigzag line of a hundred tacks.","The voyage of the best ship is a zigzag line of a hundred tacks.","即使是最好的船，航程也會經過上百次轉向，走成一條曲折的線。","Ralph Waldo Emerson","拉爾夫・沃爾多・愛默生","拉爾夫・沃爾多・愛默生","Essays／《論文集》","Self-Reliance","https://www.gutenberg.org/ebooks/16643","https://www.gutenberg.org/cache/epub/16643/pg16643.txt","1841（所選文章）","1882","Hong Kong","Public domain original — research assessment","原作者卒於1882年，已超過香港文學作品一般作者身後50年的保護期；只取歷史原文，不含現代譯文、編者註解或版面。","https://www.ip.gov.hk/en/types-of-ip/copyright/duration-of-copyright/index.html","https://www.gutenberg.org/ebooks/16643","英文保留來源摘句；繁體中文為2026-09-21獨立新譯，以香港讀者易讀的白話表達，未把護老者情境加進引文本身。","護老者; 文學陪伴; C08; 好無助，唔知點算; 文學／哲思","原文已與source_text_url所列文本核對，忽略排版空白及標點差異；保留摘句邊界。護老者情境配對屬編輯判斷，並非原作者的臨床建議。","2026-09-21"
"HCQ0038","C08","好無助，唔知點算","找回選擇、小步前行、獲得支援","從小步、資訊與同行者開始；不要求單靠意志解決照顧困境。","文言中文","圖難於其易，為大於其細。","Approach difficult things through what is easy, and great things through what is small.","難事從容易的地方着手，大事從細小的地方開始。","Laozi (traditional attribution)","老子（傳統歸屬）","老子（傳統歸屬）","《道德經》","第63章","https://ctext.org/dao-de-jing","https://ctext.org/dao-de-jing","先秦古籍","古代；生卒年未確定","Hong Kong","Public domain original — research assessment","先秦／漢代傳世古籍原文，歷史作者及文本年代已遠超一般版權期限；只取古文，不含網站現代譯注或版面。","https://www.ip.gov.hk/en/types-of-ip/copyright/duration-of-copyright/index.html","https://ctext.org/dao-de-jing","古文保留來源文字；繁體中文白話及英文均為2026-09-21獨立新譯。","護老者; 文學陪伴; C08; 好無助，唔知點算; 中國古典哲學","原文已與source_text_url所列文本核對，忽略排版空白及標點差異；保留摘句邊界。護老者情境配對屬編輯判斷，並非原作者的臨床建議。","2026-09-21"
"HCQ0099","C08","好無助，唔知點算","找回選擇、小步前行、獲得支援","從小步、資訊與同行者開始；不要求單靠意志解決照顧困境。","文言中文","天下難事，必作於易，天下大事，必作於細。","The world's difficult undertakings begin with the easy; its great undertakings begin with the small.","天下的難事，要從容易處着手；天下的大事，要從細微處做起。","Laozi (traditional attribution)","老子（傳統歸屬）","老子（傳統歸屬）","《道德經》","第63章","https://ctext.org/dao-de-jing","https://ctext.org/dao-de-jing","先秦古籍","古代；生卒年未確定","Hong Kong","Public domain original — research assessment","先秦／漢代傳世古籍原文，歷史作者及文本年代已遠超一般版權期限；只取古文，不含網站現代譯注或版面。","https://www.ip.gov.hk/en/types-of-ip/copyright/duration-of-copyright/index.html","https://ctext.org/dao-de-jing","古文保留來源文字；繁體中文白話及英文均為2026-09-21獨立新譯。","護老者; 文學陪伴; C08; 好無助，唔知點算; 中國古典哲學","原文已與source_text_url所列文本核對，忽略排版空白及標點差異；保留摘句邊界。護老者情境配對屬編輯判斷，並非原作者的臨床建議。","2026-09-21"
"HCQ0051","C08","好無助，唔知點算","找回選擇、小步前行、獲得支援","從小步、資訊與同行者開始；不要求單靠意志解決照顧困境。","文言中文","合抱之木，生於毫末；九層之臺，起於累土；千里之行，始於足下。","A tree an armspan wide begins as a tiny shoot; a nine-storey terrace begins with piled earth; a thousand-mile journey begins beneath one's feet.","合抱的大樹從細芽長起，高臺從一堆堆泥土築成，千里路也從腳下的一步開始。","Laozi (traditional attribution)","老子（傳統歸屬）","老子（傳統歸屬）","《道德經》","第64章","https://ctext.org/dao-de-jing","https://ctext.org/dao-de-jing","先秦古籍","古代；生卒年未確定","Hong Kong","Public domain original — research assessment","先秦／漢代傳世古籍原文，歷史作者及文本年代已遠超一般版權期限；只取古文，不含網站現代譯注或版面。","https://www.ip.gov.hk/en/types-of-ip/copyright/duration-of-copyright/index.html","https://ctext.org/dao-de-jing","古文保留來源文字；繁體中文白話及英文均為2026-09-21獨立新譯。","護老者; 文學陪伴; C08; 好無助，唔知點算; 中國古典哲學","原文已與source_text_url所列文本核對，忽略排版空白及標點差異；保留摘句邊界。護老者情境配對屬編輯判斷，並非原作者的臨床建議。","2026-09-21"
"HCQ0077","C08","好無助，唔知點算","找回選擇、小步前行、獲得支援","從小步、資訊與同行者開始；不要求單靠意志解決照顧困境。","English","Wisely and slow; they stumble that run fast.","Wisely and slow; they stumble that run fast.","明智一點，慢慢來；跑得太急，容易絆倒。","William Shakespeare","威廉・莎士比亞","Friar Laurence（戲劇角色）","The Complete Works of William Shakespeare","Romeo and Juliet, 2.3; Friar Laurence","https://www.gutenberg.org/ebooks/100","https://www.gutenberg.org/cache/epub/100/pg100.txt","16至17世紀","1616","Hong Kong","Public domain original — research assessment","原作者卒於1616年，已超過香港文學作品一般作者身後50年的保護期；只取歷史原文，不含現代譯文、編者註解或版面。","https://www.ip.gov.hk/en/types-of-ip/copyright/duration-of-copyright/index.html","https://www.gutenberg.org/ebooks/100","英文保留來源摘句；繁體中文為2026-09-21獨立新譯，以香港讀者易讀的白話表達，未把護老者情境加進引文本身。","護老者; 文學陪伴; C08; 好無助，唔知點算; 文學／哲思","原文已與source_text_url所列文本核對，忽略排版空白及標點差異；保留摘句邊界。護老者情境配對屬編輯判斷，並非原作者的臨床建議。","2026-09-21"
"HCQ0040","C08","好無助，唔知點算","找回選擇、小步前行、獲得支援","從小步、資訊與同行者開始；不要求單靠意志解決照顧困境。","文言中文","故不積蹞步，無以致千里；不積小流，無以成江海。","Without gathering small steps, one cannot travel a thousand miles; without gathering small streams, one cannot make rivers and seas.","一步步累積，才能走到千里之外；一道道細流匯聚，才能成為江海。","Xunzi","荀子","荀子","《荀子·勸學》","勸學","https://ctext.org/xunzi/quan-xue","https://ctext.org/xunzi/quan-xue","先秦古籍","約公元前238年","Hong Kong","Public domain original — research assessment","先秦／漢代傳世古籍原文，歷史作者及文本年代已遠超一般版權期限；只取古文，不含網站現代譯注或版面。","https://www.ip.gov.hk/en/types-of-ip/copyright/duration-of-copyright/index.html","https://ctext.org/xunzi/quan-xue","古文保留來源文字；繁體中文白話及英文均為2026-09-21獨立新譯。","護老者; 文學陪伴; C08; 好無助，唔知點算; 中國古典哲學","原文已與source_text_url所列文本核對，忽略排版空白及標點差異；保留摘句邊界。護老者情境配對屬編輯判斷，並非原作者的臨床建議。","2026-09-21"
"HCQ0161","C08","好無助，唔知點算","找回選擇、小步前行、獲得支援","從小步、資訊與同行者開始；不要求單靠意志解決照顧困境。","English","We have not wings, we cannot soar; But we have feet to scale and climb By slow degrees, by more and more, The cloudy summits of our time.","We have not wings, we cannot soar; But we have feet to scale and climb By slow degrees, by more and more, The cloudy summits of our time.","我們沒有翅膀，不能高飛；但我們有雙腳，可以一點一點，攀上這個時代雲霧中的山峰。","Henry Wadsworth Longfellow","亨利・沃茲沃思・朗費羅","詩中抒情者","The Complete Poetical Works of Henry Wadsworth Longfellow","The Ladder of St. Augustine","https://www.gutenberg.org/ebooks/1365","https://www.gutenberg.org/cache/epub/1365/pg1365.txt","19世紀（各詩篇年份不同）","1882","Hong Kong","Public domain original — research assessment","原作者卒於1882年，已超過香港文學作品一般作者身後50年的保護期；只取歷史原文，不含現代譯文、編者註解或版面。","https://www.ip.gov.hk/en/types-of-ip/copyright/duration-of-copyright/index.html","https://www.gutenberg.org/ebooks/1365","英文保留來源摘句；繁體中文為2026-09-21獨立新譯，以香港讀者易讀的白話表達，未把護老者情境加進引文本身。","護老者; 文學陪伴; C08; 好無助，唔知點算; 文學／哲思","原文已與source_text_url所列文本核對，忽略排版空白及標點差異；保留摘句邊界。護老者情境配對屬編輯判斷，並非原作者的臨床建議。","2026-09-21"
"HCQ0167","C08","好無助，唔知點算","找回選擇、小步前行、獲得支援","從小步、資訊與同行者開始；不要求單靠意志解決照顧困境。","文言中文","物有本末，事有終始，知所先後，則近道矣。","Things have roots and branches; affairs have endings and beginnings. Knowing their order brings one close to the Way.","事物有根本與枝節，事情有開始與終結；知道先後，便更接近合宜的做法。","Anonymous; traditional attribution to Zengzi and his school","作者未確定（傳統歸於曾子及其學派）","《大學》文本（作者未確定）","《禮記·大學》","《禮記·大學》首段","https://ctext.org/liji/da-xue","https://ctext.org/liji/da-xue","先秦至漢代傳世文本","古代","Hong Kong","Public domain original — research assessment","先秦／漢代傳世古籍原文，歷史作者及文本年代已遠超一般版權期限；只取古文，不含網站現代譯注或版面。","https://www.ip.gov.hk/en/types-of-ip/copyright/duration-of-copyright/index.html","https://ctext.org/liji/da-xue","古文保留來源文字；繁體中文白話及英文均為2026-09-21獨立新譯。","護老者; 文學陪伴; C08; 好無助，唔知點算; 中國古典哲學","原文已與source_text_url所列文本核對，忽略排版空白及標點差異；保留摘句邊界。護老者情境配對屬編輯判斷，並非原作者的臨床建議。","2026-09-21"
"HCQ0008","C08","好無助，唔知點算","找回選擇、小步前行、獲得支援","從小步、資訊與同行者開始；不要求單靠意志解決照顧困境。","English","The unwritten only still belongs to thee: Take heed, and ponder well what that shall be.","The unwritten only still belongs to thee: Take heed, and ponder well what that shall be.","還未寫下的篇章，依然屬於你。留心想一想，你想怎樣寫下去。","Henry Wadsworth Longfellow","亨利・沃茲沃思・朗費羅","詩中抒情者","The Complete Poetical Works of Henry Wadsworth Longfellow","Morituri Salutamus","https://www.gutenberg.org/ebooks/1365","https://www.gutenberg.org/cache/epub/1365/pg1365.txt","19世紀（各詩篇年份不同）","1882","Hong Kong","Public domain original — research assessment","原作者卒於1882年，已超過香港文學作品一般作者身後50年的保護期；只取歷史原文，不含現代譯文、編者註解或版面。","https://www.ip.gov.hk/en/types-of-ip/copyright/duration-of-copyright/index.html","https://www.gutenberg.org/ebooks/1365","英文保留來源摘句；繁體中文為2026-09-21獨立新譯，以香港讀者易讀的白話表達，未把護老者情境加進引文本身。","護老者; 文學陪伴; C08; 好無助，唔知點算; 文學／哲思","原文已與source_text_url所列文本核對，忽略排版空白及標點差異；保留摘句邊界。護老者情境配對屬編輯判斷，並非原作者的臨床建議。","2026-09-21"
"HCQ0136","C08","好無助，唔知點算","找回選擇、小步前行、獲得支援","從小步、資訊與同行者開始；不要求單靠意志解決照顧困境。","English","Every end is a beginning.","Every end is a beginning.","每一個結束，也是一個開始。","Ralph Waldo Emerson","拉爾夫・沃爾多・愛默生","拉爾夫・沃爾多・愛默生","Essays／《論文集》","Circles","https://www.gutenberg.org/ebooks/16643","https://www.gutenberg.org/cache/epub/16643/pg16643.txt","1841（所選文章）","1882","Hong Kong","Public domain original — research assessment","原作者卒於1882年，已超過香港文學作品一般作者身後50年的保護期；只取歷史原文，不含現代譯文、編者註解或版面。","https://www.ip.gov.hk/en/types-of-ip/copyright/duration-of-copyright/index.html","https://www.gutenberg.org/ebooks/16643","英文保留來源摘句；繁體中文為2026-09-21獨立新譯，以香港讀者易讀的白話表達，未把護老者情境加進引文本身。","護老者; 文學陪伴; C08; 好無助，唔知點算; 文學／哲思","原文已與source_text_url所列文本核對，忽略排版空白及標點差異；保留摘句邊界。護老者情境配對屬編輯判斷，並非原作者的臨床建議。","2026-09-21"
"HCQ0046","C08","好無助，唔知點算","找回選擇、小步前行、獲得支援","從小步、資訊與同行者開始；不要求單靠意志解決照顧困境。","English","Man's life is a progress, and not a station.","Man's life is a progress, and not a station.","人生是一段行程，不是一個停靠站。","Ralph Waldo Emerson","拉爾夫・沃爾多・愛默生","拉爾夫・沃爾多・愛默生","Essays／《論文集》","Compensation","https://www.gutenberg.org/ebooks/16643","https://www.gutenberg.org/cache/epub/16643/pg16643.txt","1841（所選文章）","1882","Hong Kong","Public domain original — research assessment","原作者卒於1882年，已超過香港文學作品一般作者身後50年的保護期；只取歷史原文，不含現代譯文、編者註解或版面。","https://www.ip.gov.hk/en/types-of-ip/copyright/duration-of-copyright/index.html","https://www.gutenberg.org/ebooks/16643","英文保留來源摘句；繁體中文為2026-09-21獨立新譯，以香港讀者易讀的白話表達，未把護老者情境加進引文本身。","護老者; 文學陪伴; C08; 好無助，唔知點算; 文學／哲思","原文已與source_text_url所列文本核對，忽略排版空白及標點差異；保留摘句邊界。護老者情境配對屬編輯判斷，並非原作者的臨床建議。","2026-09-21"
"HCQ0044","C08","好無助，唔知點算","找回選擇、小步前行、獲得支援","從小步、資訊與同行者開始；不要求單靠意志解決照顧困境。","English","Things do not change; we change.","Things do not change; we change.","事物沒有改變，改變的是我們。","Henry David Thoreau","亨利・大衛・梭羅","亨利・大衛・梭羅","Walden／《湖濱散記》","Walden — Conclusion","https://www.gutenberg.org/ebooks/205","https://www.gutenberg.org/cache/epub/205/pg205.txt","1854","1862","Hong Kong","Public domain original — research assessment","原作者卒於1862年，已超過香港文學作品一般作者身後50年的保護期；只取歷史原文，不含現代譯文、編者註解或版面。","https://www.ip.gov.hk/en/types-of-ip/copyright/duration-of-copyright/index.html","https://www.gutenberg.org/ebooks/205","英文保留來源摘句；繁體中文為2026-09-21獨立新譯，以香港讀者易讀的白話表達，未把護老者情境加進引文本身。","護老者; 文學陪伴; C08; 好無助，唔知點算; 文學／哲思","原文已與source_text_url所列文本核對，忽略排版空白及標點差異；保留摘句邊界。護老者情境配對屬編輯判斷，並非原作者的臨床建議。","2026-09-21"
"HCQ0106","C08","好無助，唔知點算","找回選擇、小步前行、獲得支援","從小步、資訊與同行者開始；不要求單靠意志解決照顧困境。","English","Morning is when I am awake and there is a dawn in me.","Morning is when I am awake and there is a dawn in me.","當我真正醒來，心裏有了曙光，那就是清晨。","Henry David Thoreau","亨利・大衛・梭羅","亨利・大衛・梭羅","Walden／《湖濱散記》","Walden — Where I Lived, and What I Lived For","https://www.gutenberg.org/ebooks/205","https://www.gutenberg.org/cache/epub/205/pg205.txt","1854","1862","Hong Kong","Public domain original — research assessment","原作者卒於1862年，已超過香港文學作品一般作者身後50年的保護期；只取歷史原文，不含現代譯文、編者註解或版面。","https://www.ip.gov.hk/en/types-of-ip/copyright/duration-of-copyright/index.html","https://www.gutenberg.org/ebooks/205","英文保留來源摘句；繁體中文為2026-09-21獨立新譯，以香港讀者易讀的白話表達，未把護老者情境加進引文本身。","護老者; 文學陪伴; C08; 好無助，唔知點算; 文學／哲思","原文已與source_text_url所列文本核對，忽略排版空白及標點差異；保留摘句邊界。護老者情境配對屬編輯判斷，並非原作者的臨床建議。","2026-09-21"
"HCQ0164","C08","好無助，唔知點算","找回選擇、小步前行、獲得支援","從小步、資訊與同行者開始；不要求單靠意志解決照顧困境。","English","Only that day dawns to which we are awake. There is more day to dawn. The sun is but a morning star.","Only that day dawns to which we are awake. There is more day to dawn. The sun is but a morning star.","只有當我們醒來，那一天才真正破曉。前面還有更多白晝，太陽也只是一顆晨星。","Henry David Thoreau","亨利・大衛・梭羅","亨利・大衛・梭羅","Walden／《湖濱散記》","Walden — Conclusion","https://www.gutenberg.org/ebooks/205","https://www.gutenberg.org/cache/epub/205/pg205.txt","1854","1862","Hong Kong","Public domain original — research assessment","原作者卒於1862年，已超過香港文學作品一般作者身後50年的保護期；只取歷史原文，不含現代譯文、編者註解或版面。","https://www.ip.gov.hk/en/types-of-ip/copyright/duration-of-copyright/index.html","https://www.gutenberg.org/ebooks/205","英文保留來源摘句；繁體中文為2026-09-21獨立新譯，以香港讀者易讀的白話表達，未把護老者情境加進引文本身。","護老者; 文學陪伴; C08; 好無助，唔知點算; 文學／哲思","原文已與source_text_url所列文本核對，忽略排版空白及標點差異；保留摘句邊界。護老者情境配對屬編輯判斷，並非原作者的臨床建議。","2026-09-21"
"HCQ0139","C08","好無助，唔知點算","找回選擇、小步前行、獲得支援","從小步、資訊與同行者開始；不要求單靠意志解決照顧困境。","English","Not knowing when the dawn will come I open every door;","Not knowing when the dawn will come I open every door;","不知道黎明何時到來，我便把每一扇門都打開。","Emily Dickinson","艾蜜莉・狄金森","詩中抒情者","Poems by Emily Dickinson, Three Series","Series III — Nature VII, Dawn","https://www.gutenberg.org/ebooks/12242","https://www.gutenberg.org/cache/epub/12242/pg12242.txt","1890／1891／1896（早期編訂本）","1886","Hong Kong","Public domain original — research assessment","原作者卒於1886年，已超過香港文學作品一般作者身後50年的保護期；只取歷史原文，不含現代譯文、編者註解或版面。所用為19世紀已出版的早期編訂文本，不採1955或1998年現代校訂版本。","https://www.ip.gov.hk/en/types-of-ip/copyright/duration-of-copyright/index.html","https://www.gutenberg.org/ebooks/12242 ; https://www.emilydickinsonmuseum.org/roomitem/mabel-loomis-todd/","英文保留來源摘句；繁體中文為2026-09-21獨立新譯，以香港讀者易讀的白話表達，未把護老者情境加進引文本身。","護老者; 文學陪伴; C08; 好無助，唔知點算; 文學／哲思","原文已與source_text_url所列文本核對，忽略排版空白及標點差異；保留摘句邊界。護老者情境配對屬編輯判斷，並非原作者的臨床建議。 希望與安慰屬文學表達，不是對病情、關係或情緒恢復時間的保證。","2026-09-21"
"HCQ0022","C08","好無助，唔知點算","找回選擇、小步前行、獲得支援","從小步、資訊與同行者開始；不要求單靠意志解決照顧困境。","English","Hope is the thing with feathers That perches in the soul, And sings the tune without the words, And never stops at all,","Hope is the thing with feathers That perches in the soul, And sings the tune without the words, And never stops at all,","希望是一隻有羽毛的小鳥，停在心靈深處，唱着沒有歌詞的旋律，從不停歇。","Emily Dickinson","艾蜜莉・狄金森","詩中抒情者","Poems by Emily Dickinson, Three Series","Series II — Life VI, Hope","https://www.gutenberg.org/ebooks/12242","https://www.gutenberg.org/cache/epub/12242/pg12242.txt","1890／1891／1896（早期編訂本）","1886","Hong Kong","Public domain original — research assessment","原作者卒於1886年，已超過香港文學作品一般作者身後50年的保護期；只取歷史原文，不含現代譯文、編者註解或版面。所用為19世紀已出版的早期編訂文本，不採1955或1998年現代校訂版本。","https://www.ip.gov.hk/en/types-of-ip/copyright/duration-of-copyright/index.html","https://www.gutenberg.org/ebooks/12242 ; https://www.emilydickinsonmuseum.org/roomitem/mabel-loomis-todd/","英文保留來源摘句；繁體中文為2026-09-21獨立新譯，以香港讀者易讀的白話表達，未把護老者情境加進引文本身。","護老者; 文學陪伴; C08; 好無助，唔知點算; 文學／哲思","原文已與source_text_url所列文本核對，忽略排版空白及標點差異；保留摘句邊界。護老者情境配對屬編輯判斷，並非原作者的臨床建議。 希望與安慰屬文學表達，不是對病情、關係或情緒恢復時間的保證。","2026-09-21"
"HCQ0117","C08","好無助，唔知點算","找回選擇、小步前行、獲得支援","從小步、資訊與同行者開始；不要求單靠意志解決照顧困境。","English","And like seeds dreaming beneath the snow your heart dreams of spring.","And like seeds dreaming beneath the snow your heart dreams of spring.","像白雪下做着夢的種子，你的心也在夢着春天。","Kahlil Gibran","紀伯倫","Almustafa／阿爾穆斯塔法（作品人物）","The Prophet／《先知》","On Death","https://www.gutenberg.org/ebooks/58585","https://www.gutenberg.org/cache/epub/58585/pg58585.txt","1923","1931","Hong Kong","Public domain original — research assessment","原作者卒於1931年，已超過香港文學作品一般作者身後50年的保護期；只取歷史原文，不含現代譯文、編者註解或版面。","https://www.ip.gov.hk/en/types-of-ip/copyright/duration-of-copyright/index.html","https://www.gutenberg.org/ebooks/58585","英文保留來源摘句；繁體中文為2026-09-21獨立新譯，以香港讀者易讀的白話表達，未把護老者情境加進引文本身。","護老者; 文學陪伴; C08; 好無助，唔知點算; 寓言散文詩; 靈性文學","原文已與source_text_url所列文本核對，忽略排版空白及標點差異；保留摘句邊界。護老者情境配對屬編輯判斷，並非原作者的臨床建議。 說話者為作品人物Almustafa，並非作者訪談。 希望與安慰屬文學表達，不是對病情、關係或情緒恢復時間的保證。","2026-09-21"
"HCQ0172","C08","好無助，唔知點算","找回選擇、小步前行、獲得支援","從小步、資訊與同行者開始；不要求單靠意志解決照顧困境。","English","And though in your winter you deny your spring, Yet spring, reposing within you, smiles in her drowsiness and is not offended.","And though in your winter you deny your spring, Yet spring, reposing within you, smiles in her drowsiness and is not offended.","即使在冬天，你不相信春天仍在，心裏休息着的春天，依然帶着睡意微笑，並不怪你。","Kahlil Gibran","紀伯倫","Almustafa／阿爾穆斯塔法（作品人物）","The Prophet／《先知》","The Farewell","https://www.gutenberg.org/ebooks/58585","https://www.gutenberg.org/cache/epub/58585/pg58585.txt","1923","1931","Hong Kong","Public domain original — research assessment","原作者卒於1931年，已超過香港文學作品一般作者身後50年的保護期；只取歷史原文，不含現代譯文、編者註解或版面。","https://www.ip.gov.hk/en/types-of-ip/copyright/duration-of-copyright/index.html","https://www.gutenberg.org/ebooks/58585","英文保留來源摘句；繁體中文為2026-09-21獨立新譯，以香港讀者易讀的白話表達，未把護老者情境加進引文本身。","護老者; 文學陪伴; C08; 好無助，唔知點算; 寓言散文詩; 靈性文學","原文已與source_text_url所列文本核對，忽略排版空白及標點差異；保留摘句邊界。護老者情境配對屬編輯判斷，並非原作者的臨床建議。 說話者為作品人物Almustafa，並非作者訪談。 希望與安慰屬文學表達，不是對病情、關係或情緒恢復時間的保證。","2026-09-21"
"HCQ0004","C08","好無助，唔知點算","找回選擇、小步前行、獲得支援","從小步、資訊與同行者開始；不要求單靠意志解決照顧困境。","文言中文","飄風不終朝，驟雨不終日。","A fierce wind does not blow all morning, nor does heavy rain fall all day.","狂風不會吹足一個早上，暴雨也不會下足一整天。","Laozi (traditional attribution)","老子（傳統歸屬）","老子（傳統歸屬）","《道德經》","第23章","https://ctext.org/dao-de-jing","https://ctext.org/dao-de-jing","先秦古籍","古代；生卒年未確定","Hong Kong","Public domain original — research assessment","先秦／漢代傳世古籍原文，歷史作者及文本年代已遠超一般版權期限；只取古文，不含網站現代譯注或版面。","https://www.ip.gov.hk/en/types-of-ip/copyright/duration-of-copyright/index.html","https://ctext.org/dao-de-jing","古文保留來源文字；繁體中文白話及英文均為2026-09-21獨立新譯。","護老者; 文學陪伴; C08; 好無助，唔知點算; 中國古典哲學","原文已與source_text_url所列文本核對，忽略排版空白及標點差異；保留摘句邊界。護老者情境配對屬編輯判斷，並非原作者的臨床建議。","2026-09-21"
"HCQ0010","C08","好無助，唔知點算","找回選擇、小步前行、獲得支援","從小步、資訊與同行者開始；不要求單靠意志解決照顧困境。","English","Here a mist, and there a mist, Afterwards -- day!","Here a mist, and there a mist, Afterwards -- day!","這裏一片霧，那裏一片霧；霧後，就是白晝。","Emily Dickinson","艾蜜莉・狄金森","詩中抒情者","Poems by Emily Dickinson, Three Series","Series I — Life II","https://www.gutenberg.org/ebooks/12242","https://www.gutenberg.org/cache/epub/12242/pg12242.txt","1890／1891／1896（早期編訂本）","1886","Hong Kong","Public domain original — research assessment","原作者卒於1886年，已超過香港文學作品一般作者身後50年的保護期；只取歷史原文，不含現代譯文、編者註解或版面。所用為19世紀已出版的早期編訂文本，不採1955或1998年現代校訂版本。","https://www.ip.gov.hk/en/types-of-ip/copyright/duration-of-copyright/index.html","https://www.gutenberg.org/ebooks/12242 ; https://www.emilydickinsonmuseum.org/roomitem/mabel-loomis-todd/","英文保留來源摘句；繁體中文為2026-09-21獨立新譯，以香港讀者易讀的白話表達，未把護老者情境加進引文本身。","護老者; 文學陪伴; C08; 好無助，唔知點算; 文學／哲思","原文已與source_text_url所列文本核對，忽略排版空白及標點差異；保留摘句邊界。護老者情境配對屬編輯判斷，並非原作者的臨床建議。","2026-09-21"
"HCQ0027","C08","好無助，唔知點算","找回選擇、小步前行、獲得支援","從小步、資訊與同行者開始；不要求單靠意志解決照顧困境。","English","You are good when you walk to your goal firmly and with bold steps. Yet you are not evil when you go thither limping.","You are good when you walk to your goal firmly and with bold steps. Yet you are not evil when you go thither limping.","你堅定地走向目標，是好的；即使你一拐一拐地前行，也不代表你不好。","Kahlil Gibran","紀伯倫","Almustafa／阿爾穆斯塔法（作品人物）","The Prophet／《先知》","On Good and Evil","https://www.gutenberg.org/ebooks/58585","https://www.gutenberg.org/cache/epub/58585/pg58585.txt","1923","1931","Hong Kong","Public domain original — research assessment","原作者卒於1931年，已超過香港文學作品一般作者身後50年的保護期；只取歷史原文，不含現代譯文、編者註解或版面。","https://www.ip.gov.hk/en/types-of-ip/copyright/duration-of-copyright/index.html","https://www.gutenberg.org/ebooks/58585","英文保留來源摘句；繁體中文為2026-09-21獨立新譯，以香港讀者易讀的白話表達，未把護老者情境加進引文本身。","護老者; 文學陪伴; C08; 好無助，唔知點算; 寓言散文詩; 靈性文學","原文已與source_text_url所列文本核對，忽略排版空白及標點差異；保留摘句邊界。護老者情境配對屬編輯判斷，並非原作者的臨床建議。 說話者為作品人物Almustafa，並非作者訪談。","2026-09-21"
"HCQ0049","C08","好無助，唔知點算","找回選擇、小步前行、獲得支援","從小步、資訊與同行者開始；不要求單靠意志解決照顧困境。","English","You are good when you are one with yourself. Yet when you are not one with yourself you are not evil.","You are good when you are one with yourself. Yet when you are not one with yourself you are not evil.","與自己和諧相處，是好的；暫時做不到，也不表示你不好。","Kahlil Gibran","紀伯倫","Almustafa／阿爾穆斯塔法（作品人物）","The Prophet／《先知》","On Good and Evil","https://www.gutenberg.org/ebooks/58585","https://www.gutenberg.org/cache/epub/58585/pg58585.txt","1923","1931","Hong Kong","Public domain original — research assessment","原作者卒於1931年，已超過香港文學作品一般作者身後50年的保護期；只取歷史原文，不含現代譯文、編者註解或版面。","https://www.ip.gov.hk/en/types-of-ip/copyright/duration-of-copyright/index.html","https://www.gutenberg.org/ebooks/58585","英文保留來源摘句；繁體中文為2026-09-21獨立新譯，以香港讀者易讀的白話表達，未把護老者情境加進引文本身。","護老者; 文學陪伴; C08; 好無助，唔知點算; 寓言散文詩; 靈性文學","原文已與source_text_url所列文本核對，忽略排版空白及標點差異；保留摘句邊界。護老者情境配對屬編輯判斷，並非原作者的臨床建議。 說話者為作品人物Almustafa，並非作者訪談。","2026-09-21"
"HCQ0129","C08","好無助，唔知點算","找回選擇、小步前行、獲得支援","從小步、資訊與同行者開始；不要求單靠意志解決照顧困境。","English","To measure you by your smallest deed is to reckon the power of ocean by the frailty of its foam.","To measure you by your smallest deed is to reckon the power of ocean by the frailty of its foam.","只憑你最微小的一次行動衡量你，就像用泡沫的脆弱，判斷大海的力量。","Kahlil Gibran","紀伯倫","Almustafa／阿爾穆斯塔法（作品人物）","The Prophet／《先知》","The Farewell","https://www.gutenberg.org/ebooks/58585","https://www.gutenberg.org/cache/epub/58585/pg58585.txt","1923","1931","Hong Kong","Public domain original — research assessment","原作者卒於1931年，已超過香港文學作品一般作者身後50年的保護期；只取歷史原文，不含現代譯文、編者註解或版面。","https://www.ip.gov.hk/en/types-of-ip/copyright/duration-of-copyright/index.html","https://www.gutenberg.org/ebooks/58585","英文保留來源摘句；繁體中文為2026-09-21獨立新譯，以香港讀者易讀的白話表達，未把護老者情境加進引文本身。","護老者; 文學陪伴; C08; 好無助，唔知點算; 寓言散文詩; 靈性文學","原文已與source_text_url所列文本核對，忽略排版空白及標點差異；保留摘句邊界。護老者情境配對屬編輯判斷，並非原作者的臨床建議。 說話者為作品人物Almustafa，並非作者訪談。","2026-09-21"
"HCQ0149","C08","好無助，唔知點算","找回選擇、小步前行、獲得支援","從小步、資訊與同行者開始；不要求單靠意志解決照顧困境。","English","To judge you by your failures is to cast blame upon the seasons for their inconstancy.","To judge you by your failures is to cast blame upon the seasons for their inconstancy.","只憑失敗來評斷你，就像責怪季節為甚麼總在變換。","Kahlil Gibran","紀伯倫","Almustafa／阿爾穆斯塔法（作品人物）","The Prophet／《先知》","The Farewell","https://www.gutenberg.org/ebooks/58585","https://www.gutenberg.org/cache/epub/58585/pg58585.txt","1923","1931","Hong Kong","Public domain original — research assessment","原作者卒於1931年，已超過香港文學作品一般作者身後50年的保護期；只取歷史原文，不含現代譯文、編者註解或版面。","https://www.ip.gov.hk/en/types-of-ip/copyright/duration-of-copyright/index.html","https://www.gutenberg.org/ebooks/58585","英文保留來源摘句；繁體中文為2026-09-21獨立新譯，以香港讀者易讀的白話表達，未把護老者情境加進引文本身。","護老者; 文學陪伴; C08; 好無助，唔知點算; 寓言散文詩; 靈性文學","原文已與source_text_url所列文本核對，忽略排版空白及標點差異；保留摘句邊界。護老者情境配對屬編輯判斷，並非原作者的臨床建議。 說話者為作品人物Almustafa，並非作者訪談。","2026-09-21"
"HCQ0059","C08","好無助，唔知點算","找回選擇、小步前行、獲得支援","從小步、資訊與同行者開始；不要求單靠意志解決照顧困境。","文言中文","大成若缺，其用不弊。","Great completeness seems imperfect, yet its usefulness does not fail.","最完整的成就，看來也可能有所欠缺，卻不妨礙它發揮作用。","Laozi (traditional attribution)","老子（傳統歸屬）","老子（傳統歸屬）","《道德經》","第45章","https://ctext.org/dao-de-jing","https://ctext.org/dao-de-jing","先秦古籍","古代；生卒年未確定","Hong Kong","Public domain original — research assessment","先秦／漢代傳世古籍原文，歷史作者及文本年代已遠超一般版權期限；只取古文，不含網站現代譯注或版面。","https://www.ip.gov.hk/en/types-of-ip/copyright/duration-of-copyright/index.html","https://ctext.org/dao-de-jing","古文保留來源文字；繁體中文白話及英文均為2026-09-21獨立新譯。","護老者; 文學陪伴; C08; 好無助，唔知點算; 中國古典哲學","原文已與source_text_url所列文本核對，忽略排版空白及標點差異；保留摘句邊界。護老者情境配對屬編輯判斷，並非原作者的臨床建議。","2026-09-21"
"HCQ0048","C08","好無助，唔知點算","找回選擇、小步前行、獲得支援","從小步、資訊與同行者開始；不要求單靠意志解決照顧困境。","English","If a man does not keep pace with his companions, perhaps it is because he hears a different drummer. Let him step to the music which he hears, however measured or far away.","If a man does not keep pace with his companions, perhaps it is because he hears a different drummer. Let him step to the music which he hears, however measured or far away.","有人跟不上同伴，也許只是聽見了不同的鼓聲。讓他按自己聽見的節奏走吧，不管那節奏多慢、多遠。","Henry David Thoreau","亨利・大衛・梭羅","亨利・大衛・梭羅","Walden／《湖濱散記》","Walden — Conclusion","https://www.gutenberg.org/ebooks/205","https://www.gutenberg.org/cache/epub/205/pg205.txt","1854","1862","Hong Kong","Public domain original — research assessment","原作者卒於1862年，已超過香港文學作品一般作者身後50年的保護期；只取歷史原文，不含現代譯文、編者註解或版面。","https://www.ip.gov.hk/en/types-of-ip/copyright/duration-of-copyright/index.html","https://www.gutenberg.org/ebooks/205","英文保留來源摘句；繁體中文為2026-09-21獨立新譯，以香港讀者易讀的白話表達，未把護老者情境加進引文本身。","護老者; 文學陪伴; C08; 好無助，唔知點算; 文學／哲思","原文已與source_text_url所列文本核對，忽略排版空白及標點差異；保留摘句邊界。護老者情境配對屬編輯判斷，並非原作者的臨床建議。","2026-09-21"
"HCQ0093","C08","好無助，唔知點算","找回選擇、小步前行、獲得支援","從小步、資訊與同行者開始；不要求單靠意志解決照顧困境。","English","It is not important that he should mature as soon as an apple-tree or an oak. Shall he turn his spring into summer?","It is not important that he should mature as soon as an apple-tree or an oak. Shall he turn his spring into summer?","他不必像蘋果樹或橡樹一樣快地成熟。難道要把自己的春天，急着變成夏天？","Henry David Thoreau","亨利・大衛・梭羅","亨利・大衛・梭羅","Walden／《湖濱散記》","Walden — Conclusion","https://www.gutenberg.org/ebooks/205","https://www.gutenberg.org/cache/epub/205/pg205.txt","1854","1862","Hong Kong","Public domain original — research assessment","原作者卒於1862年，已超過香港文學作品一般作者身後50年的保護期；只取歷史原文，不含現代譯文、編者註解或版面。","https://www.ip.gov.hk/en/types-of-ip/copyright/duration-of-copyright/index.html","https://www.gutenberg.org/ebooks/205","英文保留來源摘句；繁體中文為2026-09-21獨立新譯，以香港讀者易讀的白話表達，未把護老者情境加進引文本身。","護老者; 文學陪伴; C08; 好無助，唔知點算; 文學／哲思","原文已與source_text_url所列文本核對，忽略排版空白及標點差異；保留摘句邊界。護老者情境配對屬編輯判斷，並非原作者的臨床建議。","2026-09-21"
"HCQ0171","C08","好無助，唔知點算","找回選擇、小步前行、獲得支援","從小步、資訊與同行者開始；不要求單靠意志解決照顧困境。","English","And though heavy-grounded ships await the tide upon your shores, yet, even like an ocean, you cannot hasten your tides.","And though heavy-grounded ships await the tide upon your shores, yet, even like an ocean, you cannot hasten your tides.","即使沉重的船在岸邊等候潮水，你也和大海一樣，無法催促自己的潮汐。","Kahlil Gibran","紀伯倫","Almustafa／阿爾穆斯塔法（作品人物）","The Prophet／《先知》","The Farewell","https://www.gutenberg.org/ebooks/58585","https://www.gutenberg.org/cache/epub/58585/pg58585.txt","1923","1931","Hong Kong","Public domain original — research assessment","原作者卒於1931年，已超過香港文學作品一般作者身後50年的保護期；只取歷史原文，不含現代譯文、編者註解或版面。","https://www.ip.gov.hk/en/types-of-ip/copyright/duration-of-copyright/index.html","https://www.gutenberg.org/ebooks/58585","英文保留來源摘句；繁體中文為2026-09-21獨立新譯，以香港讀者易讀的白話表達，未把護老者情境加進引文本身。","護老者; 文學陪伴; C08; 好無助，唔知點算; 寓言散文詩; 靈性文學","原文已與source_text_url所列文本核對，忽略排版空白及標點差異；保留摘句邊界。護老者情境配對屬編輯判斷，並非原作者的臨床建議。 說話者為作品人物Almustafa，並非作者訪談。","2026-09-21"
"HCQ0168","C08","好無助，唔知點算","找回選擇、小步前行、獲得支援","從小步、資訊與同行者開始；不要求單靠意志解決照顧困境。","English","You are also as strong as your strongest link.","You are also as strong as your strongest link.","你也擁有自己最堅強的那一環的力量。","Kahlil Gibran","紀伯倫","Almustafa／阿爾穆斯塔法（作品人物）","The Prophet／《先知》","The Farewell","https://www.gutenberg.org/ebooks/58585","https://www.gutenberg.org/cache/epub/58585/pg58585.txt","1923","1931","Hong Kong","Public domain original — research assessment","原作者卒於1931年，已超過香港文學作品一般作者身後50年的保護期；只取歷史原文，不含現代譯文、編者註解或版面。","https://www.ip.gov.hk/en/types-of-ip/copyright/duration-of-copyright/index.html","https://www.gutenberg.org/ebooks/58585","英文保留來源摘句；繁體中文為2026-09-21獨立新譯，以香港讀者易讀的白話表達，未把護老者情境加進引文本身。","護老者; 文學陪伴; C08; 好無助，唔知點算; 寓言散文詩; 靈性文學","原文已與source_text_url所列文本核對，忽略排版空白及標點差異；保留摘句邊界。護老者情境配對屬編輯判斷，並非原作者的臨床建議。 說話者為作品人物Almustafa，並非作者訪談。","2026-09-21"
"HCQ0158","C08","好無助，唔知點算","找回選擇、小步前行、獲得支援","從小步、資訊與同行者開始；不要求單靠意志解決照顧困境。","English","I am larger, better than I thought, I did not know I held so much goodness.","I am larger, better than I thought, I did not know I held so much goodness.","我比自己想的更寬廣、更好；原來我心裏，藏着這麼多善意。","Walt Whitman","華特・惠特曼","詩中抒情者","Leaves of Grass／《草葉集》","Song of the Open Road, 5","https://www.gutenberg.org/ebooks/1322","https://www.gutenberg.org/cache/epub/1322/pg1322.txt","1855–1892（多次增訂）","1892","Hong Kong","Public domain original — research assessment","原作者卒於1892年，已超過香港文學作品一般作者身後50年的保護期；只取歷史原文，不含現代譯文、編者註解或版面。","https://www.ip.gov.hk/en/types-of-ip/copyright/duration-of-copyright/index.html","https://www.gutenberg.org/ebooks/1322","英文保留來源摘句；繁體中文為2026-09-21獨立新譯，以香港讀者易讀的白話表達，未把護老者情境加進引文本身。","護老者; 文學陪伴; C08; 好無助，唔知點算; 文學／哲思","原文已與source_text_url所列文本核對，忽略排版空白及標點差異；保留摘句邊界。護老者情境配對屬編輯判斷，並非原作者的臨床建議。","2026-09-21"
"HCQ0151","C08","好無助，唔知點算","找回選擇、小步前行、獲得支援","從小步、資訊與同行者開始；不要求單靠意志解決照顧困境。","English","Let a man then know his worth, and keep things under his feet.","Let a man then know his worth, and keep things under his feet.","讓人明白自己的價值，別反被外物駕馭。","Ralph Waldo Emerson","拉爾夫・沃爾多・愛默生","拉爾夫・沃爾多・愛默生","Essays／《論文集》","Self-Reliance","https://www.gutenberg.org/ebooks/16643","https://www.gutenberg.org/cache/epub/16643/pg16643.txt","1841（所選文章）","1882","Hong Kong","Public domain original — research assessment","原作者卒於1882年，已超過香港文學作品一般作者身後50年的保護期；只取歷史原文，不含現代譯文、編者註解或版面。","https://www.ip.gov.hk/en/types-of-ip/copyright/duration-of-copyright/index.html","https://www.gutenberg.org/ebooks/16643","英文保留來源摘句；繁體中文為2026-09-21獨立新譯，以香港讀者易讀的白話表達，未把護老者情境加進引文本身。","護老者; 文學陪伴; C08; 好無助，唔知點算; 文學／哲思","原文已與source_text_url所列文本核對，忽略排版空白及標點差異；保留摘句邊界。護老者情境配對屬編輯判斷，並非原作者的臨床建議。","2026-09-21"
"HCQ0137","C08","好無助，唔知點算","找回選擇、小步前行、獲得支援","從小步、資訊與同行者開始；不要求單靠意志解決照顧困境。","English","A friend is a person with whom I may be sincere.","A friend is a person with whom I may be sincere.","朋友，是讓我能夠真誠相待的人。","Ralph Waldo Emerson","拉爾夫・沃爾多・愛默生","拉爾夫・沃爾多・愛默生","Essays／《論文集》","Friendship","https://www.gutenberg.org/ebooks/16643","https://www.gutenberg.org/cache/epub/16643/pg16643.txt","1841（所選文章）","1882","Hong Kong","Public domain original — research assessment","原作者卒於1882年，已超過香港文學作品一般作者身後50年的保護期；只取歷史原文，不含現代譯文、編者註解或版面。","https://www.ip.gov.hk/en/types-of-ip/copyright/duration-of-copyright/index.html","https://www.gutenberg.org/ebooks/16643","英文保留來源摘句；繁體中文為2026-09-21獨立新譯，以香港讀者易讀的白話表達，未把護老者情境加進引文本身。","護老者; 文學陪伴; C08; 好無助，唔知點算; 文學／哲思","原文已與source_text_url所列文本核對，忽略排版空白及標點差異；保留摘句邊界。護老者情境配對屬編輯判斷，並非原作者的臨床建議。","2026-09-21"
"HCQ0056","C08","好無助，唔知點算","找回選擇、小步前行、獲得支援","從小步、資訊與同行者開始；不要求單靠意志解決照顧困境。","English","Camerado, I give you my hand! I give you my love more precious than money,","Camerado, I give you my hand! I give you my love more precious than money,","朋友，我向你伸出手，也把比金錢更珍貴的愛送給你。","Walt Whitman","華特・惠特曼","詩中抒情者","Leaves of Grass／《草葉集》","Song of the Open Road, 15","https://www.gutenberg.org/ebooks/1322","https://www.gutenberg.org/cache/epub/1322/pg1322.txt","1855–1892（多次增訂）","1892","Hong Kong","Public domain original — research assessment","原作者卒於1892年，已超過香港文學作品一般作者身後50年的保護期；只取歷史原文，不含現代譯文、編者註解或版面。","https://www.ip.gov.hk/en/types-of-ip/copyright/duration-of-copyright/index.html","https://www.gutenberg.org/ebooks/1322","英文保留來源摘句；繁體中文為2026-09-21獨立新譯，以香港讀者易讀的白話表達，未把護老者情境加進引文本身。","護老者; 文學陪伴; C08; 好無助，唔知點算; 文學／哲思","原文已與source_text_url所列文本核對，忽略排版空白及標點差異；保留摘句邊界。護老者情境配對屬編輯判斷，並非原作者的臨床建議。","2026-09-21"
"HCQ0119","C08","好無助，唔知點算","找回選擇、小步前行、獲得支援","從小步、資訊與同行者開始；不要求單靠意志解決照顧困境。","English（公版英譯來源；古代經文原語非英語）","For if they fall, the one will lift up his fellow;","For if they fall, the one will lift up his fellow;","若其中一人跌倒，另一人可以把同伴扶起。","Qoheleth; traditionally associated with Solomon","傳道者（傳統與所羅門相關）","傳道者（傳統與所羅門相關）","The Holy Bible — Ecclesiastes／《聖經·傳道書》（World English Bible, engwebp）","Ecclesiastes 4:10／傳道書 4:10（節錄）","https://ebible.org/engwebp/ECC04.htm#V10","https://ebible.org/engwebp/ECC04.htm#V10","古代經文；World English Bible 2020 stable text edition（engwebp；2026-09-21核對）","古代作者；現代英譯依出版方公版聲明，不以譯者死亡年限判斷","Hong Kong","Public domain dedication — publisher statement; Hong Kong use assessment","古代聖經文本；所用World English Bible英譯由出版方明確獻予公有領域，並允許複製、分發、出售及引用；不是依賴現代譯者死亡年限。繁體中文為本次由此英譯新譯，並非WEB官方中文版。","https://ebible.org/engwebp/copyright.htm","https://ebible.org/engwebp/copyright.htm","原文及英文欄為World English Bible英譯，並非古代原語；繁體中文為2026-09-21獨立新譯，非WEB官方中文版。","護老者; 文學陪伴; C08; 好無助，唔知點算; 基督宗教; faith:christian","原文已與source_text_url所列文本核對，忽略排版空白及標點差異；保留摘句邊界。護老者情境配對屬編輯判斷，並非原作者的臨床建議。 宗教來源已標籤，宜依使用者意願顯示；不把信仰教導當成必須遵守的要求。","2026-09-21"
"HCQ0138","C08","好無助，唔知點算","找回選擇、小步前行、獲得支援","從小步、資訊與同行者開始；不要求單靠意志解決照顧困境。","English（公版英譯來源；古代經文原語非英語）","Two are better than one, because they have a good reward for their labor.","Two are better than one, because they have a good reward for their labor.","兩個人比一個人好，因為彼此的勞作能有美好的成果。","Qoheleth; traditionally associated with Solomon","傳道者（傳統與所羅門相關）","傳道者（傳統與所羅門相關）","The Holy Bible — Ecclesiastes／《聖經·傳道書》（World English Bible, engwebp）","Ecclesiastes 4:9／傳道書 4:9","https://ebible.org/engwebp/ECC04.htm#V9","https://ebible.org/engwebp/ECC04.htm#V9","古代經文；World English Bible 2020 stable text edition（engwebp；2026-09-21核對）","古代作者；現代英譯依出版方公版聲明，不以譯者死亡年限判斷","Hong Kong","Public domain dedication — publisher statement; Hong Kong use assessment","古代聖經文本；所用World English Bible英譯由出版方明確獻予公有領域，並允許複製、分發、出售及引用；不是依賴現代譯者死亡年限。繁體中文為本次由此英譯新譯，並非WEB官方中文版。","https://ebible.org/engwebp/copyright.htm","https://ebible.org/engwebp/copyright.htm","原文及英文欄為World English Bible英譯，並非古代原語；繁體中文為2026-09-21獨立新譯，非WEB官方中文版。","護老者; 文學陪伴; C08; 好無助，唔知點算; 基督宗教; faith:christian","原文已與source_text_url所列文本核對，忽略排版空白及標點差異；保留摘句邊界。護老者情境配對屬編輯判斷，並非原作者的臨床建議。 宗教來源已標籤，宜依使用者意願顯示；不把信仰教導當成必須遵守的要求。","2026-09-21"
"HCQ0159","C08","好無助，唔知點算","找回選擇、小步前行、獲得支援","從小步、資訊與同行者開始；不要求單靠意志解決照顧困境。","English","If you tire, give me both burdens, and rest the chuff of your hand on my hip, And in due time you shall repay the same service to me,","If you tire, give me both burdens, and rest the chuff of your hand on my hip, And in due time you shall repay the same service to me,","你若累了，就把兩份行李都交給我，將手掌靠在我的腰旁歇一歇；到了合適的時候，你也可以這樣幫助我。","Walt Whitman","華特・惠特曼","詩中抒情者","Leaves of Grass／《草葉集》","Song of Myself, 46","https://www.gutenberg.org/ebooks/1322","https://www.gutenberg.org/cache/epub/1322/pg1322.txt","1855–1892（多次增訂）","1892","Hong Kong","Public domain original — research assessment","原作者卒於1892年，已超過香港文學作品一般作者身後50年的保護期；只取歷史原文，不含現代譯文、編者註解或版面。","https://www.ip.gov.hk/en/types-of-ip/copyright/duration-of-copyright/index.html","https://www.gutenberg.org/ebooks/1322","英文保留來源摘句；繁體中文為2026-09-21獨立新譯，以香港讀者易讀的白話表達，未把護老者情境加進引文本身。","護老者; 文學陪伴; C08; 好無助，唔知點算; 文學／哲思","原文已與source_text_url所列文本核對，忽略排版空白及標點差異；保留摘句邊界。護老者情境配對屬編輯判斷，並非原作者的臨床建議。 互助的文學描寫；求助不以日後有能力回報為前提。","2026-09-21"
"HCQ0074","C08","好無助，唔知點算","找回選擇、小步前行、獲得支援","從小步、資訊與同行者開始；不要求單靠意志解決照顧困境。","English","And what desert greater shall there be, than that which lies in the courage and the confidence, nay the charity, of receiving?","And what desert greater shall there be, than that which lies in the courage and the confidence, nay the charity, of receiving?","還有甚麼比願意接受時的勇氣、信任，甚至善意，更值得被珍惜？","Kahlil Gibran","紀伯倫","Almustafa／阿爾穆斯塔法（作品人物）","The Prophet／《先知》","On Giving","https://www.gutenberg.org/ebooks/58585","https://www.gutenberg.org/cache/epub/58585/pg58585.txt","1923","1931","Hong Kong","Public domain original — research assessment","原作者卒於1931年，已超過香港文學作品一般作者身後50年的保護期；只取歷史原文，不含現代譯文、編者註解或版面。","https://www.ip.gov.hk/en/types-of-ip/copyright/duration-of-copyright/index.html","https://www.gutenberg.org/ebooks/58585","英文保留來源摘句；繁體中文為2026-09-21獨立新譯，以香港讀者易讀的白話表達，未把護老者情境加進引文本身。","護老者; 文學陪伴; C08; 好無助，唔知點算; 寓言散文詩; 靈性文學","原文已與source_text_url所列文本核對，忽略排版空白及標點差異；保留摘句邊界。護老者情境配對屬編輯判斷，並非原作者的臨床建議。 說話者為作品人物Almustafa，並非作者訪談。","2026-09-21"
"HCQ0021","C08","好無助，唔知點算","找回選擇、小步前行、獲得支援","從小步、資訊與同行者開始；不要求單靠意志解決照顧困境。","English","For to the fruit giving is a need, as receiving is a need to the root.","For to the fruit giving is a need, as receiving is a need to the root.","果實需要給予，正如樹根需要接收。","Kahlil Gibran","紀伯倫","Almustafa／阿爾穆斯塔法（作品人物）","The Prophet／《先知》","On Good and Evil","https://www.gutenberg.org/ebooks/58585","https://www.gutenberg.org/cache/epub/58585/pg58585.txt","1923","1931","Hong Kong","Public domain original — research assessment","原作者卒於1931年，已超過香港文學作品一般作者身後50年的保護期；只取歷史原文，不含現代譯文、編者註解或版面。","https://www.ip.gov.hk/en/types-of-ip/copyright/duration-of-copyright/index.html","https://www.gutenberg.org/ebooks/58585","英文保留來源摘句；繁體中文為2026-09-21獨立新譯，以香港讀者易讀的白話表達，未把護老者情境加進引文本身。","護老者; 文學陪伴; C08; 好無助，唔知點算; 寓言散文詩; 靈性文學","原文已與source_text_url所列文本核對，忽略排版空白及標點差異；保留摘句邊界。護老者情境配對屬編輯判斷，並非原作者的臨床建議。 說話者為作品人物Almustafa，並非作者訪談。","2026-09-21"
"HCQ0072","C08","好無助，唔知點算","找回選擇、小步前行、獲得支援","從小步、資訊與同行者開始；不要求單靠意志解決照顧困境。","English","I love a broad margin to my life.","I love a broad margin to my life.","我喜歡在生活裏，留下一片寬闊的空白。","Henry David Thoreau","亨利・大衛・梭羅","亨利・大衛・梭羅","Walden／《湖濱散記》","Walden — Sounds","https://www.gutenberg.org/ebooks/205","https://www.gutenberg.org/cache/epub/205/pg205.txt","1854","1862","Hong Kong","Public domain original — research assessment","原作者卒於1862年，已超過香港文學作品一般作者身後50年的保護期；只取歷史原文，不含現代譯文、編者註解或版面。","https://www.ip.gov.hk/en/types-of-ip/copyright/duration-of-copyright/index.html","https://www.gutenberg.org/ebooks/205","英文保留來源摘句；繁體中文為2026-09-21獨立新譯，以香港讀者易讀的白話表達，未把護老者情境加進引文本身。","護老者; 文學陪伴; C08; 好無助，唔知點算; 文學／哲思","原文已與source_text_url所列文本核對，忽略排版空白及標點差異；保留摘句邊界。護老者情境配對屬編輯判斷，並非原作者的臨床建議。","2026-09-21"
"HCQ0061","C09","今日還好，想打打氣","欣賞小事、肯定自己、保存安慰","珍惜日常微小的好；不把感恩或正面情緒變成必須完成的任務。","English","For in the dew of little things the heart finds its morning and is refreshed.","For in the dew of little things the heart finds its morning and is refreshed.","在小事的露珠裏，心找到了自己的清晨，重新得到滋養。","Kahlil Gibran","紀伯倫","Almustafa／阿爾穆斯塔法（作品人物）","The Prophet／《先知》","On Friendship","https://www.gutenberg.org/ebooks/58585","https://www.gutenberg.org/cache/epub/58585/pg58585.txt","1923","1931","Hong Kong","Public domain original — research assessment","原作者卒於1931年，已超過香港文學作品一般作者身後50年的保護期；只取歷史原文，不含現代譯文、編者註解或版面。","https://www.ip.gov.hk/en/types-of-ip/copyright/duration-of-copyright/index.html","https://www.gutenberg.org/ebooks/58585","英文保留來源摘句；繁體中文為2026-09-21獨立新譯，以香港讀者易讀的白話表達，未把護老者情境加進引文本身。","護老者; 文學陪伴; C09; 今日還好，想打打氣; 寓言散文詩; 靈性文學","原文已與source_text_url所列文本核對，忽略排版空白及標點差異；保留摘句邊界。護老者情境配對屬編輯判斷，並非原作者的臨床建議。 說話者為作品人物Almustafa，並非作者訪談。","2026-09-21"
"HCQ0035","C09","今日還好，想打打氣","欣賞小事、肯定自己、保存安慰","珍惜日常微小的好；不把感恩或正面情緒變成必須完成的任務。","English","And forget not that the earth delights to feel your bare feet and the winds long to play with your hair.","And forget not that the earth delights to feel your bare feet and the winds long to play with your hair.","別忘了，大地喜歡感受你的赤腳，風也渴望輕拂你的頭髮。","Kahlil Gibran","紀伯倫","Almustafa／阿爾穆斯塔法（作品人物）","The Prophet／《先知》","On Clothes","https://www.gutenberg.org/ebooks/58585","https://www.gutenberg.org/cache/epub/58585/pg58585.txt","1923","1931","Hong Kong","Public domain original — research assessment","原作者卒於1931年，已超過香港文學作品一般作者身後50年的保護期；只取歷史原文，不含現代譯文、編者註解或版面。","https://www.ip.gov.hk/en/types-of-ip/copyright/duration-of-copyright/index.html","https://www.gutenberg.org/ebooks/58585","英文保留來源摘句；繁體中文為2026-09-21獨立新譯，以香港讀者易讀的白話表達，未把護老者情境加進引文本身。","護老者; 文學陪伴; C09; 今日還好，想打打氣; 寓言散文詩; 靈性文學","原文已與source_text_url所列文本核對，忽略排版空白及標點差異；保留摘句邊界。護老者情境配對屬編輯判斷，並非原作者的臨床建議。 說話者為作品人物Almustafa，並非作者訪談。","2026-09-21"
"HCQ0039","C09","今日還好，想打打氣","欣賞小事、肯定自己、保存安慰","珍惜日常微小的好；不把感恩或正面情緒變成必須完成的任務。","English","And in the sweetness of friendship let there be laughter, and sharing of pleasures.","And in the sweetness of friendship let there be laughter, and sharing of pleasures.","讓友誼的甜美之中，有笑聲，也有一起分享的快樂。","Kahlil Gibran","紀伯倫","Almustafa／阿爾穆斯塔法（作品人物）","The Prophet／《先知》","On Friendship","https://www.gutenberg.org/ebooks/58585","https://www.gutenberg.org/cache/epub/58585/pg58585.txt","1923","1931","Hong Kong","Public domain original — research assessment","原作者卒於1931年，已超過香港文學作品一般作者身後50年的保護期；只取歷史原文，不含現代譯文、編者註解或版面。","https://www.ip.gov.hk/en/types-of-ip/copyright/duration-of-copyright/index.html","https://www.gutenberg.org/ebooks/58585","英文保留來源摘句；繁體中文為2026-09-21獨立新譯，以香港讀者易讀的白話表達，未把護老者情境加進引文本身。","護老者; 文學陪伴; C09; 今日還好，想打打氣; 寓言散文詩; 靈性文學","原文已與source_text_url所列文本核對，忽略排版空白及標點差異；保留摘句邊界。護老者情境配對屬編輯判斷，並非原作者的臨床建議。 說話者為作品人物Almustafa，並非作者訪談。","2026-09-21"
"HCQ0025","C09","今日還好，想打打氣","欣賞小事、肯定自己、保存安慰","珍惜日常微小的好；不把感恩或正面情緒變成必須完成的任務。","English","There are those who give with joy, and that joy is their reward.","There are those who give with joy, and that joy is their reward.","有人懷着喜悅付出，而那份喜悅本身就是回報。","Kahlil Gibran","紀伯倫","Almustafa／阿爾穆斯塔法（作品人物）","The Prophet／《先知》","On Giving","https://www.gutenberg.org/ebooks/58585","https://www.gutenberg.org/cache/epub/58585/pg58585.txt","1923","1931","Hong Kong","Public domain original — research assessment","原作者卒於1931年，已超過香港文學作品一般作者身後50年的保護期；只取歷史原文，不含現代譯文、編者註解或版面。","https://www.ip.gov.hk/en/types-of-ip/copyright/duration-of-copyright/index.html","https://www.gutenberg.org/ebooks/58585","英文保留來源摘句；繁體中文為2026-09-21獨立新譯，以香港讀者易讀的白話表達，未把護老者情境加進引文本身。","護老者; 文學陪伴; C09; 今日還好，想打打氣; 寓言散文詩; 靈性文學","原文已與source_text_url所列文本核對，忽略排版空白及標點差異；保留摘句邊界。護老者情境配對屬編輯判斷，並非原作者的臨床建議。 說話者為作品人物Almustafa，並非作者訪談。","2026-09-21"
"HCQ0067","C09","今日還好，想打打氣","欣賞小事、肯定自己、保存安慰","珍惜日常微小的好；不把感恩或正面情緒變成必須完成的任務。","English","To return home at eventide with gratitude;","To return home at eventide with gratitude;","傍晚回家時，心裏帶着感謝。","Kahlil Gibran","紀伯倫","Almustafa／阿爾穆斯塔法（作品人物）","The Prophet／《先知》","On Love","https://www.gutenberg.org/ebooks/58585","https://www.gutenberg.org/cache/epub/58585/pg58585.txt","1923","1931","Hong Kong","Public domain original — research assessment","原作者卒於1931年，已超過香港文學作品一般作者身後50年的保護期；只取歷史原文，不含現代譯文、編者註解或版面。","https://www.ip.gov.hk/en/types-of-ip/copyright/duration-of-copyright/index.html","https://www.gutenberg.org/ebooks/58585","英文保留來源摘句；繁體中文為2026-09-21獨立新譯，以香港讀者易讀的白話表達，未把護老者情境加進引文本身。","護老者; 文學陪伴; C09; 今日還好，想打打氣; 寓言散文詩; 靈性文學","原文已與source_text_url所列文本核對，忽略排版空白及標點差異；保留摘句邊界。護老者情境配對屬編輯判斷，並非原作者的臨床建議。 說話者為作品人物Almustafa，並非作者訪談。","2026-09-21"
"HCQ0094","C09","今日還好，想打打氣","欣賞小事、肯定自己、保存安慰","珍惜日常微小的好；不把感恩或正面情緒變成必須完成的任務。","English","To wake at dawn with a winged heart and give thanks for another day of loving;","To wake at dawn with a winged heart and give thanks for another day of loving;","在黎明醒來，讓心像長了翅膀，感謝又有一天可以去愛。","Kahlil Gibran","紀伯倫","Almustafa／阿爾穆斯塔法（作品人物）","The Prophet／《先知》","On Love","https://www.gutenberg.org/ebooks/58585","https://www.gutenberg.org/cache/epub/58585/pg58585.txt","1923","1931","Hong Kong","Public domain original — research assessment","原作者卒於1931年，已超過香港文學作品一般作者身後50年的保護期；只取歷史原文，不含現代譯文、編者註解或版面。","https://www.ip.gov.hk/en/types-of-ip/copyright/duration-of-copyright/index.html","https://www.gutenberg.org/ebooks/58585","英文保留來源摘句；繁體中文為2026-09-21獨立新譯，以香港讀者易讀的白話表達，未把護老者情境加進引文本身。","護老者; 文學陪伴; C09; 今日還好，想打打氣; 寓言散文詩; 靈性文學","原文已與source_text_url所列文本核對，忽略排版空白及標點差異；保留摘句邊界。護老者情境配對屬編輯判斷，並非原作者的臨床建議。 說話者為作品人物Almustafa，並非作者訪談。","2026-09-21"
"HCQ0148","C09","今日還好，想打打氣","欣賞小事、肯定自己、保存安慰","珍惜日常微小的好；不把感恩或正面情緒變成必須完成的任務。","English","There is simply the rose; it is perfect in every moment of its existence.","There is simply the rose; it is perfect in every moment of its existence.","眼前就是一朵玫瑰；在它存在的每一刻，都自有它的完整。","Ralph Waldo Emerson","拉爾夫・沃爾多・愛默生","拉爾夫・沃爾多・愛默生","Essays／《論文集》","Self-Reliance","https://www.gutenberg.org/ebooks/16643","https://www.gutenberg.org/cache/epub/16643/pg16643.txt","1841（所選文章）","1882","Hong Kong","Public domain original — research assessment","原作者卒於1882年，已超過香港文學作品一般作者身後50年的保護期；只取歷史原文，不含現代譯文、編者註解或版面。","https://www.ip.gov.hk/en/types-of-ip/copyright/duration-of-copyright/index.html","https://www.gutenberg.org/ebooks/16643","英文保留來源摘句；繁體中文為2026-09-21獨立新譯，以香港讀者易讀的白話表達，未把護老者情境加進引文本身。","護老者; 文學陪伴; C09; 今日還好，想打打氣; 文學／哲思","原文已與source_text_url所列文本核對，忽略排版空白及標點差異；保留摘句邊界。護老者情境配對屬編輯判斷，並非原作者的臨床建議。","2026-09-21"
"HCQ0153","C09","今日還好，想打打氣","欣賞小事、肯定自己、保存安慰","珍惜日常微小的好；不把感恩或正面情緒變成必須完成的任務。","English","Every morning was a cheerful invitation to make my life of equal simplicity, and I may say innocence, with Nature herself.","Every morning was a cheerful invitation to make my life of equal simplicity, and I may say innocence, with Nature herself.","每個清晨都像一份欣喜的邀請，邀我活得如大自然一樣簡樸、純真。","Henry David Thoreau","亨利・大衛・梭羅","亨利・大衛・梭羅","Walden／《湖濱散記》","Walden — Where I Lived, and What I Lived For","https://www.gutenberg.org/ebooks/205","https://www.gutenberg.org/cache/epub/205/pg205.txt","1854","1862","Hong Kong","Public domain original — research assessment","原作者卒於1862年，已超過香港文學作品一般作者身後50年的保護期；只取歷史原文，不含現代譯文、編者註解或版面。","https://www.ip.gov.hk/en/types-of-ip/copyright/duration-of-copyright/index.html","https://www.gutenberg.org/ebooks/205","英文保留來源摘句；繁體中文為2026-09-21獨立新譯，以香港讀者易讀的白話表達，未把護老者情境加進引文本身。","護老者; 文學陪伴; C09; 今日還好，想打打氣; 文學／哲思","原文已與source_text_url所列文本核對，忽略排版空白及標點差異；保留摘句邊界。護老者情境配對屬編輯判斷，並非原作者的臨床建議。","2026-09-21"
"HCQ0106","C09","今日還好，想打打氣","欣賞小事、肯定自己、保存安慰","珍惜日常微小的好；不把感恩或正面情緒變成必須完成的任務。","English","Morning is when I am awake and there is a dawn in me.","Morning is when I am awake and there is a dawn in me.","當我真正醒來，心裏有了曙光，那就是清晨。","Henry David Thoreau","亨利・大衛・梭羅","亨利・大衛・梭羅","Walden／《湖濱散記》","Walden — Where I Lived, and What I Lived For","https://www.gutenberg.org/ebooks/205","https://www.gutenberg.org/cache/epub/205/pg205.txt","1854","1862","Hong Kong","Public domain original — research assessment","原作者卒於1862年，已超過香港文學作品一般作者身後50年的保護期；只取歷史原文，不含現代譯文、編者註解或版面。","https://www.ip.gov.hk/en/types-of-ip/copyright/duration-of-copyright/index.html","https://www.gutenberg.org/ebooks/205","英文保留來源摘句；繁體中文為2026-09-21獨立新譯，以香港讀者易讀的白話表達，未把護老者情境加進引文本身。","護老者; 文學陪伴; C09; 今日還好，想打打氣; 文學／哲思","原文已與source_text_url所列文本核對，忽略排版空白及標點差異；保留摘句邊界。護老者情境配對屬編輯判斷，並非原作者的臨床建議。","2026-09-21"
"HCQ0164","C09","今日還好，想打打氣","欣賞小事、肯定自己、保存安慰","珍惜日常微小的好；不把感恩或正面情緒變成必須完成的任務。","English","Only that day dawns to which we are awake. There is more day to dawn. The sun is but a morning star.","Only that day dawns to which we are awake. There is more day to dawn. The sun is but a morning star.","只有當我們醒來，那一天才真正破曉。前面還有更多白晝，太陽也只是一顆晨星。","Henry David Thoreau","亨利・大衛・梭羅","亨利・大衛・梭羅","Walden／《湖濱散記》","Walden — Conclusion","https://www.gutenberg.org/ebooks/205","https://www.gutenberg.org/cache/epub/205/pg205.txt","1854","1862","Hong Kong","Public domain original — research assessment","原作者卒於1862年，已超過香港文學作品一般作者身後50年的保護期；只取歷史原文，不含現代譯文、編者註解或版面。","https://www.ip.gov.hk/en/types-of-ip/copyright/duration-of-copyright/index.html","https://www.gutenberg.org/ebooks/205","英文保留來源摘句；繁體中文為2026-09-21獨立新譯，以香港讀者易讀的白話表達，未把護老者情境加進引文本身。","護老者; 文學陪伴; C09; 今日還好，想打打氣; 文學／哲思","原文已與source_text_url所列文本核對，忽略排版空白及標點差異；保留摘句邊界。護老者情境配對屬編輯判斷，並非原作者的臨床建議。","2026-09-21"
"HCQ0122","C09","今日還好，想打打氣","欣賞小事、肯定自己、保存安慰","珍惜日常微小的好；不把感恩或正面情緒變成必須完成的任務。","English","And as the evening twilight fades away The sky is filled with stars, invisible by day.","And as the evening twilight fades away The sky is filled with stars, invisible by day.","當暮色漸漸退去，天空佈滿了白天看不見的星星。","Henry Wadsworth Longfellow","亨利・沃茲沃思・朗費羅","詩中抒情者","The Complete Poetical Works of Henry Wadsworth Longfellow","Morituri Salutamus","https://www.gutenberg.org/ebooks/1365","https://www.gutenberg.org/cache/epub/1365/pg1365.txt","19世紀（各詩篇年份不同）","1882","Hong Kong","Public domain original — research assessment","原作者卒於1882年，已超過香港文學作品一般作者身後50年的保護期；只取歷史原文，不含現代譯文、編者註解或版面。","https://www.ip.gov.hk/en/types-of-ip/copyright/duration-of-copyright/index.html","https://www.gutenberg.org/ebooks/1365","英文保留來源摘句；繁體中文為2026-09-21獨立新譯，以香港讀者易讀的白話表達，未把護老者情境加進引文本身。","護老者; 文學陪伴; C09; 今日還好，想打打氣; 文學／哲思","原文已與source_text_url所列文本核對，忽略排版空白及標點差異；保留摘句邊界。護老者情境配對屬編輯判斷，並非原作者的臨床建議。","2026-09-21"
"HCQ0022","C09","今日還好，想打打氣","欣賞小事、肯定自己、保存安慰","珍惜日常微小的好；不把感恩或正面情緒變成必須完成的任務。","English","Hope is the thing with feathers That perches in the soul, And sings the tune without the words, And never stops at all,","Hope is the thing with feathers That perches in the soul, And sings the tune without the words, And never stops at all,","希望是一隻有羽毛的小鳥，停在心靈深處，唱着沒有歌詞的旋律，從不停歇。","Emily Dickinson","艾蜜莉・狄金森","詩中抒情者","Poems by Emily Dickinson, Three Series","Series II — Life VI, Hope","https://www.gutenberg.org/ebooks/12242","https://www.gutenberg.org/cache/epub/12242/pg12242.txt","1890／1891／1896（早期編訂本）","1886","Hong Kong","Public domain original — research assessment","原作者卒於1886年，已超過香港文學作品一般作者身後50年的保護期；只取歷史原文，不含現代譯文、編者註解或版面。所用為19世紀已出版的早期編訂文本，不採1955或1998年現代校訂版本。","https://www.ip.gov.hk/en/types-of-ip/copyright/duration-of-copyright/index.html","https://www.gutenberg.org/ebooks/12242 ; https://www.emilydickinsonmuseum.org/roomitem/mabel-loomis-todd/","英文保留來源摘句；繁體中文為2026-09-21獨立新譯，以香港讀者易讀的白話表達，未把護老者情境加進引文本身。","護老者; 文學陪伴; C09; 今日還好，想打打氣; 文學／哲思","原文已與source_text_url所列文本核對，忽略排版空白及標點差異；保留摘句邊界。護老者情境配對屬編輯判斷，並非原作者的臨床建議。 希望與安慰屬文學表達，不是對病情、關係或情緒恢復時間的保證。","2026-09-21"
"HCQ0139","C09","今日還好，想打打氣","欣賞小事、肯定自己、保存安慰","珍惜日常微小的好；不把感恩或正面情緒變成必須完成的任務。","English","Not knowing when the dawn will come I open every door;","Not knowing when the dawn will come I open every door;","不知道黎明何時到來，我便把每一扇門都打開。","Emily Dickinson","艾蜜莉・狄金森","詩中抒情者","Poems by Emily Dickinson, Three Series","Series III — Nature VII, Dawn","https://www.gutenberg.org/ebooks/12242","https://www.gutenberg.org/cache/epub/12242/pg12242.txt","1890／1891／1896（早期編訂本）","1886","Hong Kong","Public domain original — research assessment","原作者卒於1886年，已超過香港文學作品一般作者身後50年的保護期；只取歷史原文，不含現代譯文、編者註解或版面。所用為19世紀已出版的早期編訂文本，不採1955或1998年現代校訂版本。","https://www.ip.gov.hk/en/types-of-ip/copyright/duration-of-copyright/index.html","https://www.gutenberg.org/ebooks/12242 ; https://www.emilydickinsonmuseum.org/roomitem/mabel-loomis-todd/","英文保留來源摘句；繁體中文為2026-09-21獨立新譯，以香港讀者易讀的白話表達，未把護老者情境加進引文本身。","護老者; 文學陪伴; C09; 今日還好，想打打氣; 文學／哲思","原文已與source_text_url所列文本核對，忽略排版空白及標點差異；保留摘句邊界。護老者情境配對屬編輯判斷，並非原作者的臨床建議。 希望與安慰屬文學表達，不是對病情、關係或情緒恢復時間的保證。","2026-09-21"
"HCQ0010","C09","今日還好，想打打氣","欣賞小事、肯定自己、保存安慰","珍惜日常微小的好；不把感恩或正面情緒變成必須完成的任務。","English","Here a mist, and there a mist, Afterwards -- day!","Here a mist, and there a mist, Afterwards -- day!","這裏一片霧，那裏一片霧；霧後，就是白晝。","Emily Dickinson","艾蜜莉・狄金森","詩中抒情者","Poems by Emily Dickinson, Three Series","Series I — Life II","https://www.gutenberg.org/ebooks/12242","https://www.gutenberg.org/cache/epub/12242/pg12242.txt","1890／1891／1896（早期編訂本）","1886","Hong Kong","Public domain original — research assessment","原作者卒於1886年，已超過香港文學作品一般作者身後50年的保護期；只取歷史原文，不含現代譯文、編者註解或版面。所用為19世紀已出版的早期編訂文本，不採1955或1998年現代校訂版本。","https://www.ip.gov.hk/en/types-of-ip/copyright/duration-of-copyright/index.html","https://www.gutenberg.org/ebooks/12242 ; https://www.emilydickinsonmuseum.org/roomitem/mabel-loomis-todd/","英文保留來源摘句；繁體中文為2026-09-21獨立新譯，以香港讀者易讀的白話表達，未把護老者情境加進引文本身。","護老者; 文學陪伴; C09; 今日還好，想打打氣; 文學／哲思","原文已與source_text_url所列文本核對，忽略排版空白及標點差異；保留摘句邊界。護老者情境配對屬編輯判斷，並非原作者的臨床建議。","2026-09-21"
"HCQ0020","C09","今日還好，想打打氣","欣賞小事、肯定自己、保存安慰","珍惜日常微小的好；不把感恩或正面情緒變成必須完成的任務。","English","Behind the clouds is the sun still shining;","Behind the clouds is the sun still shining;","雲層後面，太陽依然在照耀。","Henry Wadsworth Longfellow","亨利・沃茲沃思・朗費羅","詩中抒情者","The Complete Poetical Works of Henry Wadsworth Longfellow","The Rainy Day","https://www.gutenberg.org/ebooks/1365","https://www.gutenberg.org/cache/epub/1365/pg1365.txt","19世紀（各詩篇年份不同）","1882","Hong Kong","Public domain original — research assessment","原作者卒於1882年，已超過香港文學作品一般作者身後50年的保護期；只取歷史原文，不含現代譯文、編者註解或版面。","https://www.ip.gov.hk/en/types-of-ip/copyright/duration-of-copyright/index.html","https://www.gutenberg.org/ebooks/1365","英文保留來源摘句；繁體中文為2026-09-21獨立新譯，以香港讀者易讀的白話表達，未把護老者情境加進引文本身。","護老者; 文學陪伴; C09; 今日還好，想打打氣; 文學／哲思","原文已與source_text_url所列文本核對，忽略排版空白及標點差異；保留摘句邊界。護老者情境配對屬編輯判斷，並非原作者的臨床建議。 希望與安慰屬文學表達，不是對病情、關係或情緒恢復時間的保證。","2026-09-21"
"HCQ0004","C09","今日還好，想打打氣","欣賞小事、肯定自己、保存安慰","珍惜日常微小的好；不把感恩或正面情緒變成必須完成的任務。","文言中文","飄風不終朝，驟雨不終日。","A fierce wind does not blow all morning, nor does heavy rain fall all day.","狂風不會吹足一個早上，暴雨也不會下足一整天。","Laozi (traditional attribution)","老子（傳統歸屬）","老子（傳統歸屬）","《道德經》","第23章","https://ctext.org/dao-de-jing","https://ctext.org/dao-de-jing","先秦古籍","古代；生卒年未確定","Hong Kong","Public domain original — research assessment","先秦／漢代傳世古籍原文，歷史作者及文本年代已遠超一般版權期限；只取古文，不含網站現代譯注或版面。","https://www.ip.gov.hk/en/types-of-ip/copyright/duration-of-copyright/index.html","https://ctext.org/dao-de-jing","古文保留來源文字；繁體中文白話及英文均為2026-09-21獨立新譯。","護老者; 文學陪伴; C09; 今日還好，想打打氣; 中國古典哲學","原文已與source_text_url所列文本核對，忽略排版空白及標點差異；保留摘句邊界。護老者情境配對屬編輯判斷，並非原作者的臨床建議。","2026-09-21"
"HCQ0015","C09","今日還好，想打打氣","欣賞小事、肯定自己、保存安慰","珍惜日常微小的好；不把感恩或正面情緒變成必須完成的任務。","English","Money is not required to buy one necessary of the soul.","Money is not required to buy one necessary of the soul.","心靈真正需要的東西，沒有一樣非得用金錢買來。","Henry David Thoreau","亨利・大衛・梭羅","亨利・大衛・梭羅","Walden／《湖濱散記》","Walden — Conclusion","https://www.gutenberg.org/ebooks/205","https://www.gutenberg.org/cache/epub/205/pg205.txt","1854","1862","Hong Kong","Public domain original — research assessment","原作者卒於1862年，已超過香港文學作品一般作者身後50年的保護期；只取歷史原文，不含現代譯文、編者註解或版面。","https://www.ip.gov.hk/en/types-of-ip/copyright/duration-of-copyright/index.html","https://www.gutenberg.org/ebooks/205","英文保留來源摘句；繁體中文為2026-09-21獨立新譯，以香港讀者易讀的白話表達，未把護老者情境加進引文本身。","護老者; 文學陪伴; C09; 今日還好，想打打氣; 文學／哲思","原文已與source_text_url所列文本核對，忽略排版空白及標點差異；保留摘句邊界。護老者情境配對屬編輯判斷，並非原作者的臨床建議。","2026-09-21"
"HCQ0043","C09","今日還好，想打打氣","欣賞小事、肯定自己、保存安慰","珍惜日常微小的好；不把感恩或正面情緒變成必須完成的任務。","文言中文","知足者富。","Those who know contentment are rich.","懂得知足的人，心裏便有富足。","Laozi (traditional attribution)","老子（傳統歸屬）","老子（傳統歸屬）","《道德經》","第33章","https://ctext.org/dao-de-jing","https://ctext.org/dao-de-jing","先秦古籍","古代；生卒年未確定","Hong Kong","Public domain original — research assessment","先秦／漢代傳世古籍原文，歷史作者及文本年代已遠超一般版權期限；只取古文，不含網站現代譯注或版面。","https://www.ip.gov.hk/en/types-of-ip/copyright/duration-of-copyright/index.html","https://ctext.org/dao-de-jing","古文保留來源文字；繁體中文白話及英文均為2026-09-21獨立新譯。","護老者; 文學陪伴; C09; 今日還好，想打打氣; 中國古典哲學","原文已與source_text_url所列文本核對，忽略排版空白及標點差異；保留摘句邊界。護老者情境配對屬編輯判斷，並非原作者的臨床建議。 知足並不等於放棄合理需要或經濟支援。","2026-09-21"
"HCQ0085","C09","今日還好，想打打氣","欣賞小事、肯定自己、保存安慰","珍惜日常微小的好；不把感恩或正面情緒變成必須完成的任務。","文言中文","飯疏食飲水，曲肱而枕之，樂亦在其中矣。","With plain food, water to drink, and a bent arm as a pillow, joy can still be found.","吃簡單的飯，喝清水，彎起手臂當枕頭，當中也可以有快樂。","Confucius (recorded in the Analects)","孔子（《論語》記錄）","孔子（《論語》記錄）","《論語》","述而7.16","https://ctext.org/analects/shu-er","https://ctext.org/analects/shu-er","先秦傳世文本","公元前479年","Hong Kong","Public domain original — research assessment","先秦／漢代傳世古籍原文，歷史作者及文本年代已遠超一般版權期限；只取古文，不含網站現代譯注或版面。","https://www.ip.gov.hk/en/types-of-ip/copyright/duration-of-copyright/index.html","https://ctext.org/analects/shu-er","古文保留來源文字；繁體中文白話及英文均為2026-09-21獨立新譯。","護老者; 文學陪伴; C09; 今日還好，想打打氣; 中國古典哲學","原文已與source_text_url所列文本核對，忽略排版空白及標點差異；保留摘句邊界。護老者情境配對屬編輯判斷，並非原作者的臨床建議。 知足並不等於放棄合理需要或經濟支援。","2026-09-21"
"HCQ0113","C09","今日還好，想打打氣","欣賞小事、肯定自己、保存安慰","珍惜日常微小的好；不把感恩或正面情緒變成必須完成的任務。","文言中文","故知足之足，常足矣。","The sufficiency of knowing enough is a lasting sufficiency.","懂得知足的那份滿足，才能長久相伴。","Laozi (traditional attribution)","老子（傳統歸屬）","老子（傳統歸屬）","《道德經》","第46章","https://ctext.org/dao-de-jing","https://ctext.org/dao-de-jing","先秦古籍","古代；生卒年未確定","Hong Kong","Public domain original — research assessment","先秦／漢代傳世古籍原文，歷史作者及文本年代已遠超一般版權期限；只取古文，不含網站現代譯注或版面。","https://www.ip.gov.hk/en/types-of-ip/copyright/duration-of-copyright/index.html","https://ctext.org/dao-de-jing","古文保留來源文字；繁體中文白話及英文均為2026-09-21獨立新譯。","護老者; 文學陪伴; C09; 今日還好，想打打氣; 中國古典哲學","原文已與source_text_url所列文本核對，忽略排版空白及標點差異；保留摘句邊界。護老者情境配對屬編輯判斷，並非原作者的臨床建議。 知足並不等於放棄合理需要或經濟支援。","2026-09-21"
"HCQ0069","C09","今日還好，想打打氣","欣賞小事、肯定自己、保存安慰","珍惜日常微小的好；不把感恩或正面情緒變成必須完成的任務。","English","We need the tonic of wildness,","We need the tonic of wildness,","我們需要大自然的野趣，為身心添一點活力。","Henry David Thoreau","亨利・大衛・梭羅","亨利・大衛・梭羅","Walden／《湖濱散記》","Walden — Spring","https://www.gutenberg.org/ebooks/205","https://www.gutenberg.org/cache/epub/205/pg205.txt","1854","1862","Hong Kong","Public domain original — research assessment","原作者卒於1862年，已超過香港文學作品一般作者身後50年的保護期；只取歷史原文，不含現代譯文、編者註解或版面。","https://www.ip.gov.hk/en/types-of-ip/copyright/duration-of-copyright/index.html","https://www.gutenberg.org/ebooks/205","英文保留來源摘句；繁體中文為2026-09-21獨立新譯，以香港讀者易讀的白話表達，未把護老者情境加進引文本身。","護老者; 文學陪伴; C09; 今日還好，想打打氣; 文學／哲思","原文已與source_text_url所列文本核對，忽略排版空白及標點差異；保留摘句邊界。護老者情境配對屬編輯判斷，並非原作者的臨床建議。","2026-09-21"
"HCQ0072","C09","今日還好，想打打氣","欣賞小事、肯定自己、保存安慰","珍惜日常微小的好；不把感恩或正面情緒變成必須完成的任務。","English","I love a broad margin to my life.","I love a broad margin to my life.","我喜歡在生活裏，留下一片寬闊的空白。","Henry David Thoreau","亨利・大衛・梭羅","亨利・大衛・梭羅","Walden／《湖濱散記》","Walden — Sounds","https://www.gutenberg.org/ebooks/205","https://www.gutenberg.org/cache/epub/205/pg205.txt","1854","1862","Hong Kong","Public domain original — research assessment","原作者卒於1862年，已超過香港文學作品一般作者身後50年的保護期；只取歷史原文，不含現代譯文、編者註解或版面。","https://www.ip.gov.hk/en/types-of-ip/copyright/duration-of-copyright/index.html","https://www.gutenberg.org/ebooks/205","英文保留來源摘句；繁體中文為2026-09-21獨立新譯，以香港讀者易讀的白話表達，未把護老者情境加進引文本身。","護老者; 文學陪伴; C09; 今日還好，想打打氣; 文學／哲思","原文已與source_text_url所列文本核對，忽略排版空白及標點差異；保留摘句邊界。護老者情境配對屬編輯判斷，並非原作者的臨床建議。","2026-09-21"
"HCQ0141","C09","今日還好，想打打氣","欣賞小事、肯定自己、保存安慰","珍惜日常微小的好；不把感恩或正面情緒變成必須完成的任務。","English（公版英譯來源；古代經文原語非英語）","Come away into a deserted place, and rest awhile.","Come away into a deserted place, and rest awhile.","到一個安靜無人的地方，休息一會吧。","Mark (traditional attribution)","馬可（傳統歸屬）","耶穌（福音書所記）","The Holy Bible — Mark／《聖經·馬可福音》（World English Bible, engwebp）","Mark 6:31／馬可福音 6:31（節錄）","https://ebible.org/engwebp/MRK06.htm#V31","https://ebible.org/engwebp/MRK06.htm#V31","古代經文；World English Bible 2020 stable text edition（engwebp；2026-09-21核對）","古代作者；現代英譯依出版方公版聲明，不以譯者死亡年限判斷","Hong Kong","Public domain dedication — publisher statement; Hong Kong use assessment","古代聖經文本；所用World English Bible英譯由出版方明確獻予公有領域，並允許複製、分發、出售及引用；不是依賴現代譯者死亡年限。繁體中文為本次由此英譯新譯，並非WEB官方中文版。","https://ebible.org/engwebp/copyright.htm","https://ebible.org/engwebp/copyright.htm","原文及英文欄為World English Bible英譯，並非古代原語；繁體中文為2026-09-21獨立新譯，非WEB官方中文版。","護老者; 文學陪伴; C09; 今日還好，想打打氣; 基督宗教; faith:christian","原文已與source_text_url所列文本核對，忽略排版空白及標點差異；保留摘句邊界。護老者情境配對屬編輯判斷，並非原作者的臨床建議。 宗教來源已標籤，宜依使用者意願顯示；不把信仰教導當成必須遵守的要求。","2026-09-21"
"HCQ0082","C09","今日還好，想打打氣","欣賞小事、肯定自己、保存安慰","珍惜日常微小的好；不把感恩或正面情緒變成必須完成的任務。","English","Sit a while dear son, Here are biscuits to eat and here is milk to drink,","Sit a while dear son, Here are biscuits to eat and here is milk to drink,","親愛的孩子，坐一會吧。這裏有餅乾可以吃，也有牛奶可以喝。","Walt Whitman","華特・惠特曼","詩中抒情者","Leaves of Grass／《草葉集》","Song of Myself, 46","https://www.gutenberg.org/ebooks/1322","https://www.gutenberg.org/cache/epub/1322/pg1322.txt","1855–1892（多次增訂）","1892","Hong Kong","Public domain original — research assessment","原作者卒於1892年，已超過香港文學作品一般作者身後50年的保護期；只取歷史原文，不含現代譯文、編者註解或版面。","https://www.ip.gov.hk/en/types-of-ip/copyright/duration-of-copyright/index.html","https://www.gutenberg.org/ebooks/1322","英文保留來源摘句；繁體中文為2026-09-21獨立新譯，以香港讀者易讀的白話表達，未把護老者情境加進引文本身。","護老者; 文學陪伴; C09; 今日還好，想打打氣; 文學／哲思","原文已與source_text_url所列文本核對，忽略排版空白及標點差異；保留摘句邊界。護老者情境配對屬編輯判斷，並非原作者的臨床建議。","2026-09-21"
"HCQ0075","C09","今日還好，想打打氣","欣賞小事、肯定自己、保存安慰","珍惜日常微小的好；不把感恩或正面情緒變成必須完成的任務。","English","Come, read to me some poem, Some simple and heartfelt lay, That shall soothe this restless feeling, And banish the thoughts of day.","Come, read to me some poem, Some simple and heartfelt lay, That shall soothe this restless feeling, And banish the thoughts of day.","來，為我讀一首詩吧，一首簡單而真摯的歌，安撫這份不安，讓白天的思緒歇下。","Henry Wadsworth Longfellow","亨利・沃茲沃思・朗費羅","詩中抒情者","The Complete Poetical Works of Henry Wadsworth Longfellow","The Day Is Done","https://www.gutenberg.org/ebooks/1365","https://www.gutenberg.org/cache/epub/1365/pg1365.txt","19世紀（各詩篇年份不同）","1882","Hong Kong","Public domain original — research assessment","原作者卒於1882年，已超過香港文學作品一般作者身後50年的保護期；只取歷史原文，不含現代譯文、編者註解或版面。","https://www.ip.gov.hk/en/types-of-ip/copyright/duration-of-copyright/index.html","https://www.gutenberg.org/ebooks/1365","英文保留來源摘句；繁體中文為2026-09-21獨立新譯，以香港讀者易讀的白話表達，未把護老者情境加進引文本身。","護老者; 文學陪伴; C09; 今日還好，想打打氣; 文學／哲思","原文已與source_text_url所列文本核對，忽略排版空白及標點差異；保留摘句邊界。護老者情境配對屬編輯判斷，並非原作者的臨床建議。","2026-09-21"
"HCQ0028","C09","今日還好，想打打氣","欣賞小事、肯定自己、保存安慰","珍惜日常微小的好；不把感恩或正面情緒變成必須完成的任務。","English","And the night shall be filled with music And the cares, that infest the day, Shall fold their tents, like the Arabs, And as silently steal away.","And the night shall be filled with music And the cares, that infest the day, Shall fold their tents, like the Arabs, And as silently steal away.","夜裏將充滿音樂；白天纏繞的煩憂，會像阿拉伯旅人收起帳篷那樣，悄悄離去。","Henry Wadsworth Longfellow","亨利・沃茲沃思・朗費羅","詩中抒情者","The Complete Poetical Works of Henry Wadsworth Longfellow","The Day Is Done","https://www.gutenberg.org/ebooks/1365","https://www.gutenberg.org/cache/epub/1365/pg1365.txt","19世紀（各詩篇年份不同）","1882","Hong Kong","Public domain original — research assessment","原作者卒於1882年，已超過香港文學作品一般作者身後50年的保護期；只取歷史原文，不含現代譯文、編者註解或版面。","https://www.ip.gov.hk/en/types-of-ip/copyright/duration-of-copyright/index.html","https://www.gutenberg.org/ebooks/1365","英文保留來源摘句；繁體中文為2026-09-21獨立新譯，以香港讀者易讀的白話表達，未把護老者情境加進引文本身。","護老者; 文學陪伴; C09; 今日還好，想打打氣; 文學／哲思","原文已與source_text_url所列文本核對，忽略排版空白及標點差異；保留摘句邊界。護老者情境配對屬編輯判斷，並非原作者的臨床建議。 原詩使用阿拉伯旅人收起帳篷的比喻。","2026-09-21"
"HCQ0137","C09","今日還好，想打打氣","欣賞小事、肯定自己、保存安慰","珍惜日常微小的好；不把感恩或正面情緒變成必須完成的任務。","English","A friend is a person with whom I may be sincere.","A friend is a person with whom I may be sincere.","朋友，是讓我能夠真誠相待的人。","Ralph Waldo Emerson","拉爾夫・沃爾多・愛默生","拉爾夫・沃爾多・愛默生","Essays／《論文集》","Friendship","https://www.gutenberg.org/ebooks/16643","https://www.gutenberg.org/cache/epub/16643/pg16643.txt","1841（所選文章）","1882","Hong Kong","Public domain original — research assessment","原作者卒於1882年，已超過香港文學作品一般作者身後50年的保護期；只取歷史原文，不含現代譯文、編者註解或版面。","https://www.ip.gov.hk/en/types-of-ip/copyright/duration-of-copyright/index.html","https://www.gutenberg.org/ebooks/16643","英文保留來源摘句；繁體中文為2026-09-21獨立新譯，以香港讀者易讀的白話表達，未把護老者情境加進引文本身。","護老者; 文學陪伴; C09; 今日還好，想打打氣; 文學／哲思","原文已與source_text_url所列文本核對，忽略排版空白及標點差異；保留摘句邊界。護老者情境配對屬編輯判斷，並非原作者的臨床建議。","2026-09-21"
"HCQ0056","C09","今日還好，想打打氣","欣賞小事、肯定自己、保存安慰","珍惜日常微小的好；不把感恩或正面情緒變成必須完成的任務。","English","Camerado, I give you my hand! I give you my love more precious than money,","Camerado, I give you my hand! I give you my love more precious than money,","朋友，我向你伸出手，也把比金錢更珍貴的愛送給你。","Walt Whitman","華特・惠特曼","詩中抒情者","Leaves of Grass／《草葉集》","Song of the Open Road, 15","https://www.gutenberg.org/ebooks/1322","https://www.gutenberg.org/cache/epub/1322/pg1322.txt","1855–1892（多次增訂）","1892","Hong Kong","Public domain original — research assessment","原作者卒於1892年，已超過香港文學作品一般作者身後50年的保護期；只取歷史原文，不含現代譯文、編者註解或版面。","https://www.ip.gov.hk/en/types-of-ip/copyright/duration-of-copyright/index.html","https://www.gutenberg.org/ebooks/1322","英文保留來源摘句；繁體中文為2026-09-21獨立新譯，以香港讀者易讀的白話表達，未把護老者情境加進引文本身。","護老者; 文學陪伴; C09; 今日還好，想打打氣; 文學／哲思","原文已與source_text_url所列文本核對，忽略排版空白及標點差異；保留摘句邊界。護老者情境配對屬編輯判斷，並非原作者的臨床建議。","2026-09-21"
"HCQ0065","C09","今日還好，想打打氣","欣賞小事、肯定自己、保存安慰","珍惜日常微小的好；不把感恩或正面情緒變成必須完成的任務。","文言中文","德不孤，必有鄰。","Virtue is not isolated; it will have neighbours.","有德行的人不會孤立，必有與他相親的人。","Confucius (recorded in the Analects)","孔子（《論語》記錄）","孔子（《論語》記錄）","《論語》","里仁4.25","https://ctext.org/analects/li-ren","https://ctext.org/analects/li-ren","先秦傳世文本","公元前479年","Hong Kong","Public domain original — research assessment","先秦／漢代傳世古籍原文，歷史作者及文本年代已遠超一般版權期限；只取古文，不含網站現代譯注或版面。","https://www.ip.gov.hk/en/types-of-ip/copyright/duration-of-copyright/index.html","https://ctext.org/analects/li-ren","古文保留來源文字；繁體中文白話及英文均為2026-09-21獨立新譯。","護老者; 文學陪伴; C09; 今日還好，想打打氣; 中國古典哲學","原文已與source_text_url所列文本核對，忽略排版空白及標點差異；保留摘句邊界。護老者情境配對屬編輯判斷，並非原作者的臨床建議。","2026-09-21"
"HCQ0063","C09","今日還好，想打打氣","欣賞小事、肯定自己、保存安慰","珍惜日常微小的好；不把感恩或正面情緒變成必須完成的任務。","English","No one is so accursed by fate, No one so utterly desolate, But some heart, though unknown, Responds unto his own.","No one is so accursed by fate, No one so utterly desolate, But some heart, though unknown, Responds unto his own.","沒有誰會被命運遺棄到全然孤絕；總有一顆心，縱使尚未相識，也能回應他的心。","Henry Wadsworth Longfellow","亨利・沃茲沃思・朗費羅","詩中抒情者","The Complete Poetical Works of Henry Wadsworth Longfellow","Endymion","https://www.gutenberg.org/ebooks/1365","https://www.gutenberg.org/cache/epub/1365/pg1365.txt","19世紀（各詩篇年份不同）","1882","Hong Kong","Public domain original — research assessment","原作者卒於1882年，已超過香港文學作品一般作者身後50年的保護期；只取歷史原文，不含現代譯文、編者註解或版面。","https://www.ip.gov.hk/en/types-of-ip/copyright/duration-of-copyright/index.html","https://www.gutenberg.org/ebooks/1365","英文保留來源摘句；繁體中文為2026-09-21獨立新譯，以香港讀者易讀的白話表達，未把護老者情境加進引文本身。","護老者; 文學陪伴; C09; 今日還好，想打打氣; 文學／哲思","原文已與source_text_url所列文本核對，忽略排版空白及標點差異；保留摘句邊界。護老者情境配對屬編輯判斷，並非原作者的臨床建議。 希望與安慰屬文學表達，不是對病情、關係或情緒恢復時間的保證。","2026-09-21"
"HCQ0052","C09","今日還好，想打打氣","欣賞小事、肯定自己、保存安慰","珍惜日常微小的好；不把感恩或正面情緒變成必須完成的任務。","English（公版英譯來源；古代經文原語非英語）","Therefore exhort one another, and build each other up, even as you also do.","Therefore exhort one another, and build each other up, even as you also do.","所以，彼此鼓勵，互相扶持，就像你們一直在做的那樣。","Paul (traditional attribution)","保羅（傳統歸屬）","保羅（傳統歸屬）","The Holy Bible — 1 Thessalonians／《聖經·帖撒羅尼迦前書》（World English Bible, engwebp）","1 Thessalonians 5:11／帖撒羅尼迦前書 5:11","https://ebible.org/engwebp/1TH05.htm#V11","https://ebible.org/engwebp/1TH05.htm#V11","古代經文；World English Bible 2020 stable text edition（engwebp；2026-09-21核對）","古代作者；現代英譯依出版方公版聲明，不以譯者死亡年限判斷","Hong Kong","Public domain dedication — publisher statement; Hong Kong use assessment","古代聖經文本；所用World English Bible英譯由出版方明確獻予公有領域，並允許複製、分發、出售及引用；不是依賴現代譯者死亡年限。繁體中文為本次由此英譯新譯，並非WEB官方中文版。","https://ebible.org/engwebp/copyright.htm","https://ebible.org/engwebp/copyright.htm","原文及英文欄為World English Bible英譯，並非古代原語；繁體中文為2026-09-21獨立新譯，非WEB官方中文版。","護老者; 文學陪伴; C09; 今日還好，想打打氣; 基督宗教; faith:christian","原文已與source_text_url所列文本核對，忽略排版空白及標點差異；保留摘句邊界。護老者情境配對屬編輯判斷，並非原作者的臨床建議。 宗教來源已標籤，宜依使用者意願顯示；不把信仰教導當成必須遵守的要求。","2026-09-21"
"HCQ0119","C09","今日還好，想打打氣","欣賞小事、肯定自己、保存安慰","珍惜日常微小的好；不把感恩或正面情緒變成必須完成的任務。","English（公版英譯來源；古代經文原語非英語）","For if they fall, the one will lift up his fellow;","For if they fall, the one will lift up his fellow;","若其中一人跌倒，另一人可以把同伴扶起。","Qoheleth; traditionally associated with Solomon","傳道者（傳統與所羅門相關）","傳道者（傳統與所羅門相關）","The Holy Bible — Ecclesiastes／《聖經·傳道書》（World English Bible, engwebp）","Ecclesiastes 4:10／傳道書 4:10（節錄）","https://ebible.org/engwebp/ECC04.htm#V10","https://ebible.org/engwebp/ECC04.htm#V10","古代經文；World English Bible 2020 stable text edition（engwebp；2026-09-21核對）","古代作者；現代英譯依出版方公版聲明，不以譯者死亡年限判斷","Hong Kong","Public domain dedication — publisher statement; Hong Kong use assessment","古代聖經文本；所用World English Bible英譯由出版方明確獻予公有領域，並允許複製、分發、出售及引用；不是依賴現代譯者死亡年限。繁體中文為本次由此英譯新譯，並非WEB官方中文版。","https://ebible.org/engwebp/copyright.htm","https://ebible.org/engwebp/copyright.htm","原文及英文欄為World English Bible英譯，並非古代原語；繁體中文為2026-09-21獨立新譯，非WEB官方中文版。","護老者; 文學陪伴; C09; 今日還好，想打打氣; 基督宗教; faith:christian","原文已與source_text_url所列文本核對，忽略排版空白及標點差異；保留摘句邊界。護老者情境配對屬編輯判斷，並非原作者的臨床建議。 宗教來源已標籤，宜依使用者意願顯示；不把信仰教導當成必須遵守的要求。","2026-09-21"
"HCQ0138","C09","今日還好，想打打氣","欣賞小事、肯定自己、保存安慰","珍惜日常微小的好；不把感恩或正面情緒變成必須完成的任務。","English（公版英譯來源；古代經文原語非英語）","Two are better than one, because they have a good reward for their labor.","Two are better than one, because they have a good reward for their labor.","兩個人比一個人好，因為彼此的勞作能有美好的成果。","Qoheleth; traditionally associated with Solomon","傳道者（傳統與所羅門相關）","傳道者（傳統與所羅門相關）","The Holy Bible — Ecclesiastes／《聖經·傳道書》（World English Bible, engwebp）","Ecclesiastes 4:9／傳道書 4:9","https://ebible.org/engwebp/ECC04.htm#V9","https://ebible.org/engwebp/ECC04.htm#V9","古代經文；World English Bible 2020 stable text edition（engwebp；2026-09-21核對）","古代作者；現代英譯依出版方公版聲明，不以譯者死亡年限判斷","Hong Kong","Public domain dedication — publisher statement; Hong Kong use assessment","古代聖經文本；所用World English Bible英譯由出版方明確獻予公有領域，並允許複製、分發、出售及引用；不是依賴現代譯者死亡年限。繁體中文為本次由此英譯新譯，並非WEB官方中文版。","https://ebible.org/engwebp/copyright.htm","https://ebible.org/engwebp/copyright.htm","原文及英文欄為World English Bible英譯，並非古代原語；繁體中文為2026-09-21獨立新譯，非WEB官方中文版。","護老者; 文學陪伴; C09; 今日還好，想打打氣; 基督宗教; faith:christian","原文已與source_text_url所列文本核對，忽略排版空白及標點差異；保留摘句邊界。護老者情境配對屬編輯判斷，並非原作者的臨床建議。 宗教來源已標籤，宜依使用者意願顯示；不把信仰教導當成必須遵守的要求。","2026-09-21"
"HCQ0021","C09","今日還好，想打打氣","欣賞小事、肯定自己、保存安慰","珍惜日常微小的好；不把感恩或正面情緒變成必須完成的任務。","English","For to the fruit giving is a need, as receiving is a need to the root.","For to the fruit giving is a need, as receiving is a need to the root.","果實需要給予，正如樹根需要接收。","Kahlil Gibran","紀伯倫","Almustafa／阿爾穆斯塔法（作品人物）","The Prophet／《先知》","On Good and Evil","https://www.gutenberg.org/ebooks/58585","https://www.gutenberg.org/cache/epub/58585/pg58585.txt","1923","1931","Hong Kong","Public domain original — research assessment","原作者卒於1931年，已超過香港文學作品一般作者身後50年的保護期；只取歷史原文，不含現代譯文、編者註解或版面。","https://www.ip.gov.hk/en/types-of-ip/copyright/duration-of-copyright/index.html","https://www.gutenberg.org/ebooks/58585","英文保留來源摘句；繁體中文為2026-09-21獨立新譯，以香港讀者易讀的白話表達，未把護老者情境加進引文本身。","護老者; 文學陪伴; C09; 今日還好，想打打氣; 寓言散文詩; 靈性文學","原文已與source_text_url所列文本核對，忽略排版空白及標點差異；保留摘句邊界。護老者情境配對屬編輯判斷，並非原作者的臨床建議。 說話者為作品人物Almustafa，並非作者訪談。","2026-09-21"
"HCQ0074","C09","今日還好，想打打氣","欣賞小事、肯定自己、保存安慰","珍惜日常微小的好；不把感恩或正面情緒變成必須完成的任務。","English","And what desert greater shall there be, than that which lies in the courage and the confidence, nay the charity, of receiving?","And what desert greater shall there be, than that which lies in the courage and the confidence, nay the charity, of receiving?","還有甚麼比願意接受時的勇氣、信任，甚至善意，更值得被珍惜？","Kahlil Gibran","紀伯倫","Almustafa／阿爾穆斯塔法（作品人物）","The Prophet／《先知》","On Giving","https://www.gutenberg.org/ebooks/58585","https://www.gutenberg.org/cache/epub/58585/pg58585.txt","1923","1931","Hong Kong","Public domain original — research assessment","原作者卒於1931年，已超過香港文學作品一般作者身後50年的保護期；只取歷史原文，不含現代譯文、編者註解或版面。","https://www.ip.gov.hk/en/types-of-ip/copyright/duration-of-copyright/index.html","https://www.gutenberg.org/ebooks/58585","英文保留來源摘句；繁體中文為2026-09-21獨立新譯，以香港讀者易讀的白話表達，未把護老者情境加進引文本身。","護老者; 文學陪伴; C09; 今日還好，想打打氣; 寓言散文詩; 靈性文學","原文已與source_text_url所列文本核對，忽略排版空白及標點差異；保留摘句邊界。護老者情境配對屬編輯判斷，並非原作者的臨床建議。 說話者為作品人物Almustafa，並非作者訪談。","2026-09-21"
"HCQ0159","C09","今日還好，想打打氣","欣賞小事、肯定自己、保存安慰","珍惜日常微小的好；不把感恩或正面情緒變成必須完成的任務。","English","If you tire, give me both burdens, and rest the chuff of your hand on my hip, And in due time you shall repay the same service to me,","If you tire, give me both burdens, and rest the chuff of your hand on my hip, And in due time you shall repay the same service to me,","你若累了，就把兩份行李都交給我，將手掌靠在我的腰旁歇一歇；到了合適的時候，你也可以這樣幫助我。","Walt Whitman","華特・惠特曼","詩中抒情者","Leaves of Grass／《草葉集》","Song of Myself, 46","https://www.gutenberg.org/ebooks/1322","https://www.gutenberg.org/cache/epub/1322/pg1322.txt","1855–1892（多次增訂）","1892","Hong Kong","Public domain original — research assessment","原作者卒於1892年，已超過香港文學作品一般作者身後50年的保護期；只取歷史原文，不含現代譯文、編者註解或版面。","https://www.ip.gov.hk/en/types-of-ip/copyright/duration-of-copyright/index.html","https://www.gutenberg.org/ebooks/1322","英文保留來源摘句；繁體中文為2026-09-21獨立新譯，以香港讀者易讀的白話表達，未把護老者情境加進引文本身。","護老者; 文學陪伴; C09; 今日還好，想打打氣; 文學／哲思","原文已與source_text_url所列文本核對，忽略排版空白及標點差異；保留摘句邊界。護老者情境配對屬編輯判斷，並非原作者的臨床建議。 互助的文學描寫；求助不以日後有能力回報為前提。","2026-09-21"
"HCQ0027","C09","今日還好，想打打氣","欣賞小事、肯定自己、保存安慰","珍惜日常微小的好；不把感恩或正面情緒變成必須完成的任務。","English","You are good when you walk to your goal firmly and with bold steps. Yet you are not evil when you go thither limping.","You are good when you walk to your goal firmly and with bold steps. Yet you are not evil when you go thither limping.","你堅定地走向目標，是好的；即使你一拐一拐地前行，也不代表你不好。","Kahlil Gibran","紀伯倫","Almustafa／阿爾穆斯塔法（作品人物）","The Prophet／《先知》","On Good and Evil","https://www.gutenberg.org/ebooks/58585","https://www.gutenberg.org/cache/epub/58585/pg58585.txt","1923","1931","Hong Kong","Public domain original — research assessment","原作者卒於1931年，已超過香港文學作品一般作者身後50年的保護期；只取歷史原文，不含現代譯文、編者註解或版面。","https://www.ip.gov.hk/en/types-of-ip/copyright/duration-of-copyright/index.html","https://www.gutenberg.org/ebooks/58585","英文保留來源摘句；繁體中文為2026-09-21獨立新譯，以香港讀者易讀的白話表達，未把護老者情境加進引文本身。","護老者; 文學陪伴; C09; 今日還好，想打打氣; 寓言散文詩; 靈性文學","原文已與source_text_url所列文本核對，忽略排版空白及標點差異；保留摘句邊界。護老者情境配對屬編輯判斷，並非原作者的臨床建議。 說話者為作品人物Almustafa，並非作者訪談。","2026-09-21"
"HCQ0049","C09","今日還好，想打打氣","欣賞小事、肯定自己、保存安慰","珍惜日常微小的好；不把感恩或正面情緒變成必須完成的任務。","English","You are good when you are one with yourself. Yet when you are not one with yourself you are not evil.","You are good when you are one with yourself. Yet when you are not one with yourself you are not evil.","與自己和諧相處，是好的；暫時做不到，也不表示你不好。","Kahlil Gibran","紀伯倫","Almustafa／阿爾穆斯塔法（作品人物）","The Prophet／《先知》","On Good and Evil","https://www.gutenberg.org/ebooks/58585","https://www.gutenberg.org/cache/epub/58585/pg58585.txt","1923","1931","Hong Kong","Public domain original — research assessment","原作者卒於1931年，已超過香港文學作品一般作者身後50年的保護期；只取歷史原文，不含現代譯文、編者註解或版面。","https://www.ip.gov.hk/en/types-of-ip/copyright/duration-of-copyright/index.html","https://www.gutenberg.org/ebooks/58585","英文保留來源摘句；繁體中文為2026-09-21獨立新譯，以香港讀者易讀的白話表達，未把護老者情境加進引文本身。","護老者; 文學陪伴; C09; 今日還好，想打打氣; 寓言散文詩; 靈性文學","原文已與source_text_url所列文本核對，忽略排版空白及標點差異；保留摘句邊界。護老者情境配對屬編輯判斷，並非原作者的臨床建議。 說話者為作品人物Almustafa，並非作者訪談。","2026-09-21"
"HCQ0129","C09","今日還好，想打打氣","欣賞小事、肯定自己、保存安慰","珍惜日常微小的好；不把感恩或正面情緒變成必須完成的任務。","English","To measure you by your smallest deed is to reckon the power of ocean by the frailty of its foam.","To measure you by your smallest deed is to reckon the power of ocean by the frailty of its foam.","只憑你最微小的一次行動衡量你，就像用泡沫的脆弱，判斷大海的力量。","Kahlil Gibran","紀伯倫","Almustafa／阿爾穆斯塔法（作品人物）","The Prophet／《先知》","The Farewell","https://www.gutenberg.org/ebooks/58585","https://www.gutenberg.org/cache/epub/58585/pg58585.txt","1923","1931","Hong Kong","Public domain original — research assessment","原作者卒於1931年，已超過香港文學作品一般作者身後50年的保護期；只取歷史原文，不含現代譯文、編者註解或版面。","https://www.ip.gov.hk/en/types-of-ip/copyright/duration-of-copyright/index.html","https://www.gutenberg.org/ebooks/58585","英文保留來源摘句；繁體中文為2026-09-21獨立新譯，以香港讀者易讀的白話表達，未把護老者情境加進引文本身。","護老者; 文學陪伴; C09; 今日還好，想打打氣; 寓言散文詩; 靈性文學","原文已與source_text_url所列文本核對，忽略排版空白及標點差異；保留摘句邊界。護老者情境配對屬編輯判斷，並非原作者的臨床建議。 說話者為作品人物Almustafa，並非作者訪談。","2026-09-21"
"HCQ0149","C09","今日還好，想打打氣","欣賞小事、肯定自己、保存安慰","珍惜日常微小的好；不把感恩或正面情緒變成必須完成的任務。","English","To judge you by your failures is to cast blame upon the seasons for their inconstancy.","To judge you by your failures is to cast blame upon the seasons for their inconstancy.","只憑失敗來評斷你，就像責怪季節為甚麼總在變換。","Kahlil Gibran","紀伯倫","Almustafa／阿爾穆斯塔法（作品人物）","The Prophet／《先知》","The Farewell","https://www.gutenberg.org/ebooks/58585","https://www.gutenberg.org/cache/epub/58585/pg58585.txt","1923","1931","Hong Kong","Public domain original — research assessment","原作者卒於1931年，已超過香港文學作品一般作者身後50年的保護期；只取歷史原文，不含現代譯文、編者註解或版面。","https://www.ip.gov.hk/en/types-of-ip/copyright/duration-of-copyright/index.html","https://www.gutenberg.org/ebooks/58585","英文保留來源摘句；繁體中文為2026-09-21獨立新譯，以香港讀者易讀的白話表達，未把護老者情境加進引文本身。","護老者; 文學陪伴; C09; 今日還好，想打打氣; 寓言散文詩; 靈性文學","原文已與source_text_url所列文本核對，忽略排版空白及標點差異；保留摘句邊界。護老者情境配對屬編輯判斷，並非原作者的臨床建議。 說話者為作品人物Almustafa，並非作者訪談。","2026-09-21"
"HCQ0158","C09","今日還好，想打打氣","欣賞小事、肯定自己、保存安慰","珍惜日常微小的好；不把感恩或正面情緒變成必須完成的任務。","English","I am larger, better than I thought, I did not know I held so much goodness.","I am larger, better than I thought, I did not know I held so much goodness.","我比自己想的更寬廣、更好；原來我心裏，藏着這麼多善意。","Walt Whitman","華特・惠特曼","詩中抒情者","Leaves of Grass／《草葉集》","Song of the Open Road, 5","https://www.gutenberg.org/ebooks/1322","https://www.gutenberg.org/cache/epub/1322/pg1322.txt","1855–1892（多次增訂）","1892","Hong Kong","Public domain original — research assessment","原作者卒於1892年，已超過香港文學作品一般作者身後50年的保護期；只取歷史原文，不含現代譯文、編者註解或版面。","https://www.ip.gov.hk/en/types-of-ip/copyright/duration-of-copyright/index.html","https://www.gutenberg.org/ebooks/1322","英文保留來源摘句；繁體中文為2026-09-21獨立新譯，以香港讀者易讀的白話表達，未把護老者情境加進引文本身。","護老者; 文學陪伴; C09; 今日還好，想打打氣; 文學／哲思","原文已與source_text_url所列文本核對，忽略排版空白及標點差異；保留摘句邊界。護老者情境配對屬編輯判斷，並非原作者的臨床建議。","2026-09-21"
"HCQ0168","C09","今日還好，想打打氣","欣賞小事、肯定自己、保存安慰","珍惜日常微小的好；不把感恩或正面情緒變成必須完成的任務。","English","You are also as strong as your strongest link.","You are also as strong as your strongest link.","你也擁有自己最堅強的那一環的力量。","Kahlil Gibran","紀伯倫","Almustafa／阿爾穆斯塔法（作品人物）","The Prophet／《先知》","The Farewell","https://www.gutenberg.org/ebooks/58585","https://www.gutenberg.org/cache/epub/58585/pg58585.txt","1923","1931","Hong Kong","Public domain original — research assessment","原作者卒於1931年，已超過香港文學作品一般作者身後50年的保護期；只取歷史原文，不含現代譯文、編者註解或版面。","https://www.ip.gov.hk/en/types-of-ip/copyright/duration-of-copyright/index.html","https://www.gutenberg.org/ebooks/58585","英文保留來源摘句；繁體中文為2026-09-21獨立新譯，以香港讀者易讀的白話表達，未把護老者情境加進引文本身。","護老者; 文學陪伴; C09; 今日還好，想打打氣; 寓言散文詩; 靈性文學","原文已與source_text_url所列文本核對，忽略排版空白及標點差異；保留摘句邊界。護老者情境配對屬編輯判斷，並非原作者的臨床建議。 說話者為作品人物Almustafa，並非作者訪談。","2026-09-21"
"HCQ0151","C09","今日還好，想打打氣","欣賞小事、肯定自己、保存安慰","珍惜日常微小的好；不把感恩或正面情緒變成必須完成的任務。","English","Let a man then know his worth, and keep things under his feet.","Let a man then know his worth, and keep things under his feet.","讓人明白自己的價值，別反被外物駕馭。","Ralph Waldo Emerson","拉爾夫・沃爾多・愛默生","拉爾夫・沃爾多・愛默生","Essays／《論文集》","Self-Reliance","https://www.gutenberg.org/ebooks/16643","https://www.gutenberg.org/cache/epub/16643/pg16643.txt","1841（所選文章）","1882","Hong Kong","Public domain original — research assessment","原作者卒於1882年，已超過香港文學作品一般作者身後50年的保護期；只取歷史原文，不含現代譯文、編者註解或版面。","https://www.ip.gov.hk/en/types-of-ip/copyright/duration-of-copyright/index.html","https://www.gutenberg.org/ebooks/16643","英文保留來源摘句；繁體中文為2026-09-21獨立新譯，以香港讀者易讀的白話表達，未把護老者情境加進引文本身。","護老者; 文學陪伴; C09; 今日還好，想打打氣; 文學／哲思","原文已與source_text_url所列文本核對，忽略排版空白及標點差異；保留摘句邊界。護老者情境配對屬編輯判斷，並非原作者的臨床建議。","2026-09-21"
"HCQ0003","C09","今日還好，想打打氣","欣賞小事、肯定自己、保存安慰","珍惜日常微小的好；不把感恩或正面情緒變成必須完成的任務。","English","the corner-stone of the temple is not higher than the lowest stone in its foundation.","the corner-stone of the temple is not higher than the lowest stone in its foundation.","殿堂的基石，並不比地基裏最低的一塊石頭更高貴。","Kahlil Gibran","紀伯倫","Almustafa／阿爾穆斯塔法（作品人物）","The Prophet／《先知》","On Crime and Punishment","https://www.gutenberg.org/ebooks/58585","https://www.gutenberg.org/cache/epub/58585/pg58585.txt","1923","1931","Hong Kong","Public domain original — research assessment","原作者卒於1931年，已超過香港文學作品一般作者身後50年的保護期；只取歷史原文，不含現代譯文、編者註解或版面。","https://www.ip.gov.hk/en/types-of-ip/copyright/duration-of-copyright/index.html","https://www.gutenberg.org/ebooks/58585","英文保留來源摘句；繁體中文為2026-09-21獨立新譯，以香港讀者易讀的白話表達，未把護老者情境加進引文本身。","護老者; 文學陪伴; C09; 今日還好，想打打氣; 寓言散文詩; 靈性文學","原文已與source_text_url所列文本核對，忽略排版空白及標點差異；保留摘句邊界。護老者情境配對屬編輯判斷，並非原作者的臨床建議。 說話者為作品人物Almustafa，並非作者訪談。","2026-09-21"
"HCQ0092","C09","今日還好，想打打氣","欣賞小事、肯定自己、保存安慰","珍惜日常微小的好；不把感恩或正面情緒變成必須完成的任務。","English","the wind speaks not more sweetly to the giant oaks than to the least of all the blades of grass;","the wind speaks not more sweetly to the giant oaks than to the least of all the blades of grass;","風對高大的橡樹說話，並不比對最細小的一片草葉更溫柔。","Kahlil Gibran","紀伯倫","Almustafa／阿爾穆斯塔法（作品人物）","The Prophet／《先知》","On Work","https://www.gutenberg.org/ebooks/58585","https://www.gutenberg.org/cache/epub/58585/pg58585.txt","1923","1931","Hong Kong","Public domain original — research assessment","原作者卒於1931年，已超過香港文學作品一般作者身後50年的保護期；只取歷史原文，不含現代譯文、編者註解或版面。","https://www.ip.gov.hk/en/types-of-ip/copyright/duration-of-copyright/index.html","https://www.gutenberg.org/ebooks/58585","英文保留來源摘句；繁體中文為2026-09-21獨立新譯，以香港讀者易讀的白話表達，未把護老者情境加進引文本身。","護老者; 文學陪伴; C09; 今日還好，想打打氣; 寓言散文詩; 靈性文學","原文已與source_text_url所列文本核對，忽略排版空白及標點差異；保留摘句邊界。護老者情境配對屬編輯判斷，並非原作者的臨床建議。 說話者為作品人物Almustafa，並非作者訪談。","2026-09-21"
"HCQ0097","C09","今日還好，想打打氣","欣賞小事、肯定自己、保存安慰","珍惜日常微小的好；不把感恩或正面情緒變成必須完成的任務。","English","How far that little candle throws his beams! So shines a good deed in a naughty world.","How far that little candle throws his beams! So shines a good deed in a naughty world.","那小小燭光照得多遠！一件善事，也能在紛亂的世界裏這樣發光。","William Shakespeare","威廉・莎士比亞","Portia（戲劇角色）","The Complete Works of William Shakespeare","The Merchant of Venice, 5.1; Portia","https://www.gutenberg.org/ebooks/100","https://www.gutenberg.org/cache/epub/100/pg100.txt","16至17世紀","1616","Hong Kong","Public domain original — research assessment","原作者卒於1616年，已超過香港文學作品一般作者身後50年的保護期；只取歷史原文，不含現代譯文、編者註解或版面。","https://www.ip.gov.hk/en/types-of-ip/copyright/duration-of-copyright/index.html","https://www.gutenberg.org/ebooks/100","英文保留來源摘句；繁體中文為2026-09-21獨立新譯，以香港讀者易讀的白話表達，未把護老者情境加進引文本身。","護老者; 文學陪伴; C09; 今日還好，想打打氣; 文學／哲思","原文已與source_text_url所列文本核對，忽略排版空白及標點差異；保留摘句邊界。護老者情境配對屬編輯判斷，並非原作者的臨床建議。","2026-09-21"
"HCQ0096","C09","今日還好，想打打氣","欣賞小事、肯定自己、保存安慰","珍惜日常微小的好；不把感恩或正面情緒變成必須完成的任務。","English","If I can stop one heart from breaking, I shall not live in vain;","If I can stop one heart from breaking, I shall not live in vain;","若我能讓一顆心免於破碎，這一生便沒有白過。","Emily Dickinson","艾蜜莉・狄金森","詩中抒情者","Poems by Emily Dickinson, Three Series","Series I — Life VI","https://www.gutenberg.org/ebooks/12242","https://www.gutenberg.org/cache/epub/12242/pg12242.txt","1890／1891／1896（早期編訂本）","1886","Hong Kong","Public domain original — research assessment","原作者卒於1886年，已超過香港文學作品一般作者身後50年的保護期；只取歷史原文，不含現代譯文、編者註解或版面。所用為19世紀已出版的早期編訂文本，不採1955或1998年現代校訂版本。","https://www.ip.gov.hk/en/types-of-ip/copyright/duration-of-copyright/index.html","https://www.gutenberg.org/ebooks/12242 ; https://www.emilydickinsonmuseum.org/roomitem/mabel-loomis-todd/","英文保留來源摘句；繁體中文為2026-09-21獨立新譯，以香港讀者易讀的白話表達，未把護老者情境加進引文本身。","護老者; 文學陪伴; C09; 今日還好，想打打氣; 文學／哲思","原文已與source_text_url所列文本核對，忽略排版空白及標點差異；保留摘句邊界。護老者情境配對屬編輯判斷，並非原作者的臨床建議。","2026-09-21"
"HCQ0110","C09","今日還好，想打打氣","欣賞小事、肯定自己、保存安慰","珍惜日常微小的好；不把感恩或正面情緒變成必須完成的任務。","English","That you are here--that life exists and identity, That the powerful play goes on, and you may contribute a verse.","That you are here--that life exists and identity, That the powerful play goes on, and you may contribute a verse.","你在這裏，生命與獨特的自己都在；這齣浩大的戲仍在上演，而你也可以寫下一行詩。","Walt Whitman","華特・惠特曼","詩中抒情者","Leaves of Grass／《草葉集》","O Me! O Life!","https://www.gutenberg.org/ebooks/1322","https://www.gutenberg.org/cache/epub/1322/pg1322.txt","1855–1892（多次增訂）","1892","Hong Kong","Public domain original — research assessment","原作者卒於1892年，已超過香港文學作品一般作者身後50年的保護期；只取歷史原文，不含現代譯文、編者註解或版面。","https://www.ip.gov.hk/en/types-of-ip/copyright/duration-of-copyright/index.html","https://www.gutenberg.org/ebooks/1322","英文保留來源摘句；繁體中文為2026-09-21獨立新譯，以香港讀者易讀的白話表達，未把護老者情境加進引文本身。","護老者; 文學陪伴; C09; 今日還好，想打打氣; 文學／哲思","原文已與source_text_url所列文本核對，忽略排版空白及標點差異；保留摘句邊界。護老者情境配對屬編輯判斷，並非原作者的臨床建議。","2026-09-21"
"HCQ0064","C09","今日還好，想打打氣","欣賞小事、肯定自己、保存安慰","珍惜日常微小的好；不把感恩或正面情緒變成必須完成的任務。","English","The soul unfolds itself, like a lotus of countless petals.","The soul unfolds itself, like a lotus of countless petals.","心靈像一朵有無數花瓣的蓮花，慢慢舒展。","Kahlil Gibran","紀伯倫","Almustafa／阿爾穆斯塔法（作品人物）","The Prophet／《先知》","On Self-Knowledge","https://www.gutenberg.org/ebooks/58585","https://www.gutenberg.org/cache/epub/58585/pg58585.txt","1923","1931","Hong Kong","Public domain original — research assessment","原作者卒於1931年，已超過香港文學作品一般作者身後50年的保護期；只取歷史原文，不含現代譯文、編者註解或版面。","https://www.ip.gov.hk/en/types-of-ip/copyright/duration-of-copyright/index.html","https://www.gutenberg.org/ebooks/58585","英文保留來源摘句；繁體中文為2026-09-21獨立新譯，以香港讀者易讀的白話表達，未把護老者情境加進引文本身。","護老者; 文學陪伴; C09; 今日還好，想打打氣; 寓言散文詩; 靈性文學","原文已與source_text_url所列文本核對，忽略排版空白及標點差異；保留摘句邊界。護老者情境配對屬編輯判斷，並非原作者的臨床建議。 說話者為作品人物Almustafa，並非作者訪談。","2026-09-21"
"HCQ0157","C09","今日還好，想打打氣","欣賞小事、肯定自己、保存安慰","珍惜日常微小的好；不把感恩或正面情緒變成必須完成的任務。","English","For self is a sea boundless and measureless.","For self is a sea boundless and measureless.","自我是一片沒有邊界、無法量盡的海。","Kahlil Gibran","紀伯倫","Almustafa／阿爾穆斯塔法（作品人物）","The Prophet／《先知》","On Self-Knowledge","https://www.gutenberg.org/ebooks/58585","https://www.gutenberg.org/cache/epub/58585/pg58585.txt","1923","1931","Hong Kong","Public domain original — research assessment","原作者卒於1931年，已超過香港文學作品一般作者身後50年的保護期；只取歷史原文，不含現代譯文、編者註解或版面。","https://www.ip.gov.hk/en/types-of-ip/copyright/duration-of-copyright/index.html","https://www.gutenberg.org/ebooks/58585","英文保留來源摘句；繁體中文為2026-09-21獨立新譯，以香港讀者易讀的白話表達，未把護老者情境加進引文本身。","護老者; 文學陪伴; C09; 今日還好，想打打氣; 寓言散文詩; 靈性文學","原文已與source_text_url所列文本核對，忽略排版空白及標點差異；保留摘句邊界。護老者情境配對屬編輯判斷，並非原作者的臨床建議。 說話者為作品人物Almustafa，並非作者訪談。","2026-09-21"
"HCQ0108","C10","講唔清，想有人陪吓","不被催促、容納混合感受、安靜相伴","容許暫時沒有答案或說不清；陪伴可以安靜，不急於分析或修正。","English","Do I contradict myself? Very well then I contradict myself, (I am large, I contain multitudes.)","Do I contradict myself? Very well then I contradict myself, (I am large, I contain multitudes.)","我自相矛盾嗎？那就讓我自相矛盾吧；我很寬廣，容得下許多不同的自己。","Walt Whitman","華特・惠特曼","詩中抒情者","Leaves of Grass／《草葉集》","Song of Myself, 51","https://www.gutenberg.org/ebooks/1322","https://www.gutenberg.org/cache/epub/1322/pg1322.txt","1855–1892（多次增訂）","1892","Hong Kong","Public domain original — research assessment","原作者卒於1892年，已超過香港文學作品一般作者身後50年的保護期；只取歷史原文，不含現代譯文、編者註解或版面。","https://www.ip.gov.hk/en/types-of-ip/copyright/duration-of-copyright/index.html","https://www.gutenberg.org/ebooks/1322","英文保留來源摘句；繁體中文為2026-09-21獨立新譯，以香港讀者易讀的白話表達，未把護老者情境加進引文本身。","護老者; 文學陪伴; C10; 講唔清，想有人陪吓; 文學／哲思","原文已與source_text_url所列文本核對，忽略排版空白及標點差異；保留摘句邊界。護老者情境配對屬編輯判斷，並非原作者的臨床建議。","2026-09-21"
"HCQ0143","C10","講唔清，想有人陪吓","不被催促、容納混合感受、安靜相伴","容許暫時沒有答案或說不清；陪伴可以安靜，不急於分析或修正。","English","And you would accept the seasons of your heart, even as you have always accepted the seasons that pass over your fields.","And you would accept the seasons of your heart, even as you have always accepted the seasons that pass over your fields.","接納心裏的四季，就像你一直容許田野走過不同季節。","Kahlil Gibran","紀伯倫","Almustafa／阿爾穆斯塔法（作品人物）","The Prophet／《先知》","On Pain","https://www.gutenberg.org/ebooks/58585","https://www.gutenberg.org/cache/epub/58585/pg58585.txt","1923","1931","Hong Kong","Public domain original — research assessment","原作者卒於1931年，已超過香港文學作品一般作者身後50年的保護期；只取歷史原文，不含現代譯文、編者註解或版面。","https://www.ip.gov.hk/en/types-of-ip/copyright/duration-of-copyright/index.html","https://www.gutenberg.org/ebooks/58585","英文保留來源摘句；繁體中文為2026-09-21獨立新譯，以香港讀者易讀的白話表達，未把護老者情境加進引文本身。","護老者; 文學陪伴; C10; 講唔清，想有人陪吓; 寓言散文詩; 靈性文學","原文已與source_text_url所列文本核對，忽略排版空白及標點差異；保留摘句邊界。護老者情境配對屬編輯判斷，並非原作者的臨床建議。 說話者為作品人物Almustafa，並非作者訪談。","2026-09-21"
"HCQ0126","C10","講唔清，想有人陪吓","不被催促、容納混合感受、安靜相伴","容許暫時沒有答案或說不清；陪伴可以安靜，不急於分析或修正。","English","Your hearts know in silence the secrets of the days and the nights.","Your hearts know in silence the secrets of the days and the nights.","在寂靜裏，你的心知道白晝與黑夜的秘密。","Kahlil Gibran","紀伯倫","Almustafa／阿爾穆斯塔法（作品人物）","The Prophet／《先知》","On Self-Knowledge","https://www.gutenberg.org/ebooks/58585","https://www.gutenberg.org/cache/epub/58585/pg58585.txt","1923","1931","Hong Kong","Public domain original — research assessment","原作者卒於1931年，已超過香港文學作品一般作者身後50年的保護期；只取歷史原文，不含現代譯文、編者註解或版面。","https://www.ip.gov.hk/en/types-of-ip/copyright/duration-of-copyright/index.html","https://www.gutenberg.org/ebooks/58585","英文保留來源摘句；繁體中文為2026-09-21獨立新譯，以香港讀者易讀的白話表達，未把護老者情境加進引文本身。","護老者; 文學陪伴; C10; 講唔清，想有人陪吓; 寓言散文詩; 靈性文學","原文已與source_text_url所列文本核對，忽略排版空白及標點差異；保留摘句邊界。護老者情境配對屬編輯判斷，並非原作者的臨床建議。 說話者為作品人物Almustafa，並非作者訪談。","2026-09-21"
"HCQ0127","C10","講唔清，想有人陪吓","不被催促、容納混合感受、安靜相伴","容許暫時沒有答案或說不清；陪伴可以安靜，不急於分析或修正。","English","A seeker of silences am I, and what treasure have I found in silences that I may dispense with confidence?","A seeker of silences am I, and what treasure have I found in silences that I may dispense with confidence?","我是一個尋找寂靜的人；在寂靜裏，我找到了甚麼珍寶，可以放心與人分享？","Kahlil Gibran","紀伯倫","Almustafa／阿爾穆斯塔法（作品人物）","The Prophet／《先知》","The Coming of the Ship","https://www.gutenberg.org/ebooks/58585","https://www.gutenberg.org/cache/epub/58585/pg58585.txt","1923","1931","Hong Kong","Public domain original — research assessment","原作者卒於1931年，已超過香港文學作品一般作者身後50年的保護期；只取歷史原文，不含現代譯文、編者註解或版面。","https://www.ip.gov.hk/en/types-of-ip/copyright/duration-of-copyright/index.html","https://www.gutenberg.org/ebooks/58585","英文保留來源摘句；繁體中文為2026-09-21獨立新譯，以香港讀者易讀的白話表達，未把護老者情境加進引文本身。","護老者; 文學陪伴; C10; 講唔清，想有人陪吓; 寓言散文詩; 靈性文學","原文已與source_text_url所列文本核對，忽略排版空白及標點差異；保留摘句邊界。護老者情境配對屬編輯判斷，並非原作者的臨床建議。 說話者為作品人物Almustafa，並非作者訪談。","2026-09-21"
"HCQ0124","C10","講唔清，想有人陪吓","不被催促、容納混合感受、安靜相伴","容許暫時沒有答案或說不清；陪伴可以安靜，不急於分析或修正。","English","For thought is a bird of space, that in a cage of words may indeed unfold its wings but cannot fly.","For thought is a bird of space, that in a cage of words may indeed unfold its wings but cannot fly.","思想是天空中的鳥；在文字的籠子裏，牠或許能展翅，卻不能飛翔。","Kahlil Gibran","紀伯倫","Almustafa／阿爾穆斯塔法（作品人物）","The Prophet／《先知》","On Talking","https://www.gutenberg.org/ebooks/58585","https://www.gutenberg.org/cache/epub/58585/pg58585.txt","1923","1931","Hong Kong","Public domain original — research assessment","原作者卒於1931年，已超過香港文學作品一般作者身後50年的保護期；只取歷史原文，不含現代譯文、編者註解或版面。","https://www.ip.gov.hk/en/types-of-ip/copyright/duration-of-copyright/index.html","https://www.gutenberg.org/ebooks/58585","英文保留來源摘句；繁體中文為2026-09-21獨立新譯，以香港讀者易讀的白話表達，未把護老者情境加進引文本身。","護老者; 文學陪伴; C10; 講唔清，想有人陪吓; 寓言散文詩; 靈性文學","原文已與source_text_url所列文本核對，忽略排版空白及標點差異；保留摘句邊界。護老者情境配對屬編輯判斷，並非原作者的臨床建議。 說話者為作品人物Almustafa，並非作者訪談。","2026-09-21"
"HCQ0100","C10","講唔清，想有人陪吓","不被催促、容納混合感受、安靜相伴","容許暫時沒有答案或說不清；陪伴可以安靜，不急於分析或修正。","English","And when he is silent your heart ceases not to listen to his heart;","And when he is silent your heart ceases not to listen to his heart;","即使他沉默，你的心也沒有停止聆聽他的心。","Kahlil Gibran","紀伯倫","Almustafa／阿爾穆斯塔法（作品人物）","The Prophet／《先知》","On Friendship","https://www.gutenberg.org/ebooks/58585","https://www.gutenberg.org/cache/epub/58585/pg58585.txt","1923","1931","Hong Kong","Public domain original — research assessment","原作者卒於1931年，已超過香港文學作品一般作者身後50年的保護期；只取歷史原文，不含現代譯文、編者註解或版面。","https://www.ip.gov.hk/en/types-of-ip/copyright/duration-of-copyright/index.html","https://www.gutenberg.org/ebooks/58585","英文保留來源摘句；繁體中文為2026-09-21獨立新譯，以香港讀者易讀的白話表達，未把護老者情境加進引文本身。","護老者; 文學陪伴; C10; 講唔清，想有人陪吓; 寓言散文詩; 靈性文學","原文已與source_text_url所列文本核對，忽略排版空白及標點差異；保留摘句邊界。護老者情境配對屬編輯判斷，並非原作者的臨床建議。 說話者為作品人物Almustafa，並非作者訪談。","2026-09-21"
"HCQ0147","C10","講唔清，想有人陪吓","不被催促、容納混合感受、安靜相伴","容許暫時沒有答案或說不清；陪伴可以安靜，不急於分析或修正。","English","Was it I who spoke? Was I not also a listener?","Was it I who spoke? Was I not also a listener?","剛才說話的是我嗎？我不也是一個聆聽的人嗎？","Kahlil Gibran","紀伯倫","Almustafa／阿爾穆斯塔法（作品人物）","The Prophet／《先知》","The Farewell","https://www.gutenberg.org/ebooks/58585","https://www.gutenberg.org/cache/epub/58585/pg58585.txt","1923","1931","Hong Kong","Public domain original — research assessment","原作者卒於1931年，已超過香港文學作品一般作者身後50年的保護期；只取歷史原文，不含現代譯文、編者註解或版面。","https://www.ip.gov.hk/en/types-of-ip/copyright/duration-of-copyright/index.html","https://www.gutenberg.org/ebooks/58585","英文保留來源摘句；繁體中文為2026-09-21獨立新譯，以香港讀者易讀的白話表達，未把護老者情境加進引文本身。","護老者; 文學陪伴; C10; 講唔清，想有人陪吓; 寓言散文詩; 靈性文學","原文已與source_text_url所列文本核對，忽略排版空白及標點差異；保留摘句邊界。護老者情境配對屬編輯判斷，並非原作者的臨床建議。 說話者為作品人物Almustafa，並非作者訪談。","2026-09-21"
"HCQ0137","C10","講唔清，想有人陪吓","不被催促、容納混合感受、安靜相伴","容許暫時沒有答案或說不清；陪伴可以安靜，不急於分析或修正。","English","A friend is a person with whom I may be sincere.","A friend is a person with whom I may be sincere.","朋友，是讓我能夠真誠相待的人。","Ralph Waldo Emerson","拉爾夫・沃爾多・愛默生","拉爾夫・沃爾多・愛默生","Essays／《論文集》","Friendship","https://www.gutenberg.org/ebooks/16643","https://www.gutenberg.org/cache/epub/16643/pg16643.txt","1841（所選文章）","1882","Hong Kong","Public domain original — research assessment","原作者卒於1882年，已超過香港文學作品一般作者身後50年的保護期；只取歷史原文，不含現代譯文、編者註解或版面。","https://www.ip.gov.hk/en/types-of-ip/copyright/duration-of-copyright/index.html","https://www.gutenberg.org/ebooks/16643","英文保留來源摘句；繁體中文為2026-09-21獨立新譯，以香港讀者易讀的白話表達，未把護老者情境加進引文本身。","護老者; 文學陪伴; C10; 講唔清，想有人陪吓; 文學／哲思","原文已與source_text_url所列文本核對，忽略排版空白及標點差異；保留摘句邊界。護老者情境配對屬編輯判斷，並非原作者的臨床建議。","2026-09-21"
"HCQ0056","C10","講唔清，想有人陪吓","不被催促、容納混合感受、安靜相伴","容許暫時沒有答案或說不清；陪伴可以安靜，不急於分析或修正。","English","Camerado, I give you my hand! I give you my love more precious than money,","Camerado, I give you my hand! I give you my love more precious than money,","朋友，我向你伸出手，也把比金錢更珍貴的愛送給你。","Walt Whitman","華特・惠特曼","詩中抒情者","Leaves of Grass／《草葉集》","Song of the Open Road, 15","https://www.gutenberg.org/ebooks/1322","https://www.gutenberg.org/cache/epub/1322/pg1322.txt","1855–1892（多次增訂）","1892","Hong Kong","Public domain original — research assessment","原作者卒於1892年，已超過香港文學作品一般作者身後50年的保護期；只取歷史原文，不含現代譯文、編者註解或版面。","https://www.ip.gov.hk/en/types-of-ip/copyright/duration-of-copyright/index.html","https://www.gutenberg.org/ebooks/1322","英文保留來源摘句；繁體中文為2026-09-21獨立新譯，以香港讀者易讀的白話表達，未把護老者情境加進引文本身。","護老者; 文學陪伴; C10; 講唔清，想有人陪吓; 文學／哲思","原文已與source_text_url所列文本核對，忽略排版空白及標點差異；保留摘句邊界。護老者情境配對屬編輯判斷，並非原作者的臨床建議。","2026-09-21"
"HCQ0063","C10","講唔清，想有人陪吓","不被催促、容納混合感受、安靜相伴","容許暫時沒有答案或說不清；陪伴可以安靜，不急於分析或修正。","English","No one is so accursed by fate, No one so utterly desolate, But some heart, though unknown, Responds unto his own.","No one is so accursed by fate, No one so utterly desolate, But some heart, though unknown, Responds unto his own.","沒有誰會被命運遺棄到全然孤絕；總有一顆心，縱使尚未相識，也能回應他的心。","Henry Wadsworth Longfellow","亨利・沃茲沃思・朗費羅","詩中抒情者","The Complete Poetical Works of Henry Wadsworth Longfellow","Endymion","https://www.gutenberg.org/ebooks/1365","https://www.gutenberg.org/cache/epub/1365/pg1365.txt","19世紀（各詩篇年份不同）","1882","Hong Kong","Public domain original — research assessment","原作者卒於1882年，已超過香港文學作品一般作者身後50年的保護期；只取歷史原文，不含現代譯文、編者註解或版面。","https://www.ip.gov.hk/en/types-of-ip/copyright/duration-of-copyright/index.html","https://www.gutenberg.org/ebooks/1365","英文保留來源摘句；繁體中文為2026-09-21獨立新譯，以香港讀者易讀的白話表達，未把護老者情境加進引文本身。","護老者; 文學陪伴; C10; 講唔清，想有人陪吓; 文學／哲思","原文已與source_text_url所列文本核對，忽略排版空白及標點差異；保留摘句邊界。護老者情境配對屬編輯判斷，並非原作者的臨床建議。 希望與安慰屬文學表達，不是對病情、關係或情緒恢復時間的保證。","2026-09-21"
"HCQ0030","C10","講唔清，想有人陪吓","不被催促、容納混合感受、安靜相伴","容許暫時沒有答案或說不清；陪伴可以安靜，不急於分析或修正。","English（公版英譯來源；古代經文原語非英語）","Rejoice with those who rejoice. Weep with those who weep.","Rejoice with those who rejoice. Weep with those who weep.","與歡喜的人一起歡喜，與哭泣的人一起哭泣。","Paul (traditional attribution)","保羅（傳統歸屬）","保羅（傳統歸屬）","The Holy Bible — Romans／《聖經·羅馬書》（World English Bible, engwebp）","Romans 12:15／羅馬書 12:15","https://ebible.org/engwebp/ROM12.htm#V15","https://ebible.org/engwebp/ROM12.htm#V15","古代經文；World English Bible 2020 stable text edition（engwebp；2026-09-21核對）","古代作者；現代英譯依出版方公版聲明，不以譯者死亡年限判斷","Hong Kong","Public domain dedication — publisher statement; Hong Kong use assessment","古代聖經文本；所用World English Bible英譯由出版方明確獻予公有領域，並允許複製、分發、出售及引用；不是依賴現代譯者死亡年限。繁體中文為本次由此英譯新譯，並非WEB官方中文版。","https://ebible.org/engwebp/copyright.htm","https://ebible.org/engwebp/copyright.htm","原文及英文欄為World English Bible英譯，並非古代原語；繁體中文為2026-09-21獨立新譯，非WEB官方中文版。","護老者; 文學陪伴; C10; 講唔清，想有人陪吓; 基督宗教; faith:christian","原文已與source_text_url所列文本核對，忽略排版空白及標點差異；保留摘句邊界。護老者情境配對屬編輯判斷，並非原作者的臨床建議。 宗教來源已標籤，宜依使用者意願顯示；不把信仰教導當成必須遵守的要求。","2026-09-21"
"HCQ0152","C10","講唔清，想有人陪吓","不被催促、容納混合感受、安靜相伴","容許暫時沒有答案或說不清；陪伴可以安靜，不急於分析或修正。","English（公版英譯來源；古代經文原語非英語）","a time to weep, and a time to laugh; a time to mourn, and a time to dance;","a time to weep, and a time to laugh; a time to mourn, and a time to dance;","有哭泣的時候，也有歡笑的時候；有哀傷的時候，也有起舞的時候。","Qoheleth; traditionally associated with Solomon","傳道者（傳統與所羅門相關）","傳道者（傳統與所羅門相關）","The Holy Bible — Ecclesiastes／《聖經·傳道書》（World English Bible, engwebp）","Ecclesiastes 3:4／傳道書 3:4","https://ebible.org/engwebp/ECC03.htm#V4","https://ebible.org/engwebp/ECC03.htm#V4","古代經文；World English Bible 2020 stable text edition（engwebp；2026-09-21核對）","古代作者；現代英譯依出版方公版聲明，不以譯者死亡年限判斷","Hong Kong","Public domain dedication — publisher statement; Hong Kong use assessment","古代聖經文本；所用World English Bible英譯由出版方明確獻予公有領域，並允許複製、分發、出售及引用；不是依賴現代譯者死亡年限。繁體中文為本次由此英譯新譯，並非WEB官方中文版。","https://ebible.org/engwebp/copyright.htm","https://ebible.org/engwebp/copyright.htm","原文及英文欄為World English Bible英譯，並非古代原語；繁體中文為2026-09-21獨立新譯，非WEB官方中文版。","護老者; 文學陪伴; C10; 講唔清，想有人陪吓; 基督宗教; faith:christian","原文已與source_text_url所列文本核對，忽略排版空白及標點差異；保留摘句邊界。護老者情境配對屬編輯判斷，並非原作者的臨床建議。 宗教來源已標籤，宜依使用者意願顯示；不把信仰教導當成必須遵守的要求。","2026-09-21"
"HCQ0125","C10","講唔清，想有人陪吓","不被催促、容納混合感受、安靜相伴","容許暫時沒有答案或說不清；陪伴可以安靜，不急於分析或修正。","English","We will be patient, and assuage the feeling We may not wholly stay; By silence sanctifying, not concealing, The grief that must have way.","We will be patient, and assuage the feeling We may not wholly stay; By silence sanctifying, not concealing, The grief that must have way.","我們會耐心安撫那些無法完全止住的感受；以沉默尊重悲傷，而非掩藏它，讓它有路可走。","Henry Wadsworth Longfellow","亨利・沃茲沃思・朗費羅","詩中抒情者","The Complete Poetical Works of Henry Wadsworth Longfellow","Resignation","https://www.gutenberg.org/ebooks/1365","https://www.gutenberg.org/cache/epub/1365/pg1365.txt","19世紀（各詩篇年份不同）","1882","Hong Kong","Public domain original — research assessment","原作者卒於1882年，已超過香港文學作品一般作者身後50年的保護期；只取歷史原文，不含現代譯文、編者註解或版面。","https://www.ip.gov.hk/en/types-of-ip/copyright/duration-of-copyright/index.html","https://www.gutenberg.org/ebooks/1365","英文保留來源摘句；繁體中文為2026-09-21獨立新譯，以香港讀者易讀的白話表達，未把護老者情境加進引文本身。","護老者; 文學陪伴; C10; 講唔清，想有人陪吓; 文學／哲思","原文已與source_text_url所列文本核對，忽略排版空白及標點差異；保留摘句邊界。護老者情境配對屬編輯判斷，並非原作者的臨床建議。","2026-09-21"
"HCQ0078","C10","講唔清，想有人陪吓","不被催促、容納混合感受、安靜相伴","容許暫時沒有答案或說不清；陪伴可以安靜，不急於分析或修正。","English","For every heart best knoweth its own loss.","For every heart best knoweth its own loss.","每一顆心，都最清楚自己失去了甚麼。","Henry Wadsworth Longfellow","亨利・沃茲沃思・朗費羅","詩中抒情者","The Complete Poetical Works of Henry Wadsworth Longfellow","Morituri Salutamus","https://www.gutenberg.org/ebooks/1365","https://www.gutenberg.org/cache/epub/1365/pg1365.txt","19世紀（各詩篇年份不同）","1882","Hong Kong","Public domain original — research assessment","原作者卒於1882年，已超過香港文學作品一般作者身後50年的保護期；只取歷史原文，不含現代譯文、編者註解或版面。","https://www.ip.gov.hk/en/types-of-ip/copyright/duration-of-copyright/index.html","https://www.gutenberg.org/ebooks/1365","英文保留來源摘句；繁體中文為2026-09-21獨立新譯，以香港讀者易讀的白話表達，未把護老者情境加進引文本身。","護老者; 文學陪伴; C10; 講唔清，想有人陪吓; 文學／哲思","原文已與source_text_url所列文本核對，忽略排版空白及標點差異；保留摘句邊界。護老者情境配對屬編輯判斷，並非原作者的臨床建議。","2026-09-21"
"HCQ0049","C10","講唔清，想有人陪吓","不被催促、容納混合感受、安靜相伴","容許暫時沒有答案或說不清；陪伴可以安靜，不急於分析或修正。","English","You are good when you are one with yourself. Yet when you are not one with yourself you are not evil.","You are good when you are one with yourself. Yet when you are not one with yourself you are not evil.","與自己和諧相處，是好的；暫時做不到，也不表示你不好。","Kahlil Gibran","紀伯倫","Almustafa／阿爾穆斯塔法（作品人物）","The Prophet／《先知》","On Good and Evil","https://www.gutenberg.org/ebooks/58585","https://www.gutenberg.org/cache/epub/58585/pg58585.txt","1923","1931","Hong Kong","Public domain original — research assessment","原作者卒於1931年，已超過香港文學作品一般作者身後50年的保護期；只取歷史原文，不含現代譯文、編者註解或版面。","https://www.ip.gov.hk/en/types-of-ip/copyright/duration-of-copyright/index.html","https://www.gutenberg.org/ebooks/58585","英文保留來源摘句；繁體中文為2026-09-21獨立新譯，以香港讀者易讀的白話表達，未把護老者情境加進引文本身。","護老者; 文學陪伴; C10; 講唔清，想有人陪吓; 寓言散文詩; 靈性文學","原文已與source_text_url所列文本核對，忽略排版空白及標點差異；保留摘句邊界。護老者情境配對屬編輯判斷，並非原作者的臨床建議。 說話者為作品人物Almustafa，並非作者訪談。","2026-09-21"
"HCQ0027","C10","講唔清，想有人陪吓","不被催促、容納混合感受、安靜相伴","容許暫時沒有答案或說不清；陪伴可以安靜，不急於分析或修正。","English","You are good when you walk to your goal firmly and with bold steps. Yet you are not evil when you go thither limping.","You are good when you walk to your goal firmly and with bold steps. Yet you are not evil when you go thither limping.","你堅定地走向目標，是好的；即使你一拐一拐地前行，也不代表你不好。","Kahlil Gibran","紀伯倫","Almustafa／阿爾穆斯塔法（作品人物）","The Prophet／《先知》","On Good and Evil","https://www.gutenberg.org/ebooks/58585","https://www.gutenberg.org/cache/epub/58585/pg58585.txt","1923","1931","Hong Kong","Public domain original — research assessment","原作者卒於1931年，已超過香港文學作品一般作者身後50年的保護期；只取歷史原文，不含現代譯文、編者註解或版面。","https://www.ip.gov.hk/en/types-of-ip/copyright/duration-of-copyright/index.html","https://www.gutenberg.org/ebooks/58585","英文保留來源摘句；繁體中文為2026-09-21獨立新譯，以香港讀者易讀的白話表達，未把護老者情境加進引文本身。","護老者; 文學陪伴; C10; 講唔清，想有人陪吓; 寓言散文詩; 靈性文學","原文已與source_text_url所列文本核對，忽略排版空白及標點差異；保留摘句邊界。護老者情境配對屬編輯判斷，並非原作者的臨床建議。 說話者為作品人物Almustafa，並非作者訪談。","2026-09-21"
"HCQ0084","C10","講唔清，想有人陪吓","不被催促、容納混合感受、安靜相伴","容許暫時沒有答案或說不清；陪伴可以安靜，不急於分析或修正。","English","But let not him who longs much say to him who longs little, “Wherefore are you slow and halting?”","But let not him who longs much say to him who longs little, “Wherefore are you slow and halting?”","走得急切的人，不要對走得慢的人說：「你怎麼這樣緩慢、踉蹌？」","Kahlil Gibran","紀伯倫","Almustafa／阿爾穆斯塔法（作品人物）","The Prophet／《先知》","On Good and Evil","https://www.gutenberg.org/ebooks/58585","https://www.gutenberg.org/cache/epub/58585/pg58585.txt","1923","1931","Hong Kong","Public domain original — research assessment","原作者卒於1931年，已超過香港文學作品一般作者身後50年的保護期；只取歷史原文，不含現代譯文、編者註解或版面。","https://www.ip.gov.hk/en/types-of-ip/copyright/duration-of-copyright/index.html","https://www.gutenberg.org/ebooks/58585","英文保留來源摘句；繁體中文為2026-09-21獨立新譯，以香港讀者易讀的白話表達，未把護老者情境加進引文本身。","護老者; 文學陪伴; C10; 講唔清，想有人陪吓; 寓言散文詩; 靈性文學","原文已與source_text_url所列文本核對，忽略排版空白及標點差異；保留摘句邊界。護老者情境配對屬編輯判斷，並非原作者的臨床建議。 說話者為作品人物Almustafa，並非作者訪談。","2026-09-21"
"HCQ0129","C10","講唔清，想有人陪吓","不被催促、容納混合感受、安靜相伴","容許暫時沒有答案或說不清；陪伴可以安靜，不急於分析或修正。","English","To measure you by your smallest deed is to reckon the power of ocean by the frailty of its foam.","To measure you by your smallest deed is to reckon the power of ocean by the frailty of its foam.","只憑你最微小的一次行動衡量你，就像用泡沫的脆弱，判斷大海的力量。","Kahlil Gibran","紀伯倫","Almustafa／阿爾穆斯塔法（作品人物）","The Prophet／《先知》","The Farewell","https://www.gutenberg.org/ebooks/58585","https://www.gutenberg.org/cache/epub/58585/pg58585.txt","1923","1931","Hong Kong","Public domain original — research assessment","原作者卒於1931年，已超過香港文學作品一般作者身後50年的保護期；只取歷史原文，不含現代譯文、編者註解或版面。","https://www.ip.gov.hk/en/types-of-ip/copyright/duration-of-copyright/index.html","https://www.gutenberg.org/ebooks/58585","英文保留來源摘句；繁體中文為2026-09-21獨立新譯，以香港讀者易讀的白話表達，未把護老者情境加進引文本身。","護老者; 文學陪伴; C10; 講唔清，想有人陪吓; 寓言散文詩; 靈性文學","原文已與source_text_url所列文本核對，忽略排版空白及標點差異；保留摘句邊界。護老者情境配對屬編輯判斷，並非原作者的臨床建議。 說話者為作品人物Almustafa，並非作者訪談。","2026-09-21"
"HCQ0149","C10","講唔清，想有人陪吓","不被催促、容納混合感受、安靜相伴","容許暫時沒有答案或說不清；陪伴可以安靜，不急於分析或修正。","English","To judge you by your failures is to cast blame upon the seasons for their inconstancy.","To judge you by your failures is to cast blame upon the seasons for their inconstancy.","只憑失敗來評斷你，就像責怪季節為甚麼總在變換。","Kahlil Gibran","紀伯倫","Almustafa／阿爾穆斯塔法（作品人物）","The Prophet／《先知》","The Farewell","https://www.gutenberg.org/ebooks/58585","https://www.gutenberg.org/cache/epub/58585/pg58585.txt","1923","1931","Hong Kong","Public domain original — research assessment","原作者卒於1931年，已超過香港文學作品一般作者身後50年的保護期；只取歷史原文，不含現代譯文、編者註解或版面。","https://www.ip.gov.hk/en/types-of-ip/copyright/duration-of-copyright/index.html","https://www.gutenberg.org/ebooks/58585","英文保留來源摘句；繁體中文為2026-09-21獨立新譯，以香港讀者易讀的白話表達，未把護老者情境加進引文本身。","護老者; 文學陪伴; C10; 講唔清，想有人陪吓; 寓言散文詩; 靈性文學","原文已與source_text_url所列文本核對，忽略排版空白及標點差異；保留摘句邊界。護老者情境配對屬編輯判斷，並非原作者的臨床建議。 說話者為作品人物Almustafa，並非作者訪談。","2026-09-21"
"HCQ0059","C10","講唔清，想有人陪吓","不被催促、容納混合感受、安靜相伴","容許暫時沒有答案或說不清；陪伴可以安靜，不急於分析或修正。","文言中文","大成若缺，其用不弊。","Great completeness seems imperfect, yet its usefulness does not fail.","最完整的成就，看來也可能有所欠缺，卻不妨礙它發揮作用。","Laozi (traditional attribution)","老子（傳統歸屬）","老子（傳統歸屬）","《道德經》","第45章","https://ctext.org/dao-de-jing","https://ctext.org/dao-de-jing","先秦古籍","古代；生卒年未確定","Hong Kong","Public domain original — research assessment","先秦／漢代傳世古籍原文，歷史作者及文本年代已遠超一般版權期限；只取古文，不含網站現代譯注或版面。","https://www.ip.gov.hk/en/types-of-ip/copyright/duration-of-copyright/index.html","https://ctext.org/dao-de-jing","古文保留來源文字；繁體中文白話及英文均為2026-09-21獨立新譯。","護老者; 文學陪伴; C10; 講唔清，想有人陪吓; 中國古典哲學","原文已與source_text_url所列文本核對，忽略排版空白及標點差異；保留摘句邊界。護老者情境配對屬編輯判斷，並非原作者的臨床建議。","2026-09-21"
"HCQ0048","C10","講唔清，想有人陪吓","不被催促、容納混合感受、安靜相伴","容許暫時沒有答案或說不清；陪伴可以安靜，不急於分析或修正。","English","If a man does not keep pace with his companions, perhaps it is because he hears a different drummer. Let him step to the music which he hears, however measured or far away.","If a man does not keep pace with his companions, perhaps it is because he hears a different drummer. Let him step to the music which he hears, however measured or far away.","有人跟不上同伴，也許只是聽見了不同的鼓聲。讓他按自己聽見的節奏走吧，不管那節奏多慢、多遠。","Henry David Thoreau","亨利・大衛・梭羅","亨利・大衛・梭羅","Walden／《湖濱散記》","Walden — Conclusion","https://www.gutenberg.org/ebooks/205","https://www.gutenberg.org/cache/epub/205/pg205.txt","1854","1862","Hong Kong","Public domain original — research assessment","原作者卒於1862年，已超過香港文學作品一般作者身後50年的保護期；只取歷史原文，不含現代譯文、編者註解或版面。","https://www.ip.gov.hk/en/types-of-ip/copyright/duration-of-copyright/index.html","https://www.gutenberg.org/ebooks/205","英文保留來源摘句；繁體中文為2026-09-21獨立新譯，以香港讀者易讀的白話表達，未把護老者情境加進引文本身。","護老者; 文學陪伴; C10; 講唔清，想有人陪吓; 文學／哲思","原文已與source_text_url所列文本核對，忽略排版空白及標點差異；保留摘句邊界。護老者情境配對屬編輯判斷，並非原作者的臨床建議。","2026-09-21"
"HCQ0093","C10","講唔清，想有人陪吓","不被催促、容納混合感受、安靜相伴","容許暫時沒有答案或說不清；陪伴可以安靜，不急於分析或修正。","English","It is not important that he should mature as soon as an apple-tree or an oak. Shall he turn his spring into summer?","It is not important that he should mature as soon as an apple-tree or an oak. Shall he turn his spring into summer?","他不必像蘋果樹或橡樹一樣快地成熟。難道要把自己的春天，急着變成夏天？","Henry David Thoreau","亨利・大衛・梭羅","亨利・大衛・梭羅","Walden／《湖濱散記》","Walden — Conclusion","https://www.gutenberg.org/ebooks/205","https://www.gutenberg.org/cache/epub/205/pg205.txt","1854","1862","Hong Kong","Public domain original — research assessment","原作者卒於1862年，已超過香港文學作品一般作者身後50年的保護期；只取歷史原文，不含現代譯文、編者註解或版面。","https://www.ip.gov.hk/en/types-of-ip/copyright/duration-of-copyright/index.html","https://www.gutenberg.org/ebooks/205","英文保留來源摘句；繁體中文為2026-09-21獨立新譯，以香港讀者易讀的白話表達，未把護老者情境加進引文本身。","護老者; 文學陪伴; C10; 講唔清，想有人陪吓; 文學／哲思","原文已與source_text_url所列文本核對，忽略排版空白及標點差異；保留摘句邊界。護老者情境配對屬編輯判斷，並非原作者的臨床建議。","2026-09-21"
"HCQ0171","C10","講唔清，想有人陪吓","不被催促、容納混合感受、安靜相伴","容許暫時沒有答案或說不清；陪伴可以安靜，不急於分析或修正。","English","And though heavy-grounded ships await the tide upon your shores, yet, even like an ocean, you cannot hasten your tides.","And though heavy-grounded ships await the tide upon your shores, yet, even like an ocean, you cannot hasten your tides.","即使沉重的船在岸邊等候潮水，你也和大海一樣，無法催促自己的潮汐。","Kahlil Gibran","紀伯倫","Almustafa／阿爾穆斯塔法（作品人物）","The Prophet／《先知》","The Farewell","https://www.gutenberg.org/ebooks/58585","https://www.gutenberg.org/cache/epub/58585/pg58585.txt","1923","1931","Hong Kong","Public domain original — research assessment","原作者卒於1931年，已超過香港文學作品一般作者身後50年的保護期；只取歷史原文，不含現代譯文、編者註解或版面。","https://www.ip.gov.hk/en/types-of-ip/copyright/duration-of-copyright/index.html","https://www.gutenberg.org/ebooks/58585","英文保留來源摘句；繁體中文為2026-09-21獨立新譯，以香港讀者易讀的白話表達，未把護老者情境加進引文本身。","護老者; 文學陪伴; C10; 講唔清，想有人陪吓; 寓言散文詩; 靈性文學","原文已與source_text_url所列文本核對，忽略排版空白及標點差異；保留摘句邊界。護老者情境配對屬編輯判斷，並非原作者的臨床建議。 說話者為作品人物Almustafa，並非作者訪談。","2026-09-21"
"HCQ0117","C10","講唔清，想有人陪吓","不被催促、容納混合感受、安靜相伴","容許暫時沒有答案或說不清；陪伴可以安靜，不急於分析或修正。","English","And like seeds dreaming beneath the snow your heart dreams of spring.","And like seeds dreaming beneath the snow your heart dreams of spring.","像白雪下做着夢的種子，你的心也在夢着春天。","Kahlil Gibran","紀伯倫","Almustafa／阿爾穆斯塔法（作品人物）","The Prophet／《先知》","On Death","https://www.gutenberg.org/ebooks/58585","https://www.gutenberg.org/cache/epub/58585/pg58585.txt","1923","1931","Hong Kong","Public domain original — research assessment","原作者卒於1931年，已超過香港文學作品一般作者身後50年的保護期；只取歷史原文，不含現代譯文、編者註解或版面。","https://www.ip.gov.hk/en/types-of-ip/copyright/duration-of-copyright/index.html","https://www.gutenberg.org/ebooks/58585","英文保留來源摘句；繁體中文為2026-09-21獨立新譯，以香港讀者易讀的白話表達，未把護老者情境加進引文本身。","護老者; 文學陪伴; C10; 講唔清，想有人陪吓; 寓言散文詩; 靈性文學","原文已與source_text_url所列文本核對，忽略排版空白及標點差異；保留摘句邊界。護老者情境配對屬編輯判斷，並非原作者的臨床建議。 說話者為作品人物Almustafa，並非作者訪談。 希望與安慰屬文學表達，不是對病情、關係或情緒恢復時間的保證。","2026-09-21"
"HCQ0172","C10","講唔清，想有人陪吓","不被催促、容納混合感受、安靜相伴","容許暫時沒有答案或說不清；陪伴可以安靜，不急於分析或修正。","English","And though in your winter you deny your spring, Yet spring, reposing within you, smiles in her drowsiness and is not offended.","And though in your winter you deny your spring, Yet spring, reposing within you, smiles in her drowsiness and is not offended.","即使在冬天，你不相信春天仍在，心裏休息着的春天，依然帶着睡意微笑，並不怪你。","Kahlil Gibran","紀伯倫","Almustafa／阿爾穆斯塔法（作品人物）","The Prophet／《先知》","The Farewell","https://www.gutenberg.org/ebooks/58585","https://www.gutenberg.org/cache/epub/58585/pg58585.txt","1923","1931","Hong Kong","Public domain original — research assessment","原作者卒於1931年，已超過香港文學作品一般作者身後50年的保護期；只取歷史原文，不含現代譯文、編者註解或版面。","https://www.ip.gov.hk/en/types-of-ip/copyright/duration-of-copyright/index.html","https://www.gutenberg.org/ebooks/58585","英文保留來源摘句；繁體中文為2026-09-21獨立新譯，以香港讀者易讀的白話表達，未把護老者情境加進引文本身。","護老者; 文學陪伴; C10; 講唔清，想有人陪吓; 寓言散文詩; 靈性文學","原文已與source_text_url所列文本核對，忽略排版空白及標點差異；保留摘句邊界。護老者情境配對屬編輯判斷，並非原作者的臨床建議。 說話者為作品人物Almustafa，並非作者訪談。 希望與安慰屬文學表達，不是對病情、關係或情緒恢復時間的保證。","2026-09-21"
"HCQ0064","C10","講唔清，想有人陪吓","不被催促、容納混合感受、安靜相伴","容許暫時沒有答案或說不清；陪伴可以安靜，不急於分析或修正。","English","The soul unfolds itself, like a lotus of countless petals.","The soul unfolds itself, like a lotus of countless petals.","心靈像一朵有無數花瓣的蓮花，慢慢舒展。","Kahlil Gibran","紀伯倫","Almustafa／阿爾穆斯塔法（作品人物）","The Prophet／《先知》","On Self-Knowledge","https://www.gutenberg.org/ebooks/58585","https://www.gutenberg.org/cache/epub/58585/pg58585.txt","1923","1931","Hong Kong","Public domain original — research assessment","原作者卒於1931年，已超過香港文學作品一般作者身後50年的保護期；只取歷史原文，不含現代譯文、編者註解或版面。","https://www.ip.gov.hk/en/types-of-ip/copyright/duration-of-copyright/index.html","https://www.gutenberg.org/ebooks/58585","英文保留來源摘句；繁體中文為2026-09-21獨立新譯，以香港讀者易讀的白話表達，未把護老者情境加進引文本身。","護老者; 文學陪伴; C10; 講唔清，想有人陪吓; 寓言散文詩; 靈性文學","原文已與source_text_url所列文本核對，忽略排版空白及標點差異；保留摘句邊界。護老者情境配對屬編輯判斷，並非原作者的臨床建議。 說話者為作品人物Almustafa，並非作者訪談。","2026-09-21"
"HCQ0157","C10","講唔清，想有人陪吓","不被催促、容納混合感受、安靜相伴","容許暫時沒有答案或說不清；陪伴可以安靜，不急於分析或修正。","English","For self is a sea boundless and measureless.","For self is a sea boundless and measureless.","自我是一片沒有邊界、無法量盡的海。","Kahlil Gibran","紀伯倫","Almustafa／阿爾穆斯塔法（作品人物）","The Prophet／《先知》","On Self-Knowledge","https://www.gutenberg.org/ebooks/58585","https://www.gutenberg.org/cache/epub/58585/pg58585.txt","1923","1931","Hong Kong","Public domain original — research assessment","原作者卒於1931年，已超過香港文學作品一般作者身後50年的保護期；只取歷史原文，不含現代譯文、編者註解或版面。","https://www.ip.gov.hk/en/types-of-ip/copyright/duration-of-copyright/index.html","https://www.gutenberg.org/ebooks/58585","英文保留來源摘句；繁體中文為2026-09-21獨立新譯，以香港讀者易讀的白話表達，未把護老者情境加進引文本身。","護老者; 文學陪伴; C10; 講唔清，想有人陪吓; 寓言散文詩; 靈性文學","原文已與source_text_url所列文本核對，忽略排版空白及標點差異；保留摘句邊界。護老者情境配對屬編輯判斷，並非原作者的臨床建議。 說話者為作品人物Almustafa，並非作者訪談。","2026-09-21"
"HCQ0007","C10","講唔清，想有人陪吓","不被催促、容納混合感受、安靜相伴","容許暫時沒有答案或說不清；陪伴可以安靜，不急於分析或修正。","English","Say not, “I have found the truth,” but rather, “I have found a truth.”","Say not, “I have found the truth,” but rather, “I have found a truth.”","別說「我找到了真理」，不妨說「我找到了一份真實」。","Kahlil Gibran","紀伯倫","Almustafa／阿爾穆斯塔法（作品人物）","The Prophet／《先知》","On Self-Knowledge","https://www.gutenberg.org/ebooks/58585","https://www.gutenberg.org/cache/epub/58585/pg58585.txt","1923","1931","Hong Kong","Public domain original — research assessment","原作者卒於1931年，已超過香港文學作品一般作者身後50年的保護期；只取歷史原文，不含現代譯文、編者註解或版面。","https://www.ip.gov.hk/en/types-of-ip/copyright/duration-of-copyright/index.html","https://www.gutenberg.org/ebooks/58585","英文保留來源摘句；繁體中文為2026-09-21獨立新譯，以香港讀者易讀的白話表達，未把護老者情境加進引文本身。","護老者; 文學陪伴; C10; 講唔清，想有人陪吓; 寓言散文詩; 靈性文學","原文已與source_text_url所列文本核對，忽略排版空白及標點差異；保留摘句邊界。護老者情境配對屬編輯判斷，並非原作者的臨床建議。 說話者為作品人物Almustafa，並非作者訪談。","2026-09-21"
"HCQ0018","C10","講唔清，想有人陪吓","不被催促、容納混合感受、安靜相伴","容許暫時沒有答案或說不清；陪伴可以安靜，不急於分析或修正。","English","Life, and all that lives, is conceived in the mist and not in the crystal.","Life, and all that lives, is conceived in the mist and not in the crystal.","生命，以及一切有生命的事物，都是在迷霧中孕育，並非從一開始便清晰如水晶。","Kahlil Gibran","紀伯倫","Almustafa／阿爾穆斯塔法（作品人物）","The Prophet／《先知》","The Farewell","https://www.gutenberg.org/ebooks/58585","https://www.gutenberg.org/cache/epub/58585/pg58585.txt","1923","1931","Hong Kong","Public domain original — research assessment","原作者卒於1931年，已超過香港文學作品一般作者身後50年的保護期；只取歷史原文，不含現代譯文、編者註解或版面。","https://www.ip.gov.hk/en/types-of-ip/copyright/duration-of-copyright/index.html","https://www.gutenberg.org/ebooks/58585","英文保留來源摘句；繁體中文為2026-09-21獨立新譯，以香港讀者易讀的白話表達，未把護老者情境加進引文本身。","護老者; 文學陪伴; C10; 講唔清，想有人陪吓; 寓言散文詩; 靈性文學","原文已與source_text_url所列文本核對，忽略排版空白及標點差異；保留摘句邊界。護老者情境配對屬編輯判斷，並非原作者的臨床建議。 說話者為作品人物Almustafa，並非作者訪談。","2026-09-21"
"HCQ0101","C10","講唔清，想有人陪吓","不被催促、容納混合感受、安靜相伴","容許暫時沒有答案或說不清；陪伴可以安靜，不急於分析或修正。","English","Vague and nebulous is the beginning of all things, but not their end,","Vague and nebulous is the beginning of all things, but not their end,","萬事的開始，可以模糊不清；但那並不是它們的終點。","Kahlil Gibran","紀伯倫","Almustafa／阿爾穆斯塔法（作品人物）","The Prophet／《先知》","The Farewell","https://www.gutenberg.org/ebooks/58585","https://www.gutenberg.org/cache/epub/58585/pg58585.txt","1923","1931","Hong Kong","Public domain original — research assessment","原作者卒於1931年，已超過香港文學作品一般作者身後50年的保護期；只取歷史原文，不含現代譯文、編者註解或版面。","https://www.ip.gov.hk/en/types-of-ip/copyright/duration-of-copyright/index.html","https://www.gutenberg.org/ebooks/58585","英文保留來源摘句；繁體中文為2026-09-21獨立新譯，以香港讀者易讀的白話表達，未把護老者情境加進引文本身。","護老者; 文學陪伴; C10; 講唔清，想有人陪吓; 寓言散文詩; 靈性文學","原文已與source_text_url所列文本核對，忽略排版空白及標點差異；保留摘句邊界。護老者情境配對屬編輯判斷，並非原作者的臨床建議。 說話者為作品人物Almustafa，並非作者訪談。","2026-09-21"
"HCQ0005","C10","講唔清，想有人陪吓","不被催促、容納混合感受、安靜相伴","容許暫時沒有答案或說不清；陪伴可以安靜，不急於分析或修正。","English","And knows that yesterday is but today’s memory and tomorrow is today’s dream.","And knows that yesterday is but today’s memory and tomorrow is today’s dream.","昨天只是今天的回憶，明天則是今天的夢。","Kahlil Gibran","紀伯倫","Almustafa／阿爾穆斯塔法（作品人物）","The Prophet／《先知》","On Time","https://www.gutenberg.org/ebooks/58585","https://www.gutenberg.org/cache/epub/58585/pg58585.txt","1923","1931","Hong Kong","Public domain original — research assessment","原作者卒於1931年，已超過香港文學作品一般作者身後50年的保護期；只取歷史原文，不含現代譯文、編者註解或版面。","https://www.ip.gov.hk/en/types-of-ip/copyright/duration-of-copyright/index.html","https://www.gutenberg.org/ebooks/58585","英文保留來源摘句；繁體中文為2026-09-21獨立新譯，以香港讀者易讀的白話表達，未把護老者情境加進引文本身。","護老者; 文學陪伴; C10; 講唔清，想有人陪吓; 寓言散文詩; 靈性文學","原文已與source_text_url所列文本核對，忽略排版空白及標點差異；保留摘句邊界。護老者情境配對屬編輯判斷，並非原作者的臨床建議。 說話者為作品人物Almustafa，並非作者訪談。","2026-09-21"
"HCQ0130","C10","講唔清，想有人陪吓","不被催促、容納混合感受、安靜相伴","容許暫時沒有答案或說不清；陪伴可以安靜，不急於分析或修正。","English","And let today embrace the past with remembrance and the future with longing.","And let today embrace the past with remembrance and the future with longing.","讓今天以回憶擁抱過去，以盼望擁抱未來。","Kahlil Gibran","紀伯倫","Almustafa／阿爾穆斯塔法（作品人物）","The Prophet／《先知》","On Time","https://www.gutenberg.org/ebooks/58585","https://www.gutenberg.org/cache/epub/58585/pg58585.txt","1923","1931","Hong Kong","Public domain original — research assessment","原作者卒於1931年，已超過香港文學作品一般作者身後50年的保護期；只取歷史原文，不含現代譯文、編者註解或版面。","https://www.ip.gov.hk/en/types-of-ip/copyright/duration-of-copyright/index.html","https://www.gutenberg.org/ebooks/58585","英文保留來源摘句；繁體中文為2026-09-21獨立新譯，以香港讀者易讀的白話表達，未把護老者情境加進引文本身。","護老者; 文學陪伴; C10; 講唔清，想有人陪吓; 寓言散文詩; 靈性文學","原文已與source_text_url所列文本核對，忽略排版空白及標點差異；保留摘句邊界。護老者情境配對屬編輯判斷，並非原作者的臨床建議。 說話者為作品人物Almustafa，並非作者訪談。","2026-09-21"
"HCQ0072","C10","講唔清，想有人陪吓","不被催促、容納混合感受、安靜相伴","容許暫時沒有答案或說不清；陪伴可以安靜，不急於分析或修正。","English","I love a broad margin to my life.","I love a broad margin to my life.","我喜歡在生活裏，留下一片寬闊的空白。","Henry David Thoreau","亨利・大衛・梭羅","亨利・大衛・梭羅","Walden／《湖濱散記》","Walden — Sounds","https://www.gutenberg.org/ebooks/205","https://www.gutenberg.org/cache/epub/205/pg205.txt","1854","1862","Hong Kong","Public domain original — research assessment","原作者卒於1862年，已超過香港文學作品一般作者身後50年的保護期；只取歷史原文，不含現代譯文、編者註解或版面。","https://www.ip.gov.hk/en/types-of-ip/copyright/duration-of-copyright/index.html","https://www.gutenberg.org/ebooks/205","英文保留來源摘句；繁體中文為2026-09-21獨立新譯，以香港讀者易讀的白話表達，未把護老者情境加進引文本身。","護老者; 文學陪伴; C10; 講唔清，想有人陪吓; 文學／哲思","原文已與source_text_url所列文本核對，忽略排版空白及標點差異；保留摘句邊界。護老者情境配對屬編輯判斷，並非原作者的臨床建議。","2026-09-21"
"HCQ0141","C10","講唔清，想有人陪吓","不被催促、容納混合感受、安靜相伴","容許暫時沒有答案或說不清；陪伴可以安靜，不急於分析或修正。","English（公版英譯來源；古代經文原語非英語）","Come away into a deserted place, and rest awhile.","Come away into a deserted place, and rest awhile.","到一個安靜無人的地方，休息一會吧。","Mark (traditional attribution)","馬可（傳統歸屬）","耶穌（福音書所記）","The Holy Bible — Mark／《聖經·馬可福音》（World English Bible, engwebp）","Mark 6:31／馬可福音 6:31（節錄）","https://ebible.org/engwebp/MRK06.htm#V31","https://ebible.org/engwebp/MRK06.htm#V31","古代經文；World English Bible 2020 stable text edition（engwebp；2026-09-21核對）","古代作者；現代英譯依出版方公版聲明，不以譯者死亡年限判斷","Hong Kong","Public domain dedication — publisher statement; Hong Kong use assessment","古代聖經文本；所用World English Bible英譯由出版方明確獻予公有領域，並允許複製、分發、出售及引用；不是依賴現代譯者死亡年限。繁體中文為本次由此英譯新譯，並非WEB官方中文版。","https://ebible.org/engwebp/copyright.htm","https://ebible.org/engwebp/copyright.htm","原文及英文欄為World English Bible英譯，並非古代原語；繁體中文為2026-09-21獨立新譯，非WEB官方中文版。","護老者; 文學陪伴; C10; 講唔清，想有人陪吓; 基督宗教; faith:christian","原文已與source_text_url所列文本核對，忽略排版空白及標點差異；保留摘句邊界。護老者情境配對屬編輯判斷，並非原作者的臨床建議。 宗教來源已標籤，宜依使用者意願顯示；不把信仰教導當成必須遵守的要求。","2026-09-21"
"HCQ0082","C10","講唔清，想有人陪吓","不被催促、容納混合感受、安靜相伴","容許暫時沒有答案或說不清；陪伴可以安靜，不急於分析或修正。","English","Sit a while dear son, Here are biscuits to eat and here is milk to drink,","Sit a while dear son, Here are biscuits to eat and here is milk to drink,","親愛的孩子，坐一會吧。這裏有餅乾可以吃，也有牛奶可以喝。","Walt Whitman","華特・惠特曼","詩中抒情者","Leaves of Grass／《草葉集》","Song of Myself, 46","https://www.gutenberg.org/ebooks/1322","https://www.gutenberg.org/cache/epub/1322/pg1322.txt","1855–1892（多次增訂）","1892","Hong Kong","Public domain original — research assessment","原作者卒於1892年，已超過香港文學作品一般作者身後50年的保護期；只取歷史原文，不含現代譯文、編者註解或版面。","https://www.ip.gov.hk/en/types-of-ip/copyright/duration-of-copyright/index.html","https://www.gutenberg.org/ebooks/1322","英文保留來源摘句；繁體中文為2026-09-21獨立新譯，以香港讀者易讀的白話表達，未把護老者情境加進引文本身。","護老者; 文學陪伴; C10; 講唔清，想有人陪吓; 文學／哲思","原文已與source_text_url所列文本核對，忽略排版空白及標點差異；保留摘句邊界。護老者情境配對屬編輯判斷，並非原作者的臨床建議。","2026-09-21"
"HCQ0075","C10","講唔清，想有人陪吓","不被催促、容納混合感受、安靜相伴","容許暫時沒有答案或說不清；陪伴可以安靜，不急於分析或修正。","English","Come, read to me some poem, Some simple and heartfelt lay, That shall soothe this restless feeling, And banish the thoughts of day.","Come, read to me some poem, Some simple and heartfelt lay, That shall soothe this restless feeling, And banish the thoughts of day.","來，為我讀一首詩吧，一首簡單而真摯的歌，安撫這份不安，讓白天的思緒歇下。","Henry Wadsworth Longfellow","亨利・沃茲沃思・朗費羅","詩中抒情者","The Complete Poetical Works of Henry Wadsworth Longfellow","The Day Is Done","https://www.gutenberg.org/ebooks/1365","https://www.gutenberg.org/cache/epub/1365/pg1365.txt","19世紀（各詩篇年份不同）","1882","Hong Kong","Public domain original — research assessment","原作者卒於1882年，已超過香港文學作品一般作者身後50年的保護期；只取歷史原文，不含現代譯文、編者註解或版面。","https://www.ip.gov.hk/en/types-of-ip/copyright/duration-of-copyright/index.html","https://www.gutenberg.org/ebooks/1365","英文保留來源摘句；繁體中文為2026-09-21獨立新譯，以香港讀者易讀的白話表達，未把護老者情境加進引文本身。","護老者; 文學陪伴; C10; 講唔清，想有人陪吓; 文學／哲思","原文已與source_text_url所列文本核對，忽略排版空白及標點差異；保留摘句邊界。護老者情境配對屬編輯判斷，並非原作者的臨床建議。","2026-09-21"
"HCQ0028","C10","講唔清，想有人陪吓","不被催促、容納混合感受、安靜相伴","容許暫時沒有答案或說不清；陪伴可以安靜，不急於分析或修正。","English","And the night shall be filled with music And the cares, that infest the day, Shall fold their tents, like the Arabs, And as silently steal away.","And the night shall be filled with music And the cares, that infest the day, Shall fold their tents, like the Arabs, And as silently steal away.","夜裏將充滿音樂；白天纏繞的煩憂，會像阿拉伯旅人收起帳篷那樣，悄悄離去。","Henry Wadsworth Longfellow","亨利・沃茲沃思・朗費羅","詩中抒情者","The Complete Poetical Works of Henry Wadsworth Longfellow","The Day Is Done","https://www.gutenberg.org/ebooks/1365","https://www.gutenberg.org/cache/epub/1365/pg1365.txt","19世紀（各詩篇年份不同）","1882","Hong Kong","Public domain original — research assessment","原作者卒於1882年，已超過香港文學作品一般作者身後50年的保護期；只取歷史原文，不含現代譯文、編者註解或版面。","https://www.ip.gov.hk/en/types-of-ip/copyright/duration-of-copyright/index.html","https://www.gutenberg.org/ebooks/1365","英文保留來源摘句；繁體中文為2026-09-21獨立新譯，以香港讀者易讀的白話表達，未把護老者情境加進引文本身。","護老者; 文學陪伴; C10; 講唔清，想有人陪吓; 文學／哲思","原文已與source_text_url所列文本核對，忽略排版空白及標點差異；保留摘句邊界。護老者情境配對屬編輯判斷，並非原作者的臨床建議。 原詩使用阿拉伯旅人收起帳篷的比喻。","2026-09-21"
"HCQ0035","C10","講唔清，想有人陪吓","不被催促、容納混合感受、安靜相伴","容許暫時沒有答案或說不清；陪伴可以安靜，不急於分析或修正。","English","And forget not that the earth delights to feel your bare feet and the winds long to play with your hair.","And forget not that the earth delights to feel your bare feet and the winds long to play with your hair.","別忘了，大地喜歡感受你的赤腳，風也渴望輕拂你的頭髮。","Kahlil Gibran","紀伯倫","Almustafa／阿爾穆斯塔法（作品人物）","The Prophet／《先知》","On Clothes","https://www.gutenberg.org/ebooks/58585","https://www.gutenberg.org/cache/epub/58585/pg58585.txt","1923","1931","Hong Kong","Public domain original — research assessment","原作者卒於1931年，已超過香港文學作品一般作者身後50年的保護期；只取歷史原文，不含現代譯文、編者註解或版面。","https://www.ip.gov.hk/en/types-of-ip/copyright/duration-of-copyright/index.html","https://www.gutenberg.org/ebooks/58585","英文保留來源摘句；繁體中文為2026-09-21獨立新譯，以香港讀者易讀的白話表達，未把護老者情境加進引文本身。","護老者; 文學陪伴; C10; 講唔清，想有人陪吓; 寓言散文詩; 靈性文學","原文已與source_text_url所列文本核對，忽略排版空白及標點差異；保留摘句邊界。護老者情境配對屬編輯判斷，並非原作者的臨床建議。 說話者為作品人物Almustafa，並非作者訪談。","2026-09-21"
"HCQ0069","C10","講唔清，想有人陪吓","不被催促、容納混合感受、安靜相伴","容許暫時沒有答案或說不清；陪伴可以安靜，不急於分析或修正。","English","We need the tonic of wildness,","We need the tonic of wildness,","我們需要大自然的野趣，為身心添一點活力。","Henry David Thoreau","亨利・大衛・梭羅","亨利・大衛・梭羅","Walden／《湖濱散記》","Walden — Spring","https://www.gutenberg.org/ebooks/205","https://www.gutenberg.org/cache/epub/205/pg205.txt","1854","1862","Hong Kong","Public domain original — research assessment","原作者卒於1862年，已超過香港文學作品一般作者身後50年的保護期；只取歷史原文，不含現代譯文、編者註解或版面。","https://www.ip.gov.hk/en/types-of-ip/copyright/duration-of-copyright/index.html","https://www.gutenberg.org/ebooks/205","英文保留來源摘句；繁體中文為2026-09-21獨立新譯，以香港讀者易讀的白話表達，未把護老者情境加進引文本身。","護老者; 文學陪伴; C10; 講唔清，想有人陪吓; 文學／哲思","原文已與source_text_url所列文本核對，忽略排版空白及標點差異；保留摘句邊界。護老者情境配對屬編輯判斷，並非原作者的臨床建議。","2026-09-21"
"HCQ0061","C10","講唔清，想有人陪吓","不被催促、容納混合感受、安靜相伴","容許暫時沒有答案或說不清；陪伴可以安靜，不急於分析或修正。","English","For in the dew of little things the heart finds its morning and is refreshed.","For in the dew of little things the heart finds its morning and is refreshed.","在小事的露珠裏，心找到了自己的清晨，重新得到滋養。","Kahlil Gibran","紀伯倫","Almustafa／阿爾穆斯塔法（作品人物）","The Prophet／《先知》","On Friendship","https://www.gutenberg.org/ebooks/58585","https://www.gutenberg.org/cache/epub/58585/pg58585.txt","1923","1931","Hong Kong","Public domain original — research assessment","原作者卒於1931年，已超過香港文學作品一般作者身後50年的保護期；只取歷史原文，不含現代譯文、編者註解或版面。","https://www.ip.gov.hk/en/types-of-ip/copyright/duration-of-copyright/index.html","https://www.gutenberg.org/ebooks/58585","英文保留來源摘句；繁體中文為2026-09-21獨立新譯，以香港讀者易讀的白話表達，未把護老者情境加進引文本身。","護老者; 文學陪伴; C10; 講唔清，想有人陪吓; 寓言散文詩; 靈性文學","原文已與source_text_url所列文本核對，忽略排版空白及標點差異；保留摘句邊界。護老者情境配對屬編輯判斷，並非原作者的臨床建議。 說話者為作品人物Almustafa，並非作者訪談。","2026-09-21"
"HCQ0148","C10","講唔清，想有人陪吓","不被催促、容納混合感受、安靜相伴","容許暫時沒有答案或說不清；陪伴可以安靜，不急於分析或修正。","English","There is simply the rose; it is perfect in every moment of its existence.","There is simply the rose; it is perfect in every moment of its existence.","眼前就是一朵玫瑰；在它存在的每一刻，都自有它的完整。","Ralph Waldo Emerson","拉爾夫・沃爾多・愛默生","拉爾夫・沃爾多・愛默生","Essays／《論文集》","Self-Reliance","https://www.gutenberg.org/ebooks/16643","https://www.gutenberg.org/cache/epub/16643/pg16643.txt","1841（所選文章）","1882","Hong Kong","Public domain original — research assessment","原作者卒於1882年，已超過香港文學作品一般作者身後50年的保護期；只取歷史原文，不含現代譯文、編者註解或版面。","https://www.ip.gov.hk/en/types-of-ip/copyright/duration-of-copyright/index.html","https://www.gutenberg.org/ebooks/16643","英文保留來源摘句；繁體中文為2026-09-21獨立新譯，以香港讀者易讀的白話表達，未把護老者情境加進引文本身。","護老者; 文學陪伴; C10; 講唔清，想有人陪吓; 文學／哲思","原文已與source_text_url所列文本核對，忽略排版空白及標點差異；保留摘句邊界。護老者情境配對屬編輯判斷，並非原作者的臨床建議。","2026-09-21"
"HCQ0042","C10","講唔清，想有人陪吓","不被催促、容納混合感受、安靜相伴","容許暫時沒有答案或說不清；陪伴可以安靜，不急於分析或修正。","文言中文","致虛極，守靜篤。","Reach the fullest openness within, and hold firmly to stillness.","讓心騰出空間，好好守住那份安靜。","Laozi (traditional attribution)","老子（傳統歸屬）","老子（傳統歸屬）","《道德經》","第16章","https://ctext.org/dao-de-jing","https://ctext.org/dao-de-jing","先秦古籍","古代；生卒年未確定","Hong Kong","Public domain original — research assessment","先秦／漢代傳世古籍原文，歷史作者及文本年代已遠超一般版權期限；只取古文，不含網站現代譯注或版面。","https://www.ip.gov.hk/en/types-of-ip/copyright/duration-of-copyright/index.html","https://ctext.org/dao-de-jing","古文保留來源文字；繁體中文白話及英文均為2026-09-21獨立新譯。","護老者; 文學陪伴; C10; 講唔清，想有人陪吓; 中國古典哲學","原文已與source_text_url所列文本核對，忽略排版空白及標點差異；保留摘句邊界。護老者情境配對屬編輯判斷，並非原作者的臨床建議。","2026-09-21"
"HCQ0023","C10","講唔清，想有人陪吓","不被催促、容納混合感受、安靜相伴","容許暫時沒有答案或說不清；陪伴可以安靜，不急於分析或修正。","文言中文","孰能濁以靜之徐清？孰能安以久動之徐生？","Who can let muddied water gradually clear through stillness? Who can let what rests gradually come alive through sustained movement?","誰能讓混濁的水安靜下來，慢慢變清？誰能讓靜止的事物，隨着持續的活動慢慢生長？","Laozi (traditional attribution)","老子（傳統歸屬）","老子（傳統歸屬）","《道德經》","第15章","https://ctext.org/dao-de-jing","https://ctext.org/dao-de-jing","先秦古籍","古代；生卒年未確定","Hong Kong","Public domain original — research assessment","先秦／漢代傳世古籍原文，歷史作者及文本年代已遠超一般版權期限；只取古文，不含網站現代譯注或版面。","https://www.ip.gov.hk/en/types-of-ip/copyright/duration-of-copyright/index.html","https://ctext.org/dao-de-jing","古文保留來源文字；繁體中文白話及英文均為2026-09-21獨立新譯。","護老者; 文學陪伴; C10; 講唔清，想有人陪吓; 中國古典哲學","原文已與source_text_url所列文本核對，忽略排版空白及標點差異；保留摘句邊界。護老者情境配對屬編輯判斷，並非原作者的臨床建議。","2026-09-21"
"HCQ0034","C10","講唔清，想有人陪吓","不被催促、容納混合感受、安靜相伴","容許暫時沒有答案或說不清；陪伴可以安靜，不急於分析或修正。","文言中文","知止而后有定，定而后能靜，靜而后能安，安而后能慮，慮而后能得。","Knowing where to rest brings steadiness; steadiness allows quiet, quiet allows ease, ease allows reflection, and reflection brings understanding.","知道安頓的方向，心才有定；有定才能靜，靜才能安，安才能思量，思量後才有所領悟。","Anonymous; traditional attribution to Zengzi and his school","作者未確定（傳統歸於曾子及其學派）","《大學》文本（作者未確定）","《禮記·大學》","《禮記·大學》首段","https://ctext.org/liji/da-xue","https://ctext.org/liji/da-xue","先秦至漢代傳世文本","古代","Hong Kong","Public domain original — research assessment","先秦／漢代傳世古籍原文，歷史作者及文本年代已遠超一般版權期限；只取古文，不含網站現代譯注或版面。","https://www.ip.gov.hk/en/types-of-ip/copyright/duration-of-copyright/index.html","https://ctext.org/liji/da-xue","古文保留來源文字；繁體中文白話及英文均為2026-09-21獨立新譯。","護老者; 文學陪伴; C10; 講唔清，想有人陪吓; 中國古典哲學","原文已與source_text_url所列文本核對，忽略排版空白及標點差異；保留摘句邊界。護老者情境配對屬編輯判斷，並非原作者的臨床建議。","2026-09-21"
"HCQ0001","C10","講唔清，想有人陪吓","不被催促、容納混合感受、安靜相伴","容許暫時沒有答案或說不清；陪伴可以安靜，不急於分析或修正。","English","Have you peace, the quiet urge that reveals your power?","Have you peace, the quiet urge that reveals your power?","你心中有平靜嗎？那份安靜的推動力，會讓你的力量顯現。","Kahlil Gibran","紀伯倫","Almustafa／阿爾穆斯塔法（作品人物）","The Prophet／《先知》","On Houses","https://www.gutenberg.org/ebooks/58585","https://www.gutenberg.org/cache/epub/58585/pg58585.txt","1923","1931","Hong Kong","Public domain original — research assessment","原作者卒於1931年，已超過香港文學作品一般作者身後50年的保護期；只取歷史原文，不含現代譯文、編者註解或版面。","https://www.ip.gov.hk/en/types-of-ip/copyright/duration-of-copyright/index.html","https://www.gutenberg.org/ebooks/58585","英文保留來源摘句；繁體中文為2026-09-21獨立新譯，以香港讀者易讀的白話表達，未把護老者情境加進引文本身。","護老者; 文學陪伴; C10; 講唔清，想有人陪吓; 寓言散文詩; 靈性文學","原文已與source_text_url所列文本核對，忽略排版空白及標點差異；保留摘句邊界。護老者情境配對屬編輯判斷，並非原作者的臨床建議。 說話者為作品人物Almustafa，並非作者訪談。","2026-09-21"
"HCQ0068","C10","講唔清，想有人陪吓","不被催促、容納混合感受、安靜相伴","容許暫時沒有答案或說不清；陪伴可以安靜，不急於分析或修正。","English","But let there be spaces in your togetherness, And let the winds of the heavens dance between you.","But let there be spaces in your togetherness, And let the winds of the heavens dance between you.","即使相伴，也為彼此留些空間，讓風能在你們之間起舞。","Kahlil Gibran","紀伯倫","Almustafa／阿爾穆斯塔法（作品人物）","The Prophet／《先知》","On Marriage","https://www.gutenberg.org/ebooks/58585","https://www.gutenberg.org/cache/epub/58585/pg58585.txt","1923","1931","Hong Kong","Public domain original — research assessment","原作者卒於1931年，已超過香港文學作品一般作者身後50年的保護期；只取歷史原文，不含現代譯文、編者註解或版面。","https://www.ip.gov.hk/en/types-of-ip/copyright/duration-of-copyright/index.html","https://www.gutenberg.org/ebooks/58585","英文保留來源摘句；繁體中文為2026-09-21獨立新譯，以香港讀者易讀的白話表達，未把護老者情境加進引文本身。","護老者; 文學陪伴; C10; 講唔清，想有人陪吓; 寓言散文詩; 靈性文學","原文已與source_text_url所列文本核對，忽略排版空白及標點差異；保留摘句邊界。護老者情境配對屬編輯判斷，並非原作者的臨床建議。 說話者為作品人物Almustafa，並非作者訪談。 原作談友誼、婚姻或親子等人際關係；此處借作界線與尊重的思考。","2026-09-21"
"HCQ0031","C10","講唔清，想有人陪吓","不被催促、容納混合感受、安靜相伴","容許暫時沒有答案或說不清；陪伴可以安靜，不急於分析或修正。","English","And stand together yet not too near together: For the pillars of the temple stand apart, And the oak tree and the cypress grow not in each other’s shadow.","And stand together yet not too near together: For the pillars of the temple stand apart, And the oak tree and the cypress grow not in each other’s shadow.","站在一起，也留一點距離：殿堂的柱子各自站立，橡樹與柏樹也不在彼此的陰影裏生長。","Kahlil Gibran","紀伯倫","Almustafa／阿爾穆斯塔法（作品人物）","The Prophet／《先知》","On Marriage","https://www.gutenberg.org/ebooks/58585","https://www.gutenberg.org/cache/epub/58585/pg58585.txt","1923","1931","Hong Kong","Public domain original — research assessment","原作者卒於1931年，已超過香港文學作品一般作者身後50年的保護期；只取歷史原文，不含現代譯文、編者註解或版面。","https://www.ip.gov.hk/en/types-of-ip/copyright/duration-of-copyright/index.html","https://www.gutenberg.org/ebooks/58585","英文保留來源摘句；繁體中文為2026-09-21獨立新譯，以香港讀者易讀的白話表達，未把護老者情境加進引文本身。","護老者; 文學陪伴; C10; 講唔清，想有人陪吓; 寓言散文詩; 靈性文學","原文已與source_text_url所列文本核對，忽略排版空白及標點差異；保留摘句邊界。護老者情境配對屬編輯判斷，並非原作者的臨床建議。 說話者為作品人物Almustafa，並非作者訪談。 原作談友誼、婚姻或親子等人際關係；此處借作界線與尊重的思考。","2026-09-21"
"HCQ0021","C10","講唔清，想有人陪吓","不被催促、容納混合感受、安靜相伴","容許暫時沒有答案或說不清；陪伴可以安靜，不急於分析或修正。","English","For to the fruit giving is a need, as receiving is a need to the root.","For to the fruit giving is a need, as receiving is a need to the root.","果實需要給予，正如樹根需要接收。","Kahlil Gibran","紀伯倫","Almustafa／阿爾穆斯塔法（作品人物）","The Prophet／《先知》","On Good and Evil","https://www.gutenberg.org/ebooks/58585","https://www.gutenberg.org/cache/epub/58585/pg58585.txt","1923","1931","Hong Kong","Public domain original — research assessment","原作者卒於1931年，已超過香港文學作品一般作者身後50年的保護期；只取歷史原文，不含現代譯文、編者註解或版面。","https://www.ip.gov.hk/en/types-of-ip/copyright/duration-of-copyright/index.html","https://www.gutenberg.org/ebooks/58585","英文保留來源摘句；繁體中文為2026-09-21獨立新譯，以香港讀者易讀的白話表達，未把護老者情境加進引文本身。","護老者; 文學陪伴; C10; 講唔清，想有人陪吓; 寓言散文詩; 靈性文學","原文已與source_text_url所列文本核對，忽略排版空白及標點差異；保留摘句邊界。護老者情境配對屬編輯判斷，並非原作者的臨床建議。 說話者為作品人物Almustafa，並非作者訪談。","2026-09-21"
"HCQ0074","C10","講唔清，想有人陪吓","不被催促、容納混合感受、安靜相伴","容許暫時沒有答案或說不清；陪伴可以安靜，不急於分析或修正。","English","And what desert greater shall there be, than that which lies in the courage and the confidence, nay the charity, of receiving?","And what desert greater shall there be, than that which lies in the courage and the confidence, nay the charity, of receiving?","還有甚麼比願意接受時的勇氣、信任，甚至善意，更值得被珍惜？","Kahlil Gibran","紀伯倫","Almustafa／阿爾穆斯塔法（作品人物）","The Prophet／《先知》","On Giving","https://www.gutenberg.org/ebooks/58585","https://www.gutenberg.org/cache/epub/58585/pg58585.txt","1923","1931","Hong Kong","Public domain original — research assessment","原作者卒於1931年，已超過香港文學作品一般作者身後50年的保護期；只取歷史原文，不含現代譯文、編者註解或版面。","https://www.ip.gov.hk/en/types-of-ip/copyright/duration-of-copyright/index.html","https://www.gutenberg.org/ebooks/58585","英文保留來源摘句；繁體中文為2026-09-21獨立新譯，以香港讀者易讀的白話表達，未把護老者情境加進引文本身。","護老者; 文學陪伴; C10; 講唔清，想有人陪吓; 寓言散文詩; 靈性文學","原文已與source_text_url所列文本核對，忽略排版空白及標點差異；保留摘句邊界。護老者情境配對屬編輯判斷，並非原作者的臨床建議。 說話者為作品人物Almustafa，並非作者訪談。","2026-09-21"
"HCQ0159","C10","講唔清，想有人陪吓","不被催促、容納混合感受、安靜相伴","容許暫時沒有答案或說不清；陪伴可以安靜，不急於分析或修正。","English","If you tire, give me both burdens, and rest the chuff of your hand on my hip, And in due time you shall repay the same service to me,","If you tire, give me both burdens, and rest the chuff of your hand on my hip, And in due time you shall repay the same service to me,","你若累了，就把兩份行李都交給我，將手掌靠在我的腰旁歇一歇；到了合適的時候，你也可以這樣幫助我。","Walt Whitman","華特・惠特曼","詩中抒情者","Leaves of Grass／《草葉集》","Song of Myself, 46","https://www.gutenberg.org/ebooks/1322","https://www.gutenberg.org/cache/epub/1322/pg1322.txt","1855–1892（多次增訂）","1892","Hong Kong","Public domain original — research assessment","原作者卒於1892年，已超過香港文學作品一般作者身後50年的保護期；只取歷史原文，不含現代譯文、編者註解或版面。","https://www.ip.gov.hk/en/types-of-ip/copyright/duration-of-copyright/index.html","https://www.gutenberg.org/ebooks/1322","英文保留來源摘句；繁體中文為2026-09-21獨立新譯，以香港讀者易讀的白話表達，未把護老者情境加進引文本身。","護老者; 文學陪伴; C10; 講唔清，想有人陪吓; 文學／哲思","原文已與source_text_url所列文本核對，忽略排版空白及標點差異；保留摘句邊界。護老者情境配對屬編輯判斷，並非原作者的臨床建議。 互助的文學描寫；求助不以日後有能力回報為前提。","2026-09-21"
